Index,Dataset,Name,True_Label,Predicted_Probability,Predicted_Class_th0.90,SMILES
0,Positive,5-fluoro-adb-metabolite-2,1,0.998691,1,COC(=O)[C@@H](NC(=O)c1nn(CCCCCO)c2ccccc12)C(C)(C)C
1,Positive,jwh-200-5-hydroxyindole-metabolite,1,0.996194,1,O=C(c1cccc2ccccc12)c1cn(CCN2CCOCC2)c2ccc(O)cc12
2,Positive,jwh-200-4-hydroxyindole-metabolite,1,0.99819,1,O=C(c1cccc2ccccc12)c1cn(CCN2CCOCC2)c2cccc(O)c12
3,Positive,jwh-200-7-hydroxyindole-metabolite,1,0.996101,1,O=C(c1cccc2ccccc12)c1cn(CCN2CCOCC2)c2cc(O)ccc12
4,Positive,jwh-200-6-hydroxyindole-metabolite,1,0.997711,1,O=C(c1cccc2ccccc12)c1cn(CCN2CCOCC2)c2cc(O)ccc12
5,Positive,jwh-180,1,0.998699,1,CCCc1ccc(C(=O)c2cn(CCC)c3ccccc23)c2ccccc12
6,Positive,5-fluoro-adb-metabolite-7,1,0.998673,1,CC(C)(C)[C@H](NC(=O)c1nn(CCCCCF)c2ccccc12)C(=O)O
7,Positive,jwh-184,1,0.998719,1,CCCCCn1cc(Cc2ccc(C)c3ccccc23)c2ccccc21
8,Positive,jwh-031,1,0.998734,1,CCCCCCn1ccc(C(=O)c2cccc3ccccc23)c1
9,Positive,jwh-309,1,0.998692,1,CCCCCn1cc(C(=O)c2cccc3ccccc23)cc1-c1cccc2ccccc12
10,Positive,jwh-016,1,0.998705,1,CCCCn1c(C)c(C(=O)c2cccc3ccccc23)c2ccccc21
11,Positive,jwh-398,1,0.998713,1,CCCCCn1cc(C(=O)c2ccc(Cl)c3ccccc23)c2ccccc21
12,Positive,jwh-424,1,0.998698,1,CCCCCn1cc(C(=O)c2cccc3cccc(Br)c23)c2ccccc21
13,Positive,jwh-072,1,0.998719,1,CCCn1cc(C(=O)c2cccc3ccccc23)c2ccccc21
14,Positive,jwh-210,1,0.998678,1,CCCCCn1cc(C(=O)c2ccc(CC)c3ccccc23)c2ccccc21
15,Positive,jwh-122,1,0.99871,1,CCCCCn1cc(C(=O)c2ccc(C)c3ccccc23)c2ccccc21
16,Positive,jwh-145,1,0.998679,1,CCCCCn1cc(C(=O)c2cccc3ccccc23)cc1-c1ccccc1
17,Positive,jwh-398,1,0.998672,1,CCCCCn1cc(C(=O)c2ccc(Cl)c3ccccc23)c2ccccc21
18,Positive,pravadoline,1,0.995457,1,COc1ccc(C(=O)c2c(C)n(CCN3CCOCC3)c3ccccc23)cc1
19,Positive,jwh-007,1,0.998697,1,CCCCCn1c(C)c(C(=O)c2cccc3ccccc23)c2ccccc21
20,Positive,jwh-201,1,0.994325,1,CCCCCn1cc(C(=O)Cc2ccc(OC)cc2)c2ccccc21
21,Positive,jwh-251,1,0.998323,1,CCCCCn1cc(C(=O)Cc2ccccc2C)c2ccccc21
22,Positive,jwh-019,1,0.998662,1,CCCCCCn1cc(C(=O)c2cccc3ccccc23)c2ccccc21
23,Positive,jwh-200,1,0.994672,1,O=C(c1cccc2ccccc12)c1cn(CCN2CCOCC2)c2ccccc12
24,Positive,jwh-249,1,0.998637,1,CCCCCn1cc(C(=O)Cc2ccccc2Br)c2ccccc21
25,Positive,jwh-018-adamantyl-carboxamide,1,0.998539,1,CCCCCn1cc(C(=O)NC23C[C@H]4C[C@@H](C2)C[C@@H](C3)C4)c2ccccc21
26,Positive,cannabipiperidiethanone,1,0.243778,0,COc1ccccc1CC(=O)c1cn(CC2CCCCN2C)c2ccccc12
27,Positive,jwh-213,1,0.998696,1,CCCCCn1c(C)c(C(=O)c2ccc(CC)c3ccccc23)c2ccccc21
28,Positive,jwh-018-adamantyl-analog,1,0.998595,1,CCCCCn1cc(C(=O)C23CC4CC(CC(C4)C2)C3)c2ccccc21
29,Positive,jwh-368,1,0.998648,1,CCCCCn1cc(C(=O)c2cccc3ccccc23)cc1-c1cccc(F)c1
30,Positive,jwh-307,1,0.998639,1,CCCCCn1cc(C(=O)c2cccc3ccccc23)cc1-c1ccccc1F
31,Positive,jwh-147,1,0.998673,1,CCCCCCn1cc(C(=O)c2cccc3ccccc23)cc1-c1ccccc1
32,Positive,jwh-018,1,0.998666,1,CCCCCn1cc(C(=O)c2cccc3ccccc23)c2ccccc21
33,Positive,jwh-073,1,0.998714,1,CCCCn1cc(C(=O)c2cccc3ccccc23)c2ccccc21
34,Positive,jwh-071,1,0.998761,1,CCn1cc(C(=O)c2cccc3ccccc23)c2ccccc21
35,Positive,jwh-167,1,0.998644,1,CCCCCn1cc(C(=O)Cc2ccccc2)c2ccccc21
36,Positive,jwh-116,1,0.998674,1,CCCCCn1c(CC)c(C(=O)c2cccc3ccccc23)c2ccccc21
37,Positive,jwh-198,1,0.99306,1,COc1ccc(C(=O)c2cn(CCN3CCOCC3)c3ccccc23)c2ccccc12
38,Positive,jwh-193,1,0.996663,1,Cc1ccc(C(=O)c2cn(CCN3CCOCC3)c3ccccc23)c2ccccc12
39,Positive,jwh-250,1,0.99856,1,CCCCCn1cc(C(=O)Cc2ccccc2OC)c2ccccc21
40,Positive,jwh-203,1,0.998663,1,CCCCCn1cc(C(=O)Cc2ccccc2Cl)c2ccccc21
41,Positive,jwh-412,1,0.998655,1,CCCCCn1cc(C(=O)c2ccc(F)c3ccccc23)c2ccccc21
42,Positive,jwh-080,1,0.998711,1,CCCCn1cc(C(=O)c2ccc(OC)c3ccccc23)c2ccccc21
43,Positive,jwh-176,1,0.998669,1,CCCCCC1=C/C(=C\c2cccc3ccccc23)c2ccccc21
44,Positive,jwh-387,1,0.998657,1,CCCCCn1cc(C(=O)c2ccc(Br)c3ccccc23)c2ccccc21
45,Positive,jwh-149,1,0.998675,1,CCCCCn1c(C)c(C(=O)c2ccc(C)c3ccccc23)c2ccccc21
46,Positive,jwh-146,1,0.998688,1,CCCCCCCn1cc(C(=O)c2cccc3ccccc23)cc1-c1ccccc1
47,Positive,jwh-018-benzimidazole-analog,1,0.998695,1,CCCCCn1c(C(=O)c2cccc3ccccc23)nc2ccccc21
48,Positive,jwh-133,1,0.998737,1,CCCC(C)(C)c1ccc2c(c1)OC(C)(C)[C@@H]1CC=C(C)C[C@@H]21
49,Positive,jwh-200-analog-1,1,0.998426,1,C/C(=C\C(=O)c1cn(CCN2CCOCC2)c2ccccc12)C(C)(C)C
50,Positive,f2201,1,0.998661,1,O=C(c1ccc(F)c2ccccc12)c1cn(CCCCCF)c2ccccc12
51,Positive,jwh-022,1,0.998728,1,C=CCCCn1cc(C(=O)c2cccc3ccccc23)c2ccccc21
52,Positive,jwh-181,1,0.998658,1,CCCCCn1c(C)c(C(=O)c2ccc(CCC)c3ccccc23)c2ccccc21
53,Positive,jwh-081,1,0.9987,1,CCCCCn1cc(C(=O)c2ccc(OC)c3ccccc23)c2ccccc21
54,Positive,jwh-015,1,0.998733,1,CCCn1c(C)c(C(=O)c2cccc3ccccc23)c2ccccc21
55,Positive,jwh-302,1,0.995475,1,CCCCCn1cc(C(=O)Cc2cccc(OC)c2)c2ccccc21
56,Positive,jwh-182,1,0.99869,1,CCCCCn1cc(C(=O)c2ccc(CCC)c3ccccc23)c2ccccc21
57,Positive,jwh-020,1,0.998685,1,CCCCCCCn1cc(C(=O)c2cccc3ccccc23)c2ccccc21
58,Positive,jwh-098,1,0.998707,1,CCCCCn1c(C)c(C(=O)c2ccc(OC)c3ccccc23)c2ccccc21
59,Positive,jwh-370,1,0.998695,1,CCCCCn1cc(C(=O)c2cccc3ccccc23)cc1-c1ccccc1C
60,Positive,jwh-073,1,0.998721,1,CCCCn1cc(C(=O)c2cccc3ccccc23)c2ccccc21
61,Positive,jwh-175,1,0.998741,1,CCCCCn1cc(Cc2cccc3ccccc23)c2ccccc21
62,Positive,jwh-030,1,0.998713,1,CCCCCn1ccc(C(=O)c2cccc3ccccc23)c1
63,Positive,jwh-369,1,0.998663,1,CCCCCn1cc(C(=O)c2cccc3ccccc23)cc1-c1ccccc1Cl
64,Positive,jwh-201,1,0.996146,1,CCCCCn1cc(C(=O)Cc2ccc(OC)cc2)c2ccccc21
65,Positive,jwh-302,1,0.996733,1,CCCCCn1cc(C(=O)Cc2cccc(OC)c2)c2ccccc21
66,Positive,MAM2201 N-(4-fluoropentyl) isomer,1,0.928292,1,
67,Positive,MAM2201 N-(2-fluoropentyl) isomer,1,0.930847,1,
68,Positive,AM2201 4-methoxynaphthyl analogue,1,0.212332,0,
69,Positive,AM2201-d5,1,0.800159,0,
70,Positive,AM2201,1,0.746109,0,
71,Positive,AM2201 8-quinolinyl carboxamide,1,0.868047,0,
72,Positive,AM2201 N-(3-chloropentyl) analog,1,0.913673,1,
73,Positive,F2201,1,0.741541,0,
74,Positive,3-fluoro NNEI,1,0.96051,1,
75,Positive,5-Chloro-NNEI,1,0.883226,0,
76,Positive,NNEI,1,0.083003,0,
77,Positive,2-Fluoro NNEI,1,0.986567,1,
78,Positive,4-Fluoro NNEI,1,0.964226,1,
79,Positive,5-chloro NNEI,1,0.937139,1,
80,Positive,PX1,1,0.993657,1,
81,Positive,PX 1,1,0.769636,0,
82,Positive,5-Fluoro MPP-PICA,1,0.435115,0,
83,Positive,Cl-2201,1,0.986064,1,
84,Positive,CH-PIATA,1,0.689841,0,
85,Positive,AM1235,1,0.736861,0,
86,Positive,PX 2,1,0.955456,1,
87,Positive,5-Fluoro-NNEI,1,0.582343,0,
88,Positive,NNEI 2'-indazole isomer,1,0.839993,0,
89,Positive,AM2201 6-hydroxyindole metabolite,1,0.937047,1,
90,Positive,AM2201 N-(3-chloropentyl) isomer,1,0.988737,1,
91,Positive,EAM2201,1,0.711308,0,
92,Positive,AM2201 N-(4-fluoropentyl) isomer,1,0.316675,0,
93,Positive,MAM2201 N-(3-fluoropentyl) isomer,1,0.645483,0,
94,Positive,AM2201 2'-naphthyl isomer,1,0.267259,0,
95,Positive,AM2201 N-(4-hydroxypentyl) metabolite,1,0.134271,0,
96,Positive,AM2201 7-hydroxyindole metabolite,1,0.623693,0,
97,Positive,jwh-122-n-4-pentenyl-analog,1,0.998704,1,C=CCCCn1cc(C(=O)c2ccc(C)c3ccccc23)c2ccccc21
98,Positive,thj,1,0.99866,1,CCCCCn1nc(C(=O)Nc2cccc3cccnc23)c2ccccc21
99,Positive,fdu-pb-22,1,0.514902,0,O=C(Oc1cccc2ccccc12)c1cn(Cc2ccc(F)cc2)c2ccccc12
100,Positive,ab-fubinaca-isomer-2,1,0.998611,1,CCC(C)(NC(=O)c1nn(Cc2ccc(F)cc2)c2ccccc12)C(N)=O
101,Positive,ab-fubinaca-isomer-1,1,0.998649,1,CCCC(NC(=O)c1nn(Cc2ccc(F)cc2)c2ccccc12)C(N)=O
102,Positive,thj2201,1,0.998718,1,O=C(c1cccc2ccccc12)c1nn(CCCCCF)c2ccccc12
103,Positive,adb-pinaca,1,0.998694,1,CCCCCn1nc(C(=O)NC(C(N)=O)C(C)(C)C)c2ccccc21
104,Positive,ab-fubinaca,1,0.9986,1,CC(C)[C@H](NC(=O)c1nn(Cc2ccc(F)cc2)c2ccccc12)C(N)=O
105,Positive,ur-144,1,0.998697,1,CCCCCn1cc(C(=O)C2C(C)(C)C2(C)C)c2ccccc21
106,Positive,pravadoline,1,0.992751,1,COc1ccc(C(=O)c2c(C)n(CCN3CCOCC3)c3ccccc23)cc1
107,Positive,mam2201,1,0.998691,1,Cc1ccc(C(=O)c2cn(CCCCCF)c3ccccc23)c2ccccc12
108,Positive,jwh-250,1,0.995572,1,CCCCCn1cc(C(=O)Cc2ccccc2OC)c2ccccc21
109,Positive,jwh-210,1,0.99866,1,CCCCCn1cc(C(=O)c2ccc(CC)c3ccccc23)c2ccccc21
110,Positive,jwh-203,1,0.997449,1,CCCCCn1cc(C(=O)Cc2ccccc2Cl)c2ccccc21
111,Positive,jwh-122,1,0.998692,1,CCCCCn1cc(C(=O)c2ccc(C)c3ccccc23)c2ccccc21
112,Positive,jwh-081,1,0.998654,1,CCCCCn1cc(C(=O)c2ccc(OC)c3ccccc23)c2ccccc21
113,Positive,jwh-073,1,0.998673,1,CCCCn1cc(C(=O)c2cccc3ccccc23)c2ccccc21
114,Positive,jwh-073,1,0.998706,1,CCCCn1cc(C(=O)c2cccc3ccccc23)c2ccccc21
115,Positive,jwh-018,1,0.998649,1,CCCCCn1cc(C(=O)c2cccc3ccccc23)c2ccccc21
116,Positive,"cp-47,497",1,0.998727,1,CCCCCCC(C)(C)c1ccc([C@@H]2CCC[C@H](O)C2)c(O)c1
117,Positive,ab-pinaca,1,0.998697,1,CCCCCn1nc(C(=O)N[C@H](C(N)=O)C(C)C)c2ccccc21
118,Positive,akb48,1,0.99866,1,CCCCCn1nc(C(=O)NC23CC4CC(CC(C4)C2)C3)c2ccccc21
119,Positive,APINAC,1,0.080983,0,
120,Positive,"A-834,735",1,0.902803,1,
121,Positive,A-834735,1,0.934749,1,
122,Positive,PTI-1,1,0.332004,0,
123,Positive,PTI-2,1,0.750939,0,
124,Positive,"WIN 54,461",1,0.596011,0,
125,Positive,WIN 54461,1,0.91699,1,
126,Positive,"(.+/-.)-WIN 55,212 (mesylate)",1,0.983637,1,
127,Positive,(+) WIN 55212-2 (mesylate),1,0.826288,0,
128,Positive,"WIN 55,212-2",1,0.527309,0,
129,Positive,"A-796,260 degradant",1,0.004771,0,
130,Positive,AM1220 azepane isomer,1,0.013769,0,
131,Positive,AM1248,1,0.004451,0,
132,Positive,CB-13,1,0.04412,0,
133,Positive,CB-25,1,0.9463,1,
134,Positive,CB-86,1,0.920093,1,
135,Positive,CB-52,1,0.978742,1,
136,Positive,MN-25-2-methyl derivative,1,0.02947,0,
137,Positive,MN-25,1,0.143123,0,
138,Positive,Pravadoline,1,0.965467,1,
139,Positive,AM1248 azepane isomer,1,0.89454,0,
140,Positive,5-fluoro-akb48,1,0.998722,1,O=C(NC12C[C@H]3C[C@@H](C1)C[C@@H](C2)C3)c1nn(CCCCCF)c2ccccc12
141,Positive,xlr11,1,0.998654,1,CC1(C)C(C(=O)c2cn(CCCCCF)c3ccccc23)C1(C)C
142,Positive,mmb2201,1,0.998561,1,COC(=O)[C@@H](NC(=O)c1cn(CCCCCF)c2ccccc12)C(C)C
143,Positive,adb-chminaca,1,0.997617,1,CC(C)(C)[C@H](NC(=O)c1nn(CC2CCCCC2)c2ccccc12)C(N)=O
144,Positive,mdmb-chmica,1,0.997475,1,COC(=O)[C@@H](NC(=O)c1cn(CC2CCCCC2)c2ccccc12)C(C)(C)C
145,Positive,5-fluoro-amb,1,0.998642,1,COC(=O)[C@@H](NC(=O)c1nn(CCCCCF)c2ccccc12)C(C)C
146,Positive,am2201-benzimidazole-analog,1,0.998698,1,O=C(c1cccc2ccccc12)c1nc2ccccc2n1CCCCCF
147,Positive,ab-chminaca,1,0.998706,1,CC(C)[C@H](NC(=O)c1nn(CC2CCCCC2)c2ccccc12)C(N)=O
148,Positive,app-chminaca,1,0.99868,1,NC(=O)[C@H](Cc1ccccc1)NC(=O)c1nn(CC2CCCCC2)c2ccccc12
149,Positive,nm2201,1,0.998052,1,O=C(Oc1cccc2ccccc12)c1cn(CCCCCF)c2ccccc12
150,Positive,f2201,1,0.998663,1,O=C(c1ccc(F)c2ccccc12)c1cn(CCCCCF)c2ccccc12
151,Positive,fub-amb,1,0.998667,1,COC(=O)[C@@H](NC(=O)c1nn(Cc2ccc(F)cc2)c2ccccc12)C(C)C
152,Positive,emb-fubinaca,1,0.998636,1,CCOC(=O)[C@@H](NC(=O)c1nn(Cc2ccc(F)cc2)c2ccccc12)C(C)C
153,Positive,5-chloro-akb48,1,0.998696,1,O=C(NC12C[C@H]3C[C@@H](C1)C[C@@H](C2)C3)c1nn(CCCCCCl)c2ccccc12
154,Positive,cannabipiperidiethanone,1,0.682186,0,COc1ccccc1CC(=O)c1cn(CC2CCCCN2C)c2ccccc12
155,Positive,2-fluoro-adb,1,0.998678,1,CCCC(F)Cn1nc(C(=O)N[C@H](C(=O)OC)C(C)(C)C)c2ccccc21
156,Positive,3-fluoro-adb,1,0.998612,1,CCC(F)CCn1nc(C(=O)N[C@H](C(=O)OC)C(C)(C)C)c2ccccc21
157,Positive,4-fluoro-adb,1,0.998665,1,COC(=O)[C@@H](NC(=O)c1nn(CCCC(C)F)c2ccccc12)C(C)(C)C
158,Positive,4-cyano-cumyl-butinaca,1,0.998731,1,CC(C)(NC(=O)c1nn(CCCCC#N)c2ccccc12)c1ccccc1
159,Positive,5-fluoro-mdmb-pica,1,0.998463,1,COC(=O)[C@@H](NC(=O)c1cn(CCCCCF)c2ccccc12)C(C)(C)C
160,Positive,ab-fubinaca-2-indazole-isomer,1,0.998632,1,CC(C)[C@H](NC(=O)c1c2ccccc2nn1Cc1ccc(F)cc1)C(N)=O
161,Positive,ab-7-fubaica,1,0.998616,1,CC(C)[C@H](NC(=O)c1cn(Cc2ccc(F)cc2)c2ncccc12)C(N)=O
162,Positive,jwh-181,1,0.998665,1,CCCCCn1c(C)c(C(=O)c2ccc(CCC)c3ccccc23)c2ccccc21
163,Positive,02-01,1,0.998732,1,CCCCCn1cc(C(=O)C2C(C)(C)C2(C)C)c2ccccc21
164,Positive,02-02,1,0.998732,1,CCCCCn1cc(C(=O)C2C(C)(C)C2(C)C)c2ccccc21
165,Positive,02-03,1,0.998719,1,CCCCCn1cc(C(=O)C2C(C)(C)C2(C)C)c2ccccc21
166,Positive,02-04,1,0.998691,1,CCCCCn1cc(C(=O)C2C(C)(C)C2(C)C)c2ccccc21
167,Positive,02-05,1,0.998739,1,CCCCCn1cc(C(=O)C2C(C)(C)C2(C)C)c2ccccc21
168,Positive,02-06,1,0.998752,1,CCCCCn1cc(C(=O)C2C(C)(C)C2(C)C)c2ccccc21
169,Positive,02-07,1,0.998714,1,CCCCCn1cc(C(=O)C2C(C)(C)C2(C)C)c2ccccc21
170,Positive,02-08,1,0.998733,1,CCCCCn1cc(C(=O)C2C(C)(C)C2(C)C)c2ccccc21
171,Positive,02-09,1,0.998715,1,CCCCCn1cc(C(=O)C2C(C)(C)C2(C)C)c2ccccc21
172,Positive,02-10,1,0.998708,1,CCCCCn1cc(C(=O)C2C(C)(C)C2(C)C)c2ccccc21
173,Positive,03-01,1,0.998695,1,COC(=O)C(NC(=O)c1nn(CCCCCF)c2ccccc12)C(C)C
174,Positive,03-02,1,0.998699,1,COC(=O)C(NC(=O)c1nn(CCCCCF)c2ccccc12)C(C)C
175,Positive,03-03,1,0.998695,1,COC(=O)C(NC(=O)c1nn(CCCCCF)c2ccccc12)C(C)C
176,Positive,03-04,1,0.998695,1,COC(=O)C(NC(=O)c1nn(CCCCCF)c2ccccc12)C(C)C
177,Positive,03-05,1,0.998696,1,COC(=O)C(NC(=O)c1nn(CCCCCF)c2ccccc12)C(C)C
178,Positive,03-06,1,0.998698,1,COC(=O)C(NC(=O)c1nn(CCCCCF)c2ccccc12)C(C)C
179,Positive,03-07,1,0.998696,1,COC(=O)C(NC(=O)c1nn(CCCCCF)c2ccccc12)C(C)C
180,Positive,03-08,1,0.998695,1,COC(=O)C(NC(=O)c1nn(CCCCCF)c2ccccc12)C(C)C
181,Positive,03-09,1,0.998696,1,COC(=O)C(NC(=O)c1nn(CCCCCF)c2ccccc12)C(C)C
182,Positive,03-10,1,0.998694,1,COC(=O)C(NC(=O)c1nn(CCCCCF)c2ccccc12)C(C)C
183,Positive,04-01,1,0.998183,1,CCCCCn1cc(C(=O)Cc2cccc(OC)c2)c2ccccc21
184,Positive,04-02,1,0.998133,1,CCCCCn1cc(C(=O)Cc2cccc(OC)c2)c2ccccc21
185,Positive,04-03,1,0.998134,1,CCCCCn1cc(C(=O)Cc2cccc(OC)c2)c2ccccc21
186,Positive,04-04,1,0.998084,1,CCCCCn1cc(C(=O)Cc2cccc(OC)c2)c2ccccc21
187,Positive,04-05,1,0.998121,1,CCCCCn1cc(C(=O)Cc2cccc(OC)c2)c2ccccc21
188,Positive,04-06,1,0.998118,1,CCCCCn1cc(C(=O)Cc2cccc(OC)c2)c2ccccc21
189,Positive,04-07,1,0.998128,1,CCCCCn1cc(C(=O)Cc2cccc(OC)c2)c2ccccc21
190,Positive,04-08,1,0.998077,1,CCCCCn1cc(C(=O)Cc2cccc(OC)c2)c2ccccc21
191,Positive,04-09,1,0.998053,1,CCCCCn1cc(C(=O)Cc2cccc(OC)c2)c2ccccc21
192,Positive,04-10,1,0.998069,1,CCCCCn1cc(C(=O)Cc2cccc(OC)c2)c2ccccc21
193,Positive,05-01,1,0.9987,1,CCCCn1cc(C(=O)c2cccc3ccccc23)c2ccccc21
194,Positive,05-02,1,0.998707,1,CCCCn1cc(C(=O)c2cccc3ccccc23)c2ccccc21
195,Positive,05-03,1,0.998691,1,CCCCn1cc(C(=O)c2cccc3ccccc23)c2ccccc21
196,Positive,05-04,1,0.99871,1,CCCCn1cc(C(=O)c2cccc3ccccc23)c2ccccc21
197,Positive,05-05,1,0.998696,1,CCCCn1cc(C(=O)c2cccc3ccccc23)c2ccccc21
198,Positive,05-06,1,0.998695,1,CCCCn1cc(C(=O)c2cccc3ccccc23)c2ccccc21
199,Positive,05-07,1,0.998713,1,CCCCn1cc(C(=O)c2cccc3ccccc23)c2ccccc21
200,Positive,05-08,1,0.998711,1,CCCCn1cc(C(=O)c2cccc3ccccc23)c2ccccc21
201,Positive,05-09,1,0.99869,1,CCCCn1cc(C(=O)c2cccc3ccccc23)c2ccccc21
202,Positive,05-10,1,0.998715,1,CCCCn1cc(C(=O)c2cccc3ccccc23)c2ccccc21
203,Positive,06-01,1,0.998732,1,O=C(NC12CC3CC(CC(C3)C1)C2)c1nn(CCCCCF)c2ccccc12
204,Positive,06-02,1,0.998732,1,O=C(NC12CC3CC(CC(C3)C1)C2)c1nn(CCCCCF)c2ccccc12
205,Positive,06-03,1,0.998731,1,O=C(NC12CC3CC(CC(C3)C1)C2)c1nn(CCCCCF)c2ccccc12
206,Positive,06-04,1,0.998732,1,O=C(NC12CC3CC(CC(C3)C1)C2)c1nn(CCCCCF)c2ccccc12
207,Positive,06-05,1,0.998733,1,O=C(NC12CC3CC(CC(C3)C1)C2)c1nn(CCCCCF)c2ccccc12
208,Positive,06-06,1,0.998735,1,O=C(NC12CC3CC(CC(C3)C1)C2)c1nn(CCCCCF)c2ccccc12
209,Positive,06-07,1,0.998735,1,O=C(NC12CC3CC(CC(C3)C1)C2)c1nn(CCCCCF)c2ccccc12
210,Positive,06-08,1,0.998738,1,O=C(NC12CC3CC(CC(C3)C1)C2)c1nn(CCCCCF)c2ccccc12
211,Positive,06-09,1,0.99874,1,O=C(NC12CC3CC(CC(C3)C1)C2)c1nn(CCCCCF)c2ccccc12
212,Positive,06-10,1,0.998733,1,O=C(NC12CC3CC(CC(C3)C1)C2)c1nn(CCCCCF)c2ccccc12
213,Positive,07-01,1,0.998515,1,CC(C)(C)C(NC(=O)c1cn(CCCCCF)c2ccccc12)C(N)=O
214,Positive,07-02,1,0.99847,1,CC(C)(C)C(NC(=O)c1cn(CCCCCF)c2ccccc12)C(N)=O
215,Positive,07-03,1,0.99837,1,CC(C)(C)C(NC(=O)c1cn(CCCCCF)c2ccccc12)C(N)=O
216,Positive,07-04,1,0.998456,1,CC(C)(C)C(NC(=O)c1cn(CCCCCF)c2ccccc12)C(N)=O
217,Positive,07-05,1,0.99844,1,CC(C)(C)C(NC(=O)c1cn(CCCCCF)c2ccccc12)C(N)=O
218,Positive,07-06,1,0.998353,1,CC(C)(C)C(NC(=O)c1cn(CCCCCF)c2ccccc12)C(N)=O
219,Positive,07-07,1,0.99848,1,CC(C)(C)C(NC(=O)c1cn(CCCCCF)c2ccccc12)C(N)=O
220,Positive,07-08,1,0.998497,1,CC(C)(C)C(NC(=O)c1cn(CCCCCF)c2ccccc12)C(N)=O
221,Positive,07-09,1,0.998381,1,CC(C)(C)C(NC(=O)c1cn(CCCCCF)c2ccccc12)C(N)=O
222,Positive,07-10,1,0.99856,1,CC(C)(C)C(NC(=O)c1cn(CCCCCF)c2ccccc12)C(N)=O
223,Positive,08-01,1,0.998688,1,Cc1ccc(C(=O)c2cn(CCCCCF)c3ccccc23)c2ccccc12
224,Positive,08-02,1,0.998685,1,Cc1ccc(C(=O)c2cn(CCCCCF)c3ccccc23)c2ccccc12
225,Positive,08-03,1,0.998682,1,Cc1ccc(C(=O)c2cn(CCCCCF)c3ccccc23)c2ccccc12
226,Positive,08-04,1,0.998699,1,Cc1ccc(C(=O)c2cn(CCCCCF)c3ccccc23)c2ccccc12
227,Positive,08-05,1,0.998697,1,Cc1ccc(C(=O)c2cn(CCCCCF)c3ccccc23)c2ccccc12
228,Positive,08-06,1,0.998714,1,Cc1ccc(C(=O)c2cn(CCCCCF)c3ccccc23)c2ccccc12
229,Positive,08-07,1,0.998709,1,Cc1ccc(C(=O)c2cn(CCCCCF)c3ccccc23)c2ccccc12
230,Positive,08-08,1,0.998711,1,Cc1ccc(C(=O)c2cn(CCCCCF)c3ccccc23)c2ccccc12
231,Positive,08-09,1,0.998696,1,Cc1ccc(C(=O)c2cn(CCCCCF)c3ccccc23)c2ccccc12
232,Positive,08-10,1,0.998721,1,Cc1ccc(C(=O)c2cn(CCCCCF)c3ccccc23)c2ccccc12
233,Positive,09-01,1,0.998716,1,CCCC(F)Cn1nc(C(=O)N[C@H](C(=O)OC)C(C)(C)C)c2ccccc21
234,Positive,09-02,1,0.998725,1,CCCC(F)Cn1nc(C(=O)N[C@H](C(=O)OC)C(C)(C)C)c2ccccc21
235,Positive,09-03,1,0.998721,1,CCCC(F)Cn1nc(C(=O)N[C@H](C(=O)OC)C(C)(C)C)c2ccccc21
236,Positive,09-04,1,0.998705,1,CCCC(F)Cn1nc(C(=O)N[C@H](C(=O)OC)C(C)(C)C)c2ccccc21
237,Positive,09-05,1,0.998723,1,CCCC(F)Cn1nc(C(=O)N[C@H](C(=O)OC)C(C)(C)C)c2ccccc21
238,Positive,09-06,1,0.998709,1,CCCC(F)Cn1nc(C(=O)N[C@H](C(=O)OC)C(C)(C)C)c2ccccc21
239,Positive,09-07,1,0.998719,1,CCCC(F)Cn1nc(C(=O)N[C@H](C(=O)OC)C(C)(C)C)c2ccccc21
240,Positive,09-08,1,0.998721,1,CCCC(F)Cn1nc(C(=O)N[C@H](C(=O)OC)C(C)(C)C)c2ccccc21
241,Positive,09-09,1,0.998708,1,CCCC(F)Cn1nc(C(=O)N[C@H](C(=O)OC)C(C)(C)C)c2ccccc21
242,Positive,09-10,1,0.998716,1,CCCC(F)Cn1nc(C(=O)N[C@H](C(=O)OC)C(C)(C)C)c2ccccc21
243,Positive,10-01,1,0.998715,1,
244,Positive,10-02,1,0.998715,1,
245,Positive,10-03,1,0.998713,1,
246,Positive,10-04,1,0.998735,1,
247,Positive,10-05,1,0.998647,1,
248,Positive,10-06,1,0.998614,1,
249,Positive,10-07,1,0.9987,1,
250,Positive,10-08,1,0.998725,1,
251,Positive,10-09,1,0.998711,1,
252,Positive,10-10,1,0.99869,1,
253,Positive,11-01,1,0.998464,1,CCOC(=O)[C@@H](NC(=O)c1nn(Cc2ccc(F)cc2)c2ccccc12)C(C)C
254,Positive,11-02,1,0.998523,1,CCOC(=O)[C@@H](NC(=O)c1nn(Cc2ccc(F)cc2)c2ccccc12)C(C)C
255,Positive,11-03,1,0.998543,1,CCOC(=O)[C@@H](NC(=O)c1nn(Cc2ccc(F)cc2)c2ccccc12)C(C)C
256,Positive,11-04,1,0.998623,1,CCOC(=O)[C@@H](NC(=O)c1nn(Cc2ccc(F)cc2)c2ccccc12)C(C)C
257,Positive,11-05,1,0.998461,1,CCOC(=O)[C@@H](NC(=O)c1nn(Cc2ccc(F)cc2)c2ccccc12)C(C)C
258,Positive,11-06,1,0.998324,1,CCOC(=O)[C@@H](NC(=O)c1nn(Cc2ccc(F)cc2)c2ccccc12)C(C)C
259,Positive,11-07,1,0.998542,1,CCOC(=O)[C@@H](NC(=O)c1nn(Cc2ccc(F)cc2)c2ccccc12)C(C)C
260,Positive,11-08,1,0.99859,1,CCOC(=O)[C@@H](NC(=O)c1nn(Cc2ccc(F)cc2)c2ccccc12)C(C)C
261,Positive,11-09,1,0.998613,1,CCOC(=O)[C@@H](NC(=O)c1nn(Cc2ccc(F)cc2)c2ccccc12)C(C)C
262,Positive,11-10,1,0.998584,1,CCOC(=O)[C@@H](NC(=O)c1nn(Cc2ccc(F)cc2)c2ccccc12)C(C)C
263,Positive,12-01,1,0.998608,1,COC(=O)[C@@H](NC(=O)c1cn(CCCCCF)c2ccccc12)C(C)C
264,Positive,12-02,1,0.998614,1,COC(=O)[C@@H](NC(=O)c1cn(CCCCCF)c2ccccc12)C(C)C
265,Positive,12-03,1,0.998555,1,COC(=O)[C@@H](NC(=O)c1cn(CCCCCF)c2ccccc12)C(C)C
266,Positive,12-04,1,0.998524,1,COC(=O)[C@@H](NC(=O)c1cn(CCCCCF)c2ccccc12)C(C)C
267,Positive,12-05,1,0.998541,1,COC(=O)[C@@H](NC(=O)c1cn(CCCCCF)c2ccccc12)C(C)C
268,Positive,12-06,1,0.998542,1,COC(=O)[C@@H](NC(=O)c1cn(CCCCCF)c2ccccc12)C(C)C
269,Positive,12-07,1,0.998527,1,COC(=O)[C@@H](NC(=O)c1cn(CCCCCF)c2ccccc12)C(C)C
270,Positive,12-08,1,0.998526,1,COC(=O)[C@@H](NC(=O)c1cn(CCCCCF)c2ccccc12)C(C)C
271,Positive,12-09,1,0.998525,1,COC(=O)[C@@H](NC(=O)c1cn(CCCCCF)c2ccccc12)C(C)C
272,Positive,12-10,1,0.998514,1,COC(=O)[C@@H](NC(=O)c1cn(CCCCCF)c2ccccc12)C(C)C
273,Positive,13-01,1,0.998706,1,CC(C)[C@H](NC(=O)c1nn(CC2CCCCC2)c2ccccc12)C(N)=O
274,Positive,13-02,1,0.998714,1,CC(C)[C@H](NC(=O)c1nn(CC2CCCCC2)c2ccccc12)C(N)=O
275,Positive,13-03,1,0.998706,1,CC(C)[C@H](NC(=O)c1nn(CC2CCCCC2)c2ccccc12)C(N)=O
276,Positive,13-04,1,0.998732,1,CC(C)[C@H](NC(=O)c1nn(CC2CCCCC2)c2ccccc12)C(N)=O
277,Positive,13-05,1,0.99872,1,CC(C)[C@H](NC(=O)c1nn(CC2CCCCC2)c2ccccc12)C(N)=O
278,Positive,13-06,1,0.998705,1,CC(C)[C@H](NC(=O)c1nn(CC2CCCCC2)c2ccccc12)C(N)=O
279,Positive,13-07,1,0.99872,1,CC(C)[C@H](NC(=O)c1nn(CC2CCCCC2)c2ccccc12)C(N)=O
280,Positive,13-08,1,0.998734,1,CC(C)[C@H](NC(=O)c1nn(CC2CCCCC2)c2ccccc12)C(N)=O
281,Positive,13-09,1,0.998718,1,CC(C)[C@H](NC(=O)c1nn(CC2CCCCC2)c2ccccc12)C(N)=O
282,Positive,13-10,1,0.998737,1,CC(C)[C@H](NC(=O)c1nn(CC2CCCCC2)c2ccccc12)C(N)=O
283,Positive,14-01,1,0.998676,1,CCCC(NC(=O)c1nn(Cc2ccc(F)cc2)c2ccccc12)C(N)=O
284,Positive,14-02,1,0.998613,1,CCCC(NC(=O)c1nn(Cc2ccc(F)cc2)c2ccccc12)C(N)=O
285,Positive,14-03,1,0.998666,1,CCCC(NC(=O)c1nn(Cc2ccc(F)cc2)c2ccccc12)C(N)=O
286,Positive,14-04,1,0.998452,1,CCCC(NC(=O)c1nn(Cc2ccc(F)cc2)c2ccccc12)C(N)=O
287,Positive,14-05,1,0.99861,1,CCCC(NC(=O)c1nn(Cc2ccc(F)cc2)c2ccccc12)C(N)=O
288,Positive,14-06,1,0.998644,1,CCCC(NC(=O)c1nn(Cc2ccc(F)cc2)c2ccccc12)C(N)=O
289,Positive,14-07,1,0.998688,1,CCCC(NC(=O)c1nn(Cc2ccc(F)cc2)c2ccccc12)C(N)=O
290,Positive,14-08,1,0.998663,1,CCCC(NC(=O)c1nn(Cc2ccc(F)cc2)c2ccccc12)C(N)=O
291,Positive,14-09,1,0.998668,1,CCCC(NC(=O)c1nn(Cc2ccc(F)cc2)c2ccccc12)C(N)=O
292,Positive,14-10,1,0.998561,1,CCCC(NC(=O)c1nn(Cc2ccc(F)cc2)c2ccccc12)C(N)=O
293,Positive,15-01,1,0.998577,1,CCCCCn1nc(C(=O)Nc2cccc3cccnc23)c2ccccc21
294,Positive,15-02,1,0.998679,1,CCCCCn1nc(C(=O)Nc2cccc3cccnc23)c2ccccc21
295,Positive,15-03,1,0.998709,1,CCCCCn1nc(C(=O)Nc2cccc3cccnc23)c2ccccc21
296,Positive,15-04,1,0.998697,1,CCCCCn1nc(C(=O)Nc2cccc3cccnc23)c2ccccc21
297,Positive,15-05,1,0.998696,1,CCCCCn1nc(C(=O)Nc2cccc3cccnc23)c2ccccc21
298,Positive,15-06,1,0.998645,1,CCCCCn1nc(C(=O)Nc2cccc3cccnc23)c2ccccc21
299,Positive,15-07,1,0.99869,1,CCCCCn1nc(C(=O)Nc2cccc3cccnc23)c2ccccc21
300,Positive,15-08,1,0.99869,1,CCCCCn1nc(C(=O)Nc2cccc3cccnc23)c2ccccc21
301,Positive,15-09,1,0.998564,1,CCCCCn1nc(C(=O)Nc2cccc3cccnc23)c2ccccc21
302,Positive,15-10,1,0.998695,1,CCCCCn1nc(C(=O)Nc2cccc3cccnc23)c2ccccc21
303,Positive,16-01,1,0.998395,1,O=C(Oc1cccc2ccccc12)c1cn(CCCCCF)c2ccccc12
304,Positive,16-02,1,0.998117,1,O=C(Oc1cccc2ccccc12)c1cn(CCCCCF)c2ccccc12
305,Positive,16-03,1,0.998553,1,O=C(Oc1cccc2ccccc12)c1cn(CCCCCF)c2ccccc12
306,Positive,16-04,1,0.998557,1,O=C(Oc1cccc2ccccc12)c1cn(CCCCCF)c2ccccc12
307,Positive,16-05,1,0.998529,1,O=C(Oc1cccc2ccccc12)c1cn(CCCCCF)c2ccccc12
308,Positive,16-06,1,0.998564,1,O=C(Oc1cccc2ccccc12)c1cn(CCCCCF)c2ccccc12
309,Positive,16-07,1,0.99858,1,O=C(Oc1cccc2ccccc12)c1cn(CCCCCF)c2ccccc12
310,Positive,16-08,1,0.998663,1,O=C(Oc1cccc2ccccc12)c1cn(CCCCCF)c2ccccc12
311,Positive,16-09,1,0.99867,1,O=C(Oc1cccc2ccccc12)c1cn(CCCCCF)c2ccccc12
312,Positive,16-10,1,0.998657,1,O=C(Oc1cccc2ccccc12)c1cn(CCCCCF)c2ccccc12
313,Positive,18-01,1,0.998684,1,CCC(F)CCn1nc(C(=O)N[C@H](C(=O)OC)C(C)(C)C)c2ccccc21
314,Positive,18-02,1,0.998621,1,CCC(F)CCn1nc(C(=O)N[C@H](C(=O)OC)C(C)(C)C)c2ccccc21
315,Positive,18-03,1,0.998694,1,CCC(F)CCn1nc(C(=O)N[C@H](C(=O)OC)C(C)(C)C)c2ccccc21
316,Positive,18-04,1,0.998674,1,CCC(F)CCn1nc(C(=O)N[C@H](C(=O)OC)C(C)(C)C)c2ccccc21
317,Positive,18-05,1,0.998562,1,CCC(F)CCn1nc(C(=O)N[C@H](C(=O)OC)C(C)(C)C)c2ccccc21
318,Positive,18-06,1,0.998664,1,CCC(F)CCn1nc(C(=O)N[C@H](C(=O)OC)C(C)(C)C)c2ccccc21
319,Positive,18-07,1,0.998653,1,CCC(F)CCn1nc(C(=O)N[C@H](C(=O)OC)C(C)(C)C)c2ccccc21
320,Positive,18-08,1,0.998711,1,CCC(F)CCn1nc(C(=O)N[C@H](C(=O)OC)C(C)(C)C)c2ccccc21
321,Positive,18-09,1,0.998711,1,CCC(F)CCn1nc(C(=O)N[C@H](C(=O)OC)C(C)(C)C)c2ccccc21
322,Positive,18-10,1,0.998671,1,CCC(F)CCn1nc(C(=O)N[C@H](C(=O)OC)C(C)(C)C)c2ccccc21
323,Positive,19-01,1,0.99871,1,CCCCCn1nc(C(=O)NC(C(N)=O)C(C)(C)C)c2ccccc21
324,Positive,19-02,1,0.998718,1,CCCCCn1nc(C(=O)NC(C(N)=O)C(C)(C)C)c2ccccc21
325,Positive,19-03,1,0.998709,1,CCCCCn1nc(C(=O)NC(C(N)=O)C(C)(C)C)c2ccccc21
326,Positive,19-04,1,0.998713,1,CCCCCn1nc(C(=O)NC(C(N)=O)C(C)(C)C)c2ccccc21
327,Positive,19-05,1,0.998717,1,CCCCCn1nc(C(=O)NC(C(N)=O)C(C)(C)C)c2ccccc21
328,Positive,19-06,1,0.998715,1,CCCCCn1nc(C(=O)NC(C(N)=O)C(C)(C)C)c2ccccc21
329,Positive,19-07,1,0.998708,1,CCCCCn1nc(C(=O)NC(C(N)=O)C(C)(C)C)c2ccccc21
330,Positive,19-08,1,0.998716,1,CCCCCn1nc(C(=O)NC(C(N)=O)C(C)(C)C)c2ccccc21
331,Positive,19-09,1,0.998725,1,CCCCCn1nc(C(=O)NC(C(N)=O)C(C)(C)C)c2ccccc21
332,Positive,19-10,1,0.998723,1,CCCCCn1nc(C(=O)NC(C(N)=O)C(C)(C)C)c2ccccc21
333,Positive,20-01,1,0.998513,1,CCCCCn1cc(C(=O)Cc2ccccc2Cl)c2ccccc21
334,Positive,20-02,1,0.998628,1,CCCCCn1cc(C(=O)Cc2ccccc2Cl)c2ccccc21
335,Positive,20-03,1,0.998691,1,CCCCCn1cc(C(=O)Cc2ccccc2Cl)c2ccccc21
336,Positive,20-04,1,0.998652,1,CCCCCn1cc(C(=O)Cc2ccccc2Cl)c2ccccc21
337,Positive,20-05,1,0.998645,1,CCCCCn1cc(C(=O)Cc2ccccc2Cl)c2ccccc21
338,Positive,20-06,1,0.998652,1,CCCCCn1cc(C(=O)Cc2ccccc2Cl)c2ccccc21
339,Positive,20-07,1,0.998668,1,CCCCCn1cc(C(=O)Cc2ccccc2Cl)c2ccccc21
340,Positive,20-08,1,0.998657,1,CCCCCn1cc(C(=O)Cc2ccccc2Cl)c2ccccc21
341,Positive,20-09,1,0.998324,1,CCCCCn1cc(C(=O)Cc2ccccc2Cl)c2ccccc21
342,Positive,20-10,1,0.998596,1,CCCCCn1cc(C(=O)Cc2ccccc2Cl)c2ccccc21
343,Positive,21-01,1,0.998471,1,COC(=O)[C@@H](NC(=O)c1cn(CCCCCF)c2ccccc12)C(C)(C)C
344,Positive,21-02,1,0.998488,1,COC(=O)[C@@H](NC(=O)c1cn(CCCCCF)c2ccccc12)C(C)(C)C
345,Positive,21-03,1,0.998399,1,COC(=O)[C@@H](NC(=O)c1cn(CCCCCF)c2ccccc12)C(C)(C)C
346,Positive,21-04,1,0.998458,1,COC(=O)[C@@H](NC(=O)c1cn(CCCCCF)c2ccccc12)C(C)(C)C
347,Positive,21-05,1,0.998401,1,COC(=O)[C@@H](NC(=O)c1cn(CCCCCF)c2ccccc12)C(C)(C)C
348,Positive,21-06,1,0.998464,1,COC(=O)[C@@H](NC(=O)c1cn(CCCCCF)c2ccccc12)C(C)(C)C
349,Positive,21-07,1,0.99843,1,COC(=O)[C@@H](NC(=O)c1cn(CCCCCF)c2ccccc12)C(C)(C)C
350,Positive,21-08,1,0.998392,1,COC(=O)[C@@H](NC(=O)c1cn(CCCCCF)c2ccccc12)C(C)(C)C
351,Positive,21-09,1,0.998468,1,COC(=O)[C@@H](NC(=O)c1cn(CCCCCF)c2ccccc12)C(C)(C)C
352,Positive,21-10,1,0.998483,1,COC(=O)[C@@H](NC(=O)c1cn(CCCCCF)c2ccccc12)C(C)(C)C
353,Positive,22-01,1,0.998709,1,O=C(c1cccc2ccccc12)c1nn(CCCCCF)c2ccccc12
354,Positive,22-02,1,0.99873,1,O=C(c1cccc2ccccc12)c1nn(CCCCCF)c2ccccc12
355,Positive,22-03,1,0.998702,1,O=C(c1cccc2ccccc12)c1nn(CCCCCF)c2ccccc12
356,Positive,22-04,1,0.998701,1,O=C(c1cccc2ccccc12)c1nn(CCCCCF)c2ccccc12
357,Positive,22-05,1,0.9987,1,O=C(c1cccc2ccccc12)c1nn(CCCCCF)c2ccccc12
358,Positive,22-06,1,0.998729,1,O=C(c1cccc2ccccc12)c1nn(CCCCCF)c2ccccc12
359,Positive,22-07,1,0.998699,1,O=C(c1cccc2ccccc12)c1nn(CCCCCF)c2ccccc12
360,Positive,22-08,1,0.998714,1,O=C(c1cccc2ccccc12)c1nn(CCCCCF)c2ccccc12
361,Positive,22-09,1,0.998683,1,O=C(c1cccc2ccccc12)c1nn(CCCCCF)c2ccccc12
362,Positive,22-10,1,0.998714,1,O=C(c1cccc2ccccc12)c1nn(CCCCCF)c2ccccc12
363,Positive,23-01,1,0.998685,1,CC(C)[C@H](NC(=O)c1cn(Cc2ccc(F)cc2)c2ncccc12)C(N)=O
364,Positive,23-02,1,0.998658,1,CC(C)[C@H](NC(=O)c1cn(Cc2ccc(F)cc2)c2ncccc12)C(N)=O
365,Positive,23-03,1,0.998669,1,CC(C)[C@H](NC(=O)c1cn(Cc2ccc(F)cc2)c2ncccc12)C(N)=O
366,Positive,23-04,1,0.99868,1,CC(C)[C@H](NC(=O)c1cn(Cc2ccc(F)cc2)c2ncccc12)C(N)=O
367,Positive,23-05,1,0.998715,1,CC(C)[C@H](NC(=O)c1cn(Cc2ccc(F)cc2)c2ncccc12)C(N)=O
368,Positive,23-06,1,0.998663,1,CC(C)[C@H](NC(=O)c1cn(Cc2ccc(F)cc2)c2ncccc12)C(N)=O
369,Positive,23-07,1,0.998644,1,CC(C)[C@H](NC(=O)c1cn(Cc2ccc(F)cc2)c2ncccc12)C(N)=O
370,Positive,23-08,1,0.998672,1,CC(C)[C@H](NC(=O)c1cn(Cc2ccc(F)cc2)c2ncccc12)C(N)=O
371,Positive,23-09,1,0.998712,1,CC(C)[C@H](NC(=O)c1cn(Cc2ccc(F)cc2)c2ncccc12)C(N)=O
372,Positive,23-10,1,0.998686,1,CC(C)[C@H](NC(=O)c1cn(Cc2ccc(F)cc2)c2ncccc12)C(N)=O
373,Positive,24-01,1,0.998683,1,CCCCCn1cc(C(=O)c2ccc(CC)c3ccccc23)c2ccccc21
374,Positive,24-02,1,0.998697,1,CCCCCn1cc(C(=O)c2ccc(CC)c3ccccc23)c2ccccc21
375,Positive,24-03,1,0.998692,1,CCCCCn1cc(C(=O)c2ccc(CC)c3ccccc23)c2ccccc21
376,Positive,24-04,1,0.998684,1,CCCCCn1cc(C(=O)c2ccc(CC)c3ccccc23)c2ccccc21
377,Positive,24-05,1,0.998696,1,CCCCCn1cc(C(=O)c2ccc(CC)c3ccccc23)c2ccccc21
378,Positive,24-06,1,0.998681,1,CCCCCn1cc(C(=O)c2ccc(CC)c3ccccc23)c2ccccc21
379,Positive,24-07,1,0.998696,1,CCCCCn1cc(C(=O)c2ccc(CC)c3ccccc23)c2ccccc21
380,Positive,24-08,1,0.998691,1,CCCCCn1cc(C(=O)c2ccc(CC)c3ccccc23)c2ccccc21
381,Positive,24-09,1,0.998696,1,CCCCCn1cc(C(=O)c2ccc(CC)c3ccccc23)c2ccccc21
382,Positive,24-10,1,0.998695,1,CCCCCn1cc(C(=O)c2ccc(CC)c3ccccc23)c2ccccc21
383,Positive,26-01,1,0.99876,1,CC1(C)C(C(=O)c2cn(CCCCCF)c3ccccc23)C1(C)C
384,Positive,26-02,1,0.99875,1,CC1(C)C(C(=O)c2cn(CCCCCF)c3ccccc23)C1(C)C
385,Positive,26-03,1,0.998751,1,CC1(C)C(C(=O)c2cn(CCCCCF)c3ccccc23)C1(C)C
386,Positive,26-04,1,0.998751,1,CC1(C)C(C(=O)c2cn(CCCCCF)c3ccccc23)C1(C)C
387,Positive,26-05,1,0.99875,1,CC1(C)C(C(=O)c2cn(CCCCCF)c3ccccc23)C1(C)C
388,Positive,26-06,1,0.998724,1,CC1(C)C(C(=O)c2cn(CCCCCF)c3ccccc23)C1(C)C
389,Positive,26-07,1,0.998745,1,CC1(C)C(C(=O)c2cn(CCCCCF)c3ccccc23)C1(C)C
390,Positive,26-08,1,0.998714,1,CC1(C)C(C(=O)c2cn(CCCCCF)c3ccccc23)C1(C)C
391,Positive,26-09,1,0.998725,1,CC1(C)C(C(=O)c2cn(CCCCCF)c3ccccc23)C1(C)C
392,Positive,26-10,1,0.998762,1,CC1(C)C(C(=O)c2cn(CCCCCF)c3ccccc23)C1(C)C
393,Positive,27-01,1,0.998595,1,COC(=O)[C@@H](NC(=O)c1nn(Cc2ccc(F)cc2)c2ccccc12)C(C)C
394,Positive,27-02,1,0.99861,1,COC(=O)[C@@H](NC(=O)c1nn(Cc2ccc(F)cc2)c2ccccc12)C(C)C
395,Positive,27-03,1,0.998601,1,COC(=O)[C@@H](NC(=O)c1nn(Cc2ccc(F)cc2)c2ccccc12)C(C)C
396,Positive,27-04,1,0.998571,1,COC(=O)[C@@H](NC(=O)c1nn(Cc2ccc(F)cc2)c2ccccc12)C(C)C
397,Positive,27-05,1,0.998578,1,COC(=O)[C@@H](NC(=O)c1nn(Cc2ccc(F)cc2)c2ccccc12)C(C)C
398,Positive,27-06,1,0.9986,1,COC(=O)[C@@H](NC(=O)c1nn(Cc2ccc(F)cc2)c2ccccc12)C(C)C
399,Positive,27-07,1,0.998572,1,COC(=O)[C@@H](NC(=O)c1nn(Cc2ccc(F)cc2)c2ccccc12)C(C)C
400,Positive,27-08,1,0.998582,1,COC(=O)[C@@H](NC(=O)c1nn(Cc2ccc(F)cc2)c2ccccc12)C(C)C
401,Positive,27-09,1,0.998587,1,COC(=O)[C@@H](NC(=O)c1nn(Cc2ccc(F)cc2)c2ccccc12)C(C)C
402,Positive,27-10,1,0.998564,1,COC(=O)[C@@H](NC(=O)c1nn(Cc2ccc(F)cc2)c2ccccc12)C(C)C
403,Positive,28-01,1,0.998689,1,CCCCCn1cc(C(=O)Cc2ccccc2OC)c2ccccc21
404,Positive,28-02,1,0.998611,1,CCCCCn1cc(C(=O)Cc2ccccc2OC)c2ccccc21
405,Positive,28-03,1,0.998675,1,CCCCCn1cc(C(=O)Cc2ccccc2OC)c2ccccc21
406,Positive,28-04,1,0.998686,1,CCCCCn1cc(C(=O)Cc2ccccc2OC)c2ccccc21
407,Positive,28-05,1,0.998483,1,CCCCCn1cc(C(=O)Cc2ccccc2OC)c2ccccc21
408,Positive,28-06,1,0.998666,1,CCCCCn1cc(C(=O)Cc2ccccc2OC)c2ccccc21
409,Positive,28-07,1,0.998684,1,CCCCCn1cc(C(=O)Cc2ccccc2OC)c2ccccc21
410,Positive,28-08,1,0.998693,1,CCCCCn1cc(C(=O)Cc2ccccc2OC)c2ccccc21
411,Positive,28-09,1,0.998694,1,CCCCCn1cc(C(=O)Cc2ccccc2OC)c2ccccc21
412,Positive,28-10,1,0.998669,1,CCCCCn1cc(C(=O)Cc2ccccc2OC)c2ccccc21
413,Positive,29-01,1,0.998514,1,CCCCCn1cc(C(=O)Cc2ccc(OC)cc2)c2ccccc21
414,Positive,29-02,1,0.998555,1,CCCCCn1cc(C(=O)Cc2ccc(OC)cc2)c2ccccc21
415,Positive,29-03,1,0.998567,1,CCCCCn1cc(C(=O)Cc2ccc(OC)cc2)c2ccccc21
416,Positive,29-04,1,0.998555,1,CCCCCn1cc(C(=O)Cc2ccc(OC)cc2)c2ccccc21
417,Positive,29-05,1,0.998492,1,CCCCCn1cc(C(=O)Cc2ccc(OC)cc2)c2ccccc21
418,Positive,29-06,1,0.998527,1,CCCCCn1cc(C(=O)Cc2ccc(OC)cc2)c2ccccc21
419,Positive,29-07,1,0.998544,1,CCCCCn1cc(C(=O)Cc2ccc(OC)cc2)c2ccccc21
420,Positive,29-08,1,0.998429,1,CCCCCn1cc(C(=O)Cc2ccc(OC)cc2)c2ccccc21
421,Positive,29-09,1,0.998495,1,CCCCCn1cc(C(=O)Cc2ccc(OC)cc2)c2ccccc21
422,Positive,29-10,1,0.998563,1,CCCCCn1cc(C(=O)Cc2ccc(OC)cc2)c2ccccc21
423,Positive,30-01,1,0.998535,1,COC(=O)[C@@H](NC(=O)c1cn(CC2CCCCC2)c2ccccc12)C(C)(C)C
424,Positive,30-02,1,0.998545,1,COC(=O)[C@@H](NC(=O)c1cn(CC2CCCCC2)c2ccccc12)C(C)(C)C
425,Positive,30-03,1,0.998508,1,COC(=O)[C@@H](NC(=O)c1cn(CC2CCCCC2)c2ccccc12)C(C)(C)C
426,Positive,30-04,1,0.998544,1,COC(=O)[C@@H](NC(=O)c1cn(CC2CCCCC2)c2ccccc12)C(C)(C)C
427,Positive,30-05,1,0.998509,1,COC(=O)[C@@H](NC(=O)c1cn(CC2CCCCC2)c2ccccc12)C(C)(C)C
428,Positive,30-06,1,0.998511,1,COC(=O)[C@@H](NC(=O)c1cn(CC2CCCCC2)c2ccccc12)C(C)(C)C
429,Positive,30-07,1,0.998511,1,COC(=O)[C@@H](NC(=O)c1cn(CC2CCCCC2)c2ccccc12)C(C)(C)C
430,Positive,30-08,1,0.998448,1,COC(=O)[C@@H](NC(=O)c1cn(CC2CCCCC2)c2ccccc12)C(C)(C)C
431,Positive,30-09,1,0.998468,1,COC(=O)[C@@H](NC(=O)c1cn(CC2CCCCC2)c2ccccc12)C(C)(C)C
432,Positive,30-10,1,0.998501,1,COC(=O)[C@@H](NC(=O)c1cn(CC2CCCCC2)c2ccccc12)C(C)(C)C
433,Positive,31-01,1,0.998747,1,CC(C)(NC(=O)c1nn(CCCCC#N)c2ccccc12)c1ccccc1
434,Positive,31-02,1,0.998737,1,CC(C)(NC(=O)c1nn(CCCCC#N)c2ccccc12)c1ccccc1
435,Positive,31-03,1,0.998733,1,CC(C)(NC(=O)c1nn(CCCCC#N)c2ccccc12)c1ccccc1
436,Positive,31-04,1,0.998746,1,CC(C)(NC(=O)c1nn(CCCCC#N)c2ccccc12)c1ccccc1
437,Positive,31-05,1,0.998745,1,CC(C)(NC(=O)c1nn(CCCCC#N)c2ccccc12)c1ccccc1
438,Positive,31-06,1,0.998739,1,CC(C)(NC(=O)c1nn(CCCCC#N)c2ccccc12)c1ccccc1
439,Positive,31-07,1,0.998747,1,CC(C)(NC(=O)c1nn(CCCCC#N)c2ccccc12)c1ccccc1
440,Positive,31-08,1,0.998705,1,CC(C)(NC(=O)c1nn(CCCCC#N)c2ccccc12)c1ccccc1
441,Positive,31-09,1,0.998728,1,CC(C)(NC(=O)c1nn(CCCCC#N)c2ccccc12)c1ccccc1
442,Positive,31-10,1,0.998749,1,CC(C)(NC(=O)c1nn(CCCCC#N)c2ccccc12)c1ccccc1
443,Positive,32-01,1,0.99873,1,CCCCCCC(C)(C)c1ccc([C@@H]2CCC[C@H](O)C2)c(O)c1
444,Positive,32-02,1,0.998721,1,CCCCCCC(C)(C)c1ccc([C@@H]2CCC[C@H](O)C2)c(O)c1
445,Positive,32-03,1,0.998719,1,CCCCCCC(C)(C)c1ccc([C@@H]2CCC[C@H](O)C2)c(O)c1
446,Positive,32-04,1,0.998721,1,CCCCCCC(C)(C)c1ccc([C@@H]2CCC[C@H](O)C2)c(O)c1
447,Positive,32-05,1,0.99872,1,CCCCCCC(C)(C)c1ccc([C@@H]2CCC[C@H](O)C2)c(O)c1
448,Positive,32-06,1,0.998729,1,CCCCCCC(C)(C)c1ccc([C@@H]2CCC[C@H](O)C2)c(O)c1
449,Positive,32-07,1,0.998724,1,CCCCCCC(C)(C)c1ccc([C@@H]2CCC[C@H](O)C2)c(O)c1
450,Positive,32-08,1,0.998712,1,CCCCCCC(C)(C)c1ccc([C@@H]2CCC[C@H](O)C2)c(O)c1
451,Positive,32-09,1,0.99872,1,CCCCCCC(C)(C)c1ccc([C@@H]2CCC[C@H](O)C2)c(O)c1
452,Positive,32-10,1,0.99872,1,CCCCCCC(C)(C)c1ccc([C@@H]2CCC[C@H](O)C2)c(O)c1
453,Positive,33-01,1,0.998668,1,COC(=O)C(NC(=O)c1nn(CCCC(C)F)c2ccccc12)C(C)(C)C
454,Positive,33-02,1,0.998743,1,COC(=O)C(NC(=O)c1nn(CCCC(C)F)c2ccccc12)C(C)(C)C
455,Positive,33-03,1,0.998745,1,COC(=O)C(NC(=O)c1nn(CCCC(C)F)c2ccccc12)C(C)(C)C
456,Positive,33-04,1,0.99872,1,COC(=O)C(NC(=O)c1nn(CCCC(C)F)c2ccccc12)C(C)(C)C
457,Positive,33-05,1,0.998748,1,COC(=O)C(NC(=O)c1nn(CCCC(C)F)c2ccccc12)C(C)(C)C
458,Positive,33-06,1,0.99871,1,COC(=O)C(NC(=O)c1nn(CCCC(C)F)c2ccccc12)C(C)(C)C
459,Positive,33-07,1,0.998718,1,COC(=O)C(NC(=O)c1nn(CCCC(C)F)c2ccccc12)C(C)(C)C
460,Positive,33-08,1,0.998752,1,COC(=O)C(NC(=O)c1nn(CCCC(C)F)c2ccccc12)C(C)(C)C
461,Positive,33-09,1,0.998726,1,COC(=O)C(NC(=O)c1nn(CCCC(C)F)c2ccccc12)C(C)(C)C
462,Positive,33-10,1,0.998721,1,COC(=O)C(NC(=O)c1nn(CCCC(C)F)c2ccccc12)C(C)(C)C
463,Positive,34-01,1,0.998625,1,
464,Positive,34-02,1,0.998606,1,
465,Positive,34-03,1,0.998567,1,
466,Positive,34-04,1,0.99861,1,
467,Positive,34-05,1,0.998615,1,
468,Positive,34-06,1,0.998611,1,
469,Positive,34-07,1,0.998578,1,
470,Positive,34-08,1,0.99859,1,
471,Positive,34-09,1,0.998597,1,
472,Positive,34-10,1,0.998579,1,
473,Positive,35-01,1,0.998713,1,CCCCCn1nc(C(=O)NC23CC4CC(CC(C4)C2)C3)c2ccccc21
474,Positive,35-02,1,0.998723,1,CCCCCn1nc(C(=O)NC23CC4CC(CC(C4)C2)C3)c2ccccc21
475,Positive,35-03,1,0.998711,1,CCCCCn1nc(C(=O)NC23CC4CC(CC(C4)C2)C3)c2ccccc21
476,Positive,35-04,1,0.998721,1,CCCCCn1nc(C(=O)NC23CC4CC(CC(C4)C2)C3)c2ccccc21
477,Positive,35-05,1,0.998722,1,CCCCCn1nc(C(=O)NC23CC4CC(CC(C4)C2)C3)c2ccccc21
478,Positive,35-06,1,0.998722,1,CCCCCn1nc(C(=O)NC23CC4CC(CC(C4)C2)C3)c2ccccc21
479,Positive,35-07,1,0.998722,1,CCCCCn1nc(C(=O)NC23CC4CC(CC(C4)C2)C3)c2ccccc21
480,Positive,35-08,1,0.998723,1,CCCCCn1nc(C(=O)NC23CC4CC(CC(C4)C2)C3)c2ccccc21
481,Positive,35-09,1,0.998724,1,CCCCCn1nc(C(=O)NC23CC4CC(CC(C4)C2)C3)c2ccccc21
482,Positive,35-10,1,0.998728,1,CCCCCn1nc(C(=O)NC23CC4CC(CC(C4)C2)C3)c2ccccc21
483,Positive,36-01,1,0.998712,1,O=C(c1cccc2ccccc12)c1nc2ccccc2n1CCCCCF
484,Positive,36-02,1,0.998725,1,O=C(c1cccc2ccccc12)c1nc2ccccc2n1CCCCCF
485,Positive,36-03,1,0.99871,1,O=C(c1cccc2ccccc12)c1nc2ccccc2n1CCCCCF
486,Positive,36-04,1,0.998722,1,O=C(c1cccc2ccccc12)c1nc2ccccc2n1CCCCCF
487,Positive,36-05,1,0.998711,1,O=C(c1cccc2ccccc12)c1nc2ccccc2n1CCCCCF
488,Positive,36-06,1,0.998723,1,O=C(c1cccc2ccccc12)c1nc2ccccc2n1CCCCCF
489,Positive,36-07,1,0.998713,1,O=C(c1cccc2ccccc12)c1nc2ccccc2n1CCCCCF
490,Positive,36-08,1,0.998711,1,O=C(c1cccc2ccccc12)c1nc2ccccc2n1CCCCCF
491,Positive,36-09,1,0.998712,1,O=C(c1cccc2ccccc12)c1nc2ccccc2n1CCCCCF
492,Positive,36-10,1,0.998708,1,O=C(c1cccc2ccccc12)c1nc2ccccc2n1CCCCCF
493,Positive,37-01,1,0.998722,1,CCC(C)(NC(=O)c1nn(Cc2ccc(F)cc2)c2ccccc12)C(N)=O
494,Positive,37-02,1,0.998734,1,CCC(C)(NC(=O)c1nn(Cc2ccc(F)cc2)c2ccccc12)C(N)=O
495,Positive,37-03,1,0.998724,1,CCC(C)(NC(=O)c1nn(Cc2ccc(F)cc2)c2ccccc12)C(N)=O
496,Positive,37-04,1,0.998708,1,CCC(C)(NC(=O)c1nn(Cc2ccc(F)cc2)c2ccccc12)C(N)=O
497,Positive,37-05,1,0.998707,1,CCC(C)(NC(=O)c1nn(Cc2ccc(F)cc2)c2ccccc12)C(N)=O
498,Positive,37-06,1,0.998715,1,CCC(C)(NC(=O)c1nn(Cc2ccc(F)cc2)c2ccccc12)C(N)=O
499,Positive,37-07,1,0.998704,1,CCC(C)(NC(=O)c1nn(Cc2ccc(F)cc2)c2ccccc12)C(N)=O
500,Positive,37-08,1,0.998686,1,CCC(C)(NC(=O)c1nn(Cc2ccc(F)cc2)c2ccccc12)C(N)=O
501,Positive,37-09,1,0.998713,1,CCC(C)(NC(=O)c1nn(Cc2ccc(F)cc2)c2ccccc12)C(N)=O
502,Positive,37-10,1,0.998726,1,CCC(C)(NC(=O)c1nn(Cc2ccc(F)cc2)c2ccccc12)C(N)=O
503,Positive,38-01,1,0.998703,1,[2H]C([2H])(CC=C)C([2H])([2H])n1cc(C(=O)c2ccc(C)c3ccccc23)c2ccccc21
504,Positive,38-02,1,0.998706,1,[2H]C([2H])(CC=C)C([2H])([2H])n1cc(C(=O)c2ccc(C)c3ccccc23)c2ccccc21
505,Positive,38-03,1,0.9987,1,[2H]C([2H])(CC=C)C([2H])([2H])n1cc(C(=O)c2ccc(C)c3ccccc23)c2ccccc21
506,Positive,38-04,1,0.998693,1,[2H]C([2H])(CC=C)C([2H])([2H])n1cc(C(=O)c2ccc(C)c3ccccc23)c2ccccc21
507,Positive,38-05,1,0.998695,1,[2H]C([2H])(CC=C)C([2H])([2H])n1cc(C(=O)c2ccc(C)c3ccccc23)c2ccccc21
508,Positive,38-06,1,0.998709,1,[2H]C([2H])(CC=C)C([2H])([2H])n1cc(C(=O)c2ccc(C)c3ccccc23)c2ccccc21
509,Positive,38-07,1,0.998696,1,[2H]C([2H])(CC=C)C([2H])([2H])n1cc(C(=O)c2ccc(C)c3ccccc23)c2ccccc21
510,Positive,38-08,1,0.998698,1,[2H]C([2H])(CC=C)C([2H])([2H])n1cc(C(=O)c2ccc(C)c3ccccc23)c2ccccc21
511,Positive,38-09,1,0.998693,1,[2H]C([2H])(CC=C)C([2H])([2H])n1cc(C(=O)c2ccc(C)c3ccccc23)c2ccccc21
512,Positive,38-10,1,0.998687,1,[2H]C([2H])(CC=C)C([2H])([2H])n1cc(C(=O)c2ccc(C)c3ccccc23)c2ccccc21
513,Positive,39-01,1,0.998722,1,O=C(NC12CC3CC(CC(C3)C1)C2)c1nn(CCCCCCl)c2ccccc12
514,Positive,39-02,1,0.998706,1,O=C(NC12CC3CC(CC(C3)C1)C2)c1nn(CCCCCCl)c2ccccc12
515,Positive,39-03,1,0.998714,1,O=C(NC12CC3CC(CC(C3)C1)C2)c1nn(CCCCCCl)c2ccccc12
516,Positive,39-04,1,0.998707,1,O=C(NC12CC3CC(CC(C3)C1)C2)c1nn(CCCCCCl)c2ccccc12
517,Positive,39-05,1,0.998707,1,O=C(NC12CC3CC(CC(C3)C1)C2)c1nn(CCCCCCl)c2ccccc12
518,Positive,39-06,1,0.998716,1,O=C(NC12CC3CC(CC(C3)C1)C2)c1nn(CCCCCCl)c2ccccc12
519,Positive,39-07,1,0.998716,1,O=C(NC12CC3CC(CC(C3)C1)C2)c1nn(CCCCCCl)c2ccccc12
520,Positive,39-08,1,0.998696,1,O=C(NC12CC3CC(CC(C3)C1)C2)c1nn(CCCCCCl)c2ccccc12
521,Positive,39-09,1,0.998717,1,O=C(NC12CC3CC(CC(C3)C1)C2)c1nn(CCCCCCl)c2ccccc12
522,Positive,39-10,1,0.998696,1,O=C(NC12CC3CC(CC(C3)C1)C2)c1nn(CCCCCCl)c2ccccc12
523,Positive,40-01,1,0.998726,1,CC(C)(CCCCCCCO)c1ccc([C@H]2CCC[C@@H](O)C2)c(O)c1
524,Positive,40-02,1,0.998726,1,CC(C)(CCCCCCCO)c1ccc([C@H]2CCC[C@@H](O)C2)c(O)c1
525,Positive,40-03,1,0.998727,1,CC(C)(CCCCCCCO)c1ccc([C@H]2CCC[C@@H](O)C2)c(O)c1
526,Positive,40-04,1,0.99872,1,CC(C)(CCCCCCCO)c1ccc([C@H]2CCC[C@@H](O)C2)c(O)c1
527,Positive,40-05,1,0.998735,1,CC(C)(CCCCCCCO)c1ccc([C@H]2CCC[C@@H](O)C2)c(O)c1
528,Positive,40-06,1,0.998728,1,CC(C)(CCCCCCCO)c1ccc([C@H]2CCC[C@@H](O)C2)c(O)c1
529,Positive,40-07,1,0.998726,1,CC(C)(CCCCCCCO)c1ccc([C@H]2CCC[C@@H](O)C2)c(O)c1
530,Positive,40-08,1,0.998716,1,CC(C)(CCCCCCCO)c1ccc([C@H]2CCC[C@@H](O)C2)c(O)c1
531,Positive,40-09,1,0.998729,1,CC(C)(CCCCCCCO)c1ccc([C@H]2CCC[C@@H](O)C2)c(O)c1
532,Positive,40-10,1,0.998717,1,CC(C)(CCCCCCCO)c1ccc([C@H]2CCC[C@@H](O)C2)c(O)c1
533,Positive,41-01,1,0.998708,1,CCCCCn1nc(C(=O)N[C@H](C(N)=O)C(C)C)c2ccccc21
534,Positive,41-02,1,0.998706,1,CCCCCn1nc(C(=O)N[C@H](C(N)=O)C(C)C)c2ccccc21
535,Positive,41-03,1,0.998707,1,CCCCCn1nc(C(=O)N[C@H](C(N)=O)C(C)C)c2ccccc21
536,Positive,41-04,1,0.998709,1,CCCCCn1nc(C(=O)N[C@H](C(N)=O)C(C)C)c2ccccc21
537,Positive,41-05,1,0.998707,1,CCCCCn1nc(C(=O)N[C@H](C(N)=O)C(C)C)c2ccccc21
538,Positive,41-06,1,0.998706,1,CCCCCn1nc(C(=O)N[C@H](C(N)=O)C(C)C)c2ccccc21
539,Positive,41-07,1,0.99871,1,CCCCCn1nc(C(=O)N[C@H](C(N)=O)C(C)C)c2ccccc21
540,Positive,41-08,1,0.99871,1,CCCCCn1nc(C(=O)N[C@H](C(N)=O)C(C)C)c2ccccc21
541,Positive,41-09,1,0.99871,1,CCCCCn1nc(C(=O)N[C@H](C(N)=O)C(C)C)c2ccccc21
542,Positive,41-10,1,0.998708,1,CCCCCn1nc(C(=O)N[C@H](C(N)=O)C(C)C)c2ccccc21
543,Positive,42-01,1,0.998501,1,CC(C)[C@H](NC(=O)c1c2ccccc2nn1Cc1ccc(F)cc1)C(N)=O
544,Positive,42-02,1,0.998585,1,CC(C)[C@H](NC(=O)c1c2ccccc2nn1Cc1ccc(F)cc1)C(N)=O
545,Positive,42-03,1,0.998554,1,CC(C)[C@H](NC(=O)c1c2ccccc2nn1Cc1ccc(F)cc1)C(N)=O
546,Positive,42-04,1,0.998702,1,CC(C)[C@H](NC(=O)c1c2ccccc2nn1Cc1ccc(F)cc1)C(N)=O
547,Positive,42-05,1,0.998506,1,CC(C)[C@H](NC(=O)c1c2ccccc2nn1Cc1ccc(F)cc1)C(N)=O
548,Positive,42-06,1,0.998304,1,CC(C)[C@H](NC(=O)c1c2ccccc2nn1Cc1ccc(F)cc1)C(N)=O
549,Positive,42-07,1,0.998679,1,CC(C)[C@H](NC(=O)c1c2ccccc2nn1Cc1ccc(F)cc1)C(N)=O
550,Positive,42-08,1,0.998711,1,CC(C)[C@H](NC(=O)c1c2ccccc2nn1Cc1ccc(F)cc1)C(N)=O
551,Positive,42-09,1,0.998678,1,CC(C)[C@H](NC(=O)c1c2ccccc2nn1Cc1ccc(F)cc1)C(N)=O
552,Positive,42-10,1,0.998082,1,CC(C)[C@H](NC(=O)c1c2ccccc2nn1Cc1ccc(F)cc1)C(N)=O
553,Positive,43-01,1,0.998715,1,CC(C)(C)[C@H](NC(=O)c1nn(CC2CCCCC2)c2ccccc12)C(N)=O
554,Positive,43-02,1,0.998721,1,CC(C)(C)[C@H](NC(=O)c1nn(CC2CCCCC2)c2ccccc12)C(N)=O
555,Positive,43-03,1,0.998713,1,CC(C)(C)[C@H](NC(=O)c1nn(CC2CCCCC2)c2ccccc12)C(N)=O
556,Positive,43-04,1,0.998706,1,CC(C)(C)[C@H](NC(=O)c1nn(CC2CCCCC2)c2ccccc12)C(N)=O
557,Positive,43-05,1,0.998721,1,CC(C)(C)[C@H](NC(=O)c1nn(CC2CCCCC2)c2ccccc12)C(N)=O
558,Positive,43-06,1,0.998723,1,CC(C)(C)[C@H](NC(=O)c1nn(CC2CCCCC2)c2ccccc12)C(N)=O
559,Positive,43-07,1,0.998722,1,CC(C)(C)[C@H](NC(=O)c1nn(CC2CCCCC2)c2ccccc12)C(N)=O
560,Positive,43-08,1,0.998716,1,CC(C)(C)[C@H](NC(=O)c1nn(CC2CCCCC2)c2ccccc12)C(N)=O
561,Positive,43-09,1,0.998705,1,CC(C)(C)[C@H](NC(=O)c1nn(CC2CCCCC2)c2ccccc12)C(N)=O
562,Positive,43-10,1,0.998716,1,CC(C)(C)[C@H](NC(=O)c1nn(CC2CCCCC2)c2ccccc12)C(N)=O
563,Positive,44-01,1,0.998657,1,CC(C)[C@H](NC(=O)c1nn(Cc2ccc(F)cc2)c2ccccc12)C(N)=O
564,Positive,44-02,1,0.998671,1,CC(C)[C@H](NC(=O)c1nn(Cc2ccc(F)cc2)c2ccccc12)C(N)=O
565,Positive,44-03,1,0.998646,1,CC(C)[C@H](NC(=O)c1nn(Cc2ccc(F)cc2)c2ccccc12)C(N)=O
566,Positive,44-04,1,0.998674,1,CC(C)[C@H](NC(=O)c1nn(Cc2ccc(F)cc2)c2ccccc12)C(N)=O
567,Positive,44-05,1,0.998635,1,CC(C)[C@H](NC(=O)c1nn(Cc2ccc(F)cc2)c2ccccc12)C(N)=O
568,Positive,44-06,1,0.998546,1,CC(C)[C@H](NC(=O)c1nn(Cc2ccc(F)cc2)c2ccccc12)C(N)=O
569,Positive,44-07,1,0.998653,1,CC(C)[C@H](NC(=O)c1nn(Cc2ccc(F)cc2)c2ccccc12)C(N)=O
570,Positive,44-08,1,0.998666,1,CC(C)[C@H](NC(=O)c1nn(Cc2ccc(F)cc2)c2ccccc12)C(N)=O
571,Positive,44-09,1,0.998674,1,CC(C)[C@H](NC(=O)c1nn(Cc2ccc(F)cc2)c2ccccc12)C(N)=O
572,Positive,44-10,1,0.998639,1,CC(C)[C@H](NC(=O)c1nn(Cc2ccc(F)cc2)c2ccccc12)C(N)=O
573,Positive,45-01,1,0.998688,1,CCCCCn1cc(C(=O)c2ccc(C)c3ccccc23)c2ccccc21
574,Positive,45-02,1,0.998688,1,CCCCCn1cc(C(=O)c2ccc(C)c3ccccc23)c2ccccc21
575,Positive,45-03,1,0.998685,1,CCCCCn1cc(C(=O)c2ccc(C)c3ccccc23)c2ccccc21
576,Positive,45-04,1,0.998677,1,CCCCCn1cc(C(=O)c2ccc(C)c3ccccc23)c2ccccc21
577,Positive,45-05,1,0.99868,1,CCCCCn1cc(C(=O)c2ccc(C)c3ccccc23)c2ccccc21
578,Positive,45-06,1,0.998686,1,CCCCCn1cc(C(=O)c2ccc(C)c3ccccc23)c2ccccc21
579,Positive,45-07,1,0.998688,1,CCCCCn1cc(C(=O)c2ccc(C)c3ccccc23)c2ccccc21
580,Positive,45-08,1,0.998684,1,CCCCCn1cc(C(=O)c2ccc(C)c3ccccc23)c2ccccc21
581,Positive,45-09,1,0.998684,1,CCCCCn1cc(C(=O)c2ccc(C)c3ccccc23)c2ccccc21
582,Positive,45-10,1,0.998677,1,CCCCCn1cc(C(=O)c2ccc(C)c3ccccc23)c2ccccc21
583,Positive,46-01,1,0.998681,1,CCCCCn1cc(C(=O)c2ccc(OC)c3ccccc23)c2ccccc21
584,Positive,46-02,1,0.998683,1,CCCCCn1cc(C(=O)c2ccc(OC)c3ccccc23)c2ccccc21
585,Positive,46-03,1,0.998693,1,CCCCCn1cc(C(=O)c2ccc(OC)c3ccccc23)c2ccccc21
586,Positive,46-04,1,0.998693,1,CCCCCn1cc(C(=O)c2ccc(OC)c3ccccc23)c2ccccc21
587,Positive,46-05,1,0.998694,1,CCCCCn1cc(C(=O)c2ccc(OC)c3ccccc23)c2ccccc21
588,Positive,46-06,1,0.998694,1,CCCCCn1cc(C(=O)c2ccc(OC)c3ccccc23)c2ccccc21
589,Positive,46-07,1,0.99869,1,CCCCCn1cc(C(=O)c2ccc(OC)c3ccccc23)c2ccccc21
590,Positive,46-08,1,0.998693,1,CCCCCn1cc(C(=O)c2ccc(OC)c3ccccc23)c2ccccc21
591,Positive,46-09,1,0.998685,1,CCCCCn1cc(C(=O)c2ccc(OC)c3ccccc23)c2ccccc21
592,Positive,46-10,1,0.998686,1,CCCCCn1cc(C(=O)c2ccc(OC)c3ccccc23)c2ccccc21
593,Positive,47-01,1,0.998696,1,NC(=O)[C@H](Cc1ccccc1)NC(=O)c1nn(CC2CCCCC2)c2ccccc12
594,Positive,47-02,1,0.998699,1,NC(=O)[C@H](Cc1ccccc1)NC(=O)c1nn(CC2CCCCC2)c2ccccc12
595,Positive,47-03,1,0.998702,1,NC(=O)[C@H](Cc1ccccc1)NC(=O)c1nn(CC2CCCCC2)c2ccccc12
596,Positive,47-04,1,0.9987,1,NC(=O)[C@H](Cc1ccccc1)NC(=O)c1nn(CC2CCCCC2)c2ccccc12
597,Positive,47-05,1,0.998701,1,NC(=O)[C@H](Cc1ccccc1)NC(=O)c1nn(CC2CCCCC2)c2ccccc12
598,Positive,47-06,1,0.998701,1,NC(=O)[C@H](Cc1ccccc1)NC(=O)c1nn(CC2CCCCC2)c2ccccc12
599,Positive,47-07,1,0.998696,1,NC(=O)[C@H](Cc1ccccc1)NC(=O)c1nn(CC2CCCCC2)c2ccccc12
600,Positive,47-08,1,0.998702,1,NC(=O)[C@H](Cc1ccccc1)NC(=O)c1nn(CC2CCCCC2)c2ccccc12
601,Positive,47-09,1,0.998698,1,NC(=O)[C@H](Cc1ccccc1)NC(=O)c1nn(CC2CCCCC2)c2ccccc12
602,Positive,47-10,1,0.9987,1,NC(=O)[C@H](Cc1ccccc1)NC(=O)c1nn(CC2CCCCC2)c2ccccc12
603,Positive,48-01,1,0.853268,0,O=C(Oc1cccc2ccccc12)c1cn(Cc2ccc(F)cc2)c2ccccc12
604,Positive,48-02,1,0.559302,0,O=C(Oc1cccc2ccccc12)c1cn(Cc2ccc(F)cc2)c2ccccc12
605,Positive,48-03,1,0.723648,0,O=C(Oc1cccc2ccccc12)c1cn(Cc2ccc(F)cc2)c2ccccc12
606,Positive,48-04,1,0.570894,0,O=C(Oc1cccc2ccccc12)c1cn(Cc2ccc(F)cc2)c2ccccc12
607,Positive,48-05,1,0.065379,0,O=C(Oc1cccc2ccccc12)c1cn(Cc2ccc(F)cc2)c2ccccc12
608,Positive,48-06,1,0.613291,0,O=C(Oc1cccc2ccccc12)c1cn(Cc2ccc(F)cc2)c2ccccc12
609,Positive,48-07,1,0.471353,0,O=C(Oc1cccc2ccccc12)c1cn(Cc2ccc(F)cc2)c2ccccc12
610,Positive,48-08,1,0.061093,0,O=C(Oc1cccc2ccccc12)c1cn(Cc2ccc(F)cc2)c2ccccc12
611,Positive,48-09,1,0.855725,0,O=C(Oc1cccc2ccccc12)c1cn(Cc2ccc(F)cc2)c2ccccc12
612,Positive,48-10,1,0.960946,1,O=C(Oc1cccc2ccccc12)c1cn(Cc2ccc(F)cc2)c2ccccc12
613,Positive,49-01,1,0.998668,1,CCCCCn1cc(C(=O)c2cccc3ccccc23)c2ccccc21
614,Positive,49-02,1,0.998669,1,CCCCCn1cc(C(=O)c2cccc3ccccc23)c2ccccc21
615,Positive,49-03,1,0.99867,1,CCCCCn1cc(C(=O)c2cccc3ccccc23)c2ccccc21
616,Positive,49-04,1,0.998668,1,CCCCCn1cc(C(=O)c2cccc3ccccc23)c2ccccc21
617,Positive,49-05,1,0.998669,1,CCCCCn1cc(C(=O)c2cccc3ccccc23)c2ccccc21
618,Positive,49-06,1,0.998666,1,CCCCCn1cc(C(=O)c2cccc3ccccc23)c2ccccc21
619,Positive,49-07,1,0.99867,1,CCCCCn1cc(C(=O)c2cccc3ccccc23)c2ccccc21
620,Positive,49-08,1,0.998669,1,CCCCCn1cc(C(=O)c2cccc3ccccc23)c2ccccc21
621,Positive,49-09,1,0.998669,1,CCCCCn1cc(C(=O)c2cccc3ccccc23)c2ccccc21
622,Positive,49-10,1,0.998669,1,CCCCCn1cc(C(=O)c2cccc3ccccc23)c2ccccc21
623,Positive,mdmb-fubica-metabolite-3,1,0.997734,1,CC(C)(C)[C@H](NC(=O)c1cn(Cc2ccc(F)cc2)c2ccccc12)C(=O)O
624,Positive,4-cyano-cumyl-butinaca,1,0.99873,1,CC(C)(NC(=O)c1nn(CCCCC#N)c2ccccc12)c1ccccc1
625,Positive,athpinaca-isomer-1,1,0.998688,1,O=C(NC12C[C@H]3C[C@@H](C1)C[C@@H](C2)C3)c1nn(CC2CCOCC2)c2ccccc12
626,Positive,4-cyano-cumyl-butinaca-isomer-2,1,0.998753,1,CC(C)(NC(=O)c1c2ccccc2nn1CCCCC#N)c1ccccc1
627,Positive,ab-bica,1,0.998692,1,CC(C)[C@H](NC(=O)c1cn(Cc2ccccc2)c2ccccc12)C(N)=O
628,Positive,5-fluoro-mdmb-pica,1,0.998467,1,COC(=O)[C@@H](NC(=O)c1cn(CCCCCF)c2ccccc12)C(C)(C)C
629,Positive,adb-fubica,1,0.99853,1,CC(C)(C)C(NC(=O)c1cn(Cc2ccc(F)cc2)c2ccccc12)C(N)=O
630,Positive,mep-fubica,1,0.998414,1,CCC[C@H](NC(=O)c1cn(Cc2ccc(F)cc2)c2ccccc12)C(=O)OC
631,Positive,chm-122,1,0.998708,1,Cc1ccc(C(=O)c2cn(CC3CCCCC3)c3ccccc23)c2ccccc12
632,Positive,mep-chmica,1,0.998305,1,CCC[C@H](NC(=O)c1cn(CC2CCCCC2)c2ccccc12)C(=O)OC
633,Positive,eg2201,1,0.998681,1,O=C(c1ccc2c(c1)c1ccccc1n2CCCCCF)c1cccc2ccccc12
634,Positive,7-methoxy-nabutie,1,0.99853,1,CCCCn1cc(C(=O)Cc2cccc3ccccc23)c2cccc(OC)c21
635,Positive,fub-jwh-018,1,0.998656,1,O=C(c1cccc2ccccc12)c1cn(Cc2ccc(F)cc2)c2ccccc12
636,Positive,jwh-412-n-5-hydroxypentyl-metabolite,1,0.998655,1,O=C(c1ccc(F)c2ccccc12)c1cn(CCCCCO)c2ccccc12
637,Positive,cumyl-pegaclone,1,0.998753,1,CCCCCn1c2ccccc2c2c(=O)n(C(C)(C)c3ccccc3)ccc21
638,Positive,ethylphenethyl-fubica,1,0.99765,1,CCC(Cc1ccccc1)NC(=O)c1cn(Cc2ccc(F)cc2)c2ccccc12
639,Positive,5-fluoro-tert-butylbenzyl-pinaca,1,0.998684,1,CC(C)(C)C(NC(=O)c1nn(CCCCCF)c2ccccc12)c1ccccc1
640,Positive,eadb-fubinaca,1,0.998637,1,CCNC(=O)[C@@H](NC(=O)c1nn(Cc2ccc(F)cc2)c2ccccc12)C(C)(C)C
641,Positive,mep-fubinaca,1,0.998632,1,CCC[C@H](NC(=O)c1nn(Cc2ccc(F)cc2)c2ccccc12)C(=O)OC
642,Positive,azefubim,1,0.99847,1,O=C(c1cn(Cc2ccc(F)cc2)c2ccccc12)N1CCC1
643,Positive,ethylbenzyl-cybinaca,1,0.998677,1,CCC(NC(=O)c1nn(CCCCC#N)c2ccccc12)c1ccccc1
644,Positive,4-cyano-cumyl-but7aica,1,0.998747,1,CC(C)(NC(=O)c1cn(CCCCC#N)c2ncccc12)c1ccccc1
645,Positive,athpinaca-isomer-2,1,0.998636,1,O=C(NC1C2CC3CC(C2)CC1C3)c1nn(CC2CCOCC2)c2ccccc12
646,Positive,5-fluoro-7-apaica,1,0.998706,1,O=C(NC12C[C@H]3C[C@@H](C1)C[C@@H](C2)C3)c1cn(CCCCCF)c2ncccc12
647,Positive,achminaca,1,0.998713,1,O=C(NC12C[C@H]3C[C@@H](C1)C[C@@H](C2)C3)c1nn(CC2CCCCC2)c2ccccc12
648,Positive,rcs-4-d9,1,0.998731,1,[2H]C([2H])([2H])C([2H])([2H])C([2H])([2H])C([2H])([2H])Cn1cc(C(=O)c2ccc(OC)cc2)c2ccccc21
649,Positive,mmb-fubinaca,1,0.99866,1,COC(=O)[C@@H](NC(=O)c1nn(Cc2ccc(F)cc2)c2ccccc12)C(C)C
650,Positive,5-bromo-apinaca,1,0.99869,1,O=C(NC12C[C@H]3C[C@@H](C1)C[C@@H](C2)C3)c1nn(CCCCCBr)c2ccccc12
651,Positive,mmb022,1,0.998681,1,C=CCCCn1cc(C(=O)N[C@H](C(=O)OC)C(C)C)c2ccccc21
652,Positive,mdmb-4en-pinaca,1,0.998677,1,C=CCCCn1nc(C(=O)N[C@H](C(=O)OC)C(C)(C)C)c2ccccc21
653,Positive,4-chloro-cumyl-pinaca,1,0.998745,1,CCCCCn1nc(C(=O)NC(C)(C)c2ccc(Cl)cc2)c2ccccc21
654,Positive,4-fluoro-cumyl-5-fluoro-pica,1,0.998736,1,CC(C)(NC(=O)c1cn(CCCCCF)c2ccccc12)c1ccc(F)cc1
655,Positive,4-fluoro-cumyl-5-fluoro-pinaca,1,0.998734,1,CC(C)(NC(=O)c1nn(CCCCCF)c2ccccc12)c1ccc(F)cc1
656,Positive,app-butinaca,1,0.998677,1,CCCCn1nc(C(=O)N[C@@H](Cc2ccccc2)C(N)=O)c2ccccc21
657,Positive,jwh-018-d9,1,0.998706,1,[2H]C([2H])([2H])C([2H])([2H])C([2H])([2H])C([2H])([2H])Cn1cc(C(=O)c2cccc3ccccc23)c2ccccc21
658,Positive,4-fluoro-mdmb-butinaca-n-4-hydroxybutyl-metabolite,1,0.998732,1,COC(=O)[C@@H](NC(=O)c1nn(CCCCO)c2ccccc12)C(C)(C)C
659,Positive,5-fluoro-mdmb-pica-metabolite-7,1,0.998698,1,CC(C)(C)[C@H](NC(=O)c1cn(CCCCCF)c2ccccc12)C(=O)O
660,Positive,ab-pinaca-3-carboxyindazole-metabolite,1,0.998704,1,CCCCCn1nc(C(=O)O)c2ccccc21
661,Positive,5-fluoro-ab-pinaca-3-carboxyindazole-metabolite,1,0.998676,1,O=C(O)c1nn(CCCCCF)c2ccccc12
662,Positive,4-fluoro-mdmb-butinaca,1,0.998607,1,COC(=O)[C@@H](NC(=O)c1nn(CCCCF)c2ccccc12)C(C)(C)C
663,Positive,4-fluoro-mdmb-butinaca-3-carboxyindazole-metabolite,1,0.998627,1,O=C(O)c1nn(CCCCF)c2ccccc12
664,Positive,4-fluoro-mdmb-butinaca-butanoic-acid-metabolite,1,0.9987,1,CC(C)(C)[C@H](NC(=O)c1nn(CCCCF)c2ccccc12)C(=O)O
665,Positive,jwh-073-n-4-hydroxybutyl-metabolite-d5,1,0.998697,1,[2H]c1c([2H])c([2H])c2c(c1[2H])c(C(=O)c1cccc3ccccc13)c([2H])n2CCCCO
666,Positive,5-fluoro-cumyl-pegaclone,1,0.998723,1,CC(C)(c1ccccc1)n1ccc2c(c1=O)c1ccccc1n2CCCCCF
667,Positive,5-fluoro-mdmb-pica-d5,1,0.998556,1,[2H]c1c([2H])c([2H])c2c(c1[2H])c(C(=O)N[C@H](C(=O)OC)C(C)(C)C)c([2H])n2CCCCCF
668,Positive,5-fluoro-mdmb-pica-metabolite-7-d5,1,0.998695,1,[2H]c1c([2H])c([2H])c2c(c1[2H])c(C(=O)N[C@H](C(=O)O)C(C)(C)C)c([2H])n2CCCCCF
669,Positive,4-cyano-mdmb-butinaca,1,0.998628,1,COC(=O)[C@@H](NC(=O)c1nn(CCCCC#N)c2ccccc12)C(C)(C)C
670,Positive,5-fluoro-mdmb-pica-metabolite-2,1,0.998639,1,COC(=O)[C@@H](NC(=O)c1cn(CCCCCO)c2ccccc12)C(C)(C)C
671,Positive,mdmb-chmica-metabolite-m2,1,0.998696,1,CC(C)(C)[C@H](NC(=O)c1cn(CC2CCCCC2)c2ccccc12)C(=O)O
672,Positive,mdmb-3en-butinaca,1,0.998673,1,C=CCCn1nc(C(=O)N[C@H](C(=O)OC)C(C)(C)C)c2ccccc21
673,Positive,5-fluoro-mdmb-7-paica,1,0.9986,1,COC(=O)[C@@H](NC(=O)c1cn(CCCCCF)c2ncccc12)C(C)(C)C
674,Positive,5-fluoro-mdmb-7-paica-butanoic-acid-metabolite,1,0.998696,1,CC(C)(C)[C@H](NC(=O)c1cn(CCCCCF)c2ncccc12)C(=O)O
675,Positive,mmb-4en-pinaca,1,0.998691,1,C=CCCCn1nc(C(=O)N[C@H](C(=O)OC)C(C)C)c2ccccc21
676,Positive,5-bromo-amb-pica,1,0.998693,1,COC(=O)[C@@H](NC(=O)c1cn(CCCCCBr)c2ccccc12)C(C)C
677,Positive,5-fluoro-mdmb-pica-metabolite-4,1,0.998667,1,CC(C)(C)[C@H](NC(=O)c1cn(CCCC(O)CF)c2ccccc12)C(=O)O
678,Positive,5-fluoro-mdmb-pica-metabolite-9,1,0.998217,1,COC(=O)[C@@H](NC(=O)c1cn(CCCCCF)c2cc(O)ccc12)C(C)(C)C
679,Positive,adb-butinaca,1,0.998675,1,CCCCn1nc(C(=O)N[C@H](C(N)=O)C(C)(C)C)c2ccccc21
680,Positive,5-chloro-amb-pica,1,0.998546,1,COC(=O)[C@@H](NC(=O)c1cn(CCCCCCl)c2ccccc12)C(C)C
681,Positive,5-chloro-mdmb-pica,1,0.998533,1,COC(=O)[C@@H](NC(=O)c1cn(CCCCCCl)c2ccccc12)C(C)(C)C
682,Positive,cumyl-cbmica,1,0.998707,1,CC(C)(NC(=O)c1cn(CC2CCC2)c2ccccc12)c1ccccc1
683,Positive,5-fluoro-ab-7-paica,1,0.89927,0,CC(C)[C@H](NC(=O)c1cn(CCCCCF)c2ncccc12)C(N)=O
684,Positive,cumyl-pipetinaca,1,0.991579,1,CC(C)(NC(=O)c1nn(CCN2CCCCC2)c2ccccc12)c1ccccc1.Cl
685,Positive,4-fluoro-abutinaca,1,0.998293,1,O=C(NC12C[C@H]3C[C@@H](C1)C[C@@H](C2)C3)c1nn(CCCCF)c2ccccc12
686,Positive,5-fluoro-emb-pica,1,0.998572,1,CCOC(=O)[C@@H](NC(=O)c1cn(CCCCCF)c2ccccc12)C(C)C
687,Positive,4-fluoro-mdmb-butica,1,0.998045,1,COC(=O)[C@@H](NC(=O)c1cn(CCCCF)c2ccccc12)C(C)(C)C
688,Positive,adb-butinaca-n-butanoic-acid-metabolite,1,0.998654,1,CC(C)(C)[C@H](NC(=O)c1nn(CCCC(=O)O)c2ccccc12)C(N)=O
689,Positive,mdmb-3en-butinaca-butanoic-acid-metabolite,1,0.99868,1,C=CCCn1nc(C(=O)N[C@H](C(=O)O)C(C)(C)C)c2ccccc21
690,Positive,mdmb-4en-pica-butanoic-acid-metabolite,1,0.998685,1,C=CCCCn1cc(C(=O)N[C@H](C(=O)O)C(C)(C)C)c2ccccc21
691,Positive,5-fluoro-edmb-pica,1,0.99813,1,CCOC(=O)[C@@H](NC(=O)c1cn(CCCCCF)c2ccccc12)C(C)(C)C
692,Positive,5-fluoro-2-adb-pinaca-isomer-2,1,0.998693,1,CC[C@H](C)[C@H](NC(=O)c1c2ccccc2nn1CCCCCF)C(N)=O
693,Positive,cumyl-cbminaca,1,0.998631,1,CC(C)(NC(=O)c1nn(CC2CCC2)c2ccccc12)c1ccccc1
694,Positive,benzyl-4-cyano-butinaca,1,0.998419,1,N#CCCCCn1nc(C(=O)NCc2ccccc2)c2ccccc21
695,Positive,5-fluoro-mmb-p7aica,1,0.998686,1,COC(=O)[C@@H](NC(=O)c1cn(CCCCCF)c2ncccc12)C(C)C
696,Positive,mmb-chm7aica,1,0.998648,1,COC(=O)[C@@H](NC(=O)c1cn(CC2CCCCC2)c2ncccc12)C(C)C
697,Positive,4-cyano-cumyl-butczca,1,0.998656,1,CC(C)(NC(=O)c1ccc2c(c1)c1ccccc1n2CCCCC#N)c1ccccc1
698,Positive,4-cyano-adb-butinaca,1,0.9979,1,CC(C)(C)C(NC(=O)c1nn(CCCCC#N)c2ccccc12)C(N)=O
699,Positive,ipdmb-fubinaca,1,0.998055,1,CC(C)OC(=O)[C@@H](NC(=O)c1nn(Cc2ccc(F)cc2)c2ccccc12)C(C)(C)C
700,Positive,4-fluoro-emb-butica,1,0.998603,1,CCOC(=O)[C@@H](NC(=O)c1cn(CCCCF)c2ccccc12)C(C)C
701,Positive,thq-pinaca,1,0.99848,1,CCCCCn1nc(C(=O)N2CCCc3ccccc32)c2ccccc21
702,Positive,mdmb-chm7aica,1,0.998669,1,COC(=O)[C@@H](NC(=O)c1cn(CC2CCCCC2)c2ncccc12)C(C)(C)C
703,Positive,mdmb-fub7aica,1,0.998654,1,COC(=O)[C@@H](NC(=O)c1cn(Cc2ccc(F)cc2)c2ncccc12)C(C)(C)C
704,Positive,cumyl-ch-megaclone,1,0.998738,1,CC(C)(c1ccccc1)n1ccc2c(c1=O)c1ccccc1n2CC1CCCCC1
705,Positive,cumyl-cb-megaclone,1,0.998716,1,CC(C)(c1ccccc1)n1ccc2c(c1=O)c1ccccc1n2CC1CCC1
706,Positive,mdmb-butinaca,1,0.998535,1,CCCCn1nc(C(=O)N[C@H](C(=O)OC)C(C)(C)C)c2ccccc21
707,Positive,adb-4en-pinaca,1,0.998556,1,C=CCCCn1nc(C(=O)NC(C(N)=O)C(C)(C)C)c2ccccc21
708,Positive,4-chloro-mdmb-butica,1,0.998558,1,COC(=O)[C@@H](NC(=O)c1cn(CCCCCl)c2ccccc12)C(C)(C)C
709,Positive,adb-phetinaca,1,0.998442,1,CC(C)(C)[C@H](NC(=O)c1nn(CCc2ccccc2)c2ccccc12)C(N)=O
710,Positive,afub7aica,1,0.998692,1,O=C(NC12C[C@H]3C[C@@H](C1)C[C@@H](C2)C3)c1cn(Cc2ccc(F)cc2)c2ncccc12
711,Positive,afub7aica-7-azaindole-isomer,1,0.998649,1,O=C(NC12CC3CC(CC(C3)C1)C2)c1cnc2n(Cc3ccc(F)cc3)cccc1-2
712,Positive,mdmb-benzica,1,0.998461,1,COC(=O)[C@@H](NC(=O)c1cn(Cc2ccccc2)c2ccccc12)C(C)(C)C
713,Positive,bzo-poxizid,1,0.998745,1,CCCCCN1C(=O)/C(=N\NC(=O)c2ccccc2)c2ccccc21
714,Positive,adb-hexinaca,1,0.998547,1,CCCCCCn1nc(C(=O)N[C@H](C(N)=O)C(C)(C)C)c2ccccc21
715,Positive,5-fluoro-bzo-poxizid,1,0.998593,1,O=C(N/N=C1\C(=O)N(CCCCCF)c2ccccc21)c1ccccc1
716,Positive,edmb-pinaca,1,0.998485,1,CCCCCn1nc(C(=O)N[C@H](C(=O)OCC)C(C)(C)C)c2ccccc21
717,Positive,amp-4en-pinaca,1,0.998574,1,C=CCCCn1nc(C(=O)N[C@@H](CC)C(N)=O)c2ccccc21
718,Positive,4-cyano-mmb-butinaca,1,0.998488,1,COC(=O)[C@@H](NC(=O)c1nn(CCCCC#N)c2ccccc12)C(C)C
719,Positive,bzo-chmoxizid,1,0.998729,1,O=C(N/N=C1\C(=O)N(CC2CCCCC2)c2ccccc21)c1ccccc1
720,Positive,adb-p7aica,1,0.961273,1,CCCCCn1cc(C(=O)N[C@H](C(N)=O)C(C)(C)C)c2cccnc21
721,Positive,bzo-4en-poxizid,1,0.998732,1,C=CCCCN1C(=O)/C(=N\NC(=O)c2ccccc2)c2ccccc21
722,Positive,adb-5-primebr-inaca,1,0.998655,1,CC(C)(C)[C@H](NC(=O)c1n[nH]c2ccc(Br)cc12)C(N)=O
723,Positive,rcs-4-c4-homolog,1,0.998755,1,CCCCn1cc(C(=O)c2ccc(OC)cc2)c2ccccc21
724,Positive,jwh-398-2-chloronaphthyl-isomer,1,0.998664,1,CCCCCn1cc(C(=O)c2c(Cl)ccc3ccccc23)c2ccccc21
725,Positive,"jwh-018-n-1,1-dimethylpropyl-isomer",1,0.998471,1,CCC(C)(C)n1cc(C(=O)c2cccc3ccccc23)c2ccccc21
726,Positive,jwh-251-3-methylphenyl-isomer,1,0.998476,1,CCCCCn1cc(C(=O)Cc2cccc(C)c2)c2ccccc21
727,Positive,rcs-8-3-methoxy-isomer,1,0.980993,1,COc1cccc(CC(=O)c2cn(CCC3CCCCC3)c3ccccc23)c1
728,Positive,"jwh-018-2-naphthyl-n-1,1-dimethylpropyl-isomer",1,0.998665,1,CCC(C)(C)n1cc(C(=O)c2ccc3ccccc3c2)c2ccccc21
729,Positive,"jwh-073-n-1,1-dimethylethyl-isomer",1,0.997662,1,CC(C)(C)n1cc(C(=O)c2cccc3ccccc23)c2ccccc21
730,Positive,"jwh-018-n-1,2-dimethylpropyl-isomer",1,0.99836,1,CC(C)C(C)n1cc(C(=O)c2cccc3ccccc23)c2ccccc21
731,Positive,"jwh-073-2-naphthyl-n-1,1-dimethylethyl-isomer",1,0.998611,1,CC(C)(C)n1cc(C(=O)c2ccc3ccccc3c2)c2ccccc21
732,Positive,jwh-398-5-chloronaphthyl-isomer,1,0.998669,1,CCCCCn1cc(C(=O)c2cccc3c(Cl)cccc23)c2ccccc21
733,Positive,jwh-018-n-1-ethylpropyl-isomer,1,0.998584,1,CCC(CC)n1cc(C(=O)c2cccc3ccccc23)c2ccccc21
734,Positive,jwh-018-2-naphthyl-n-1-ethylpropyl-isomer,1,0.998174,1,CCC(CC)n1cc(C(=O)c2ccc3ccccc3c2)c2ccccc21
735,Positive,jwh-398-7-chloronaphthyl-isomer,1,0.998669,1,CCCCCn1cc(C(=O)c2cccc3ccc(Cl)cc23)c2ccccc21
736,Positive,jwh-398-8-chloronaphthyl-isomer,1,0.998515,1,CCCCCn1cc(C(=O)c2cccc3cccc(Cl)c23)c2ccccc21
737,Positive,jwh-122-2-methylnaphthyl-isomer,1,0.998675,1,CCCCCn1cc(C(=O)c2c(C)ccc3ccccc23)c2ccccc21
738,Positive,jwh-122-3-methylnaphthyl-isomer,1,0.998696,1,CCCCCn1cc(C(=O)c2cc(C)cc3ccccc23)c2ccccc21
739,Positive,jwh-122-5-methylnaphthyl-isomer,1,0.998684,1,CCCCCn1cc(C(=O)c2cccc3c(C)cccc23)c2ccccc21
740,Positive,jwh-122-7-methylnaphthyl-isomer,1,0.99869,1,CCCCCn1cc(C(=O)c2cccc3ccc(C)cc23)c2ccccc21
741,Positive,jwh-122-8-methylnaphthyl-isomer,1,0.998671,1,CCCCCn1cc(C(=O)c2cccc3cccc(C)c23)c2ccccc21
742,Positive,jwh-081-2-methoxynaphthyl-isomer,1,0.998673,1,CCCCCn1cc(C(=O)c2c(OC)ccc3ccccc23)c2ccccc21
743,Positive,jwh-081-7-methoxynaphthyl-isomer,1,0.998671,1,CCCCCn1cc(C(=O)c2cccc3ccc(OC)cc23)c2ccccc21
744,Positive,jwh-210-2-ethylnaphthyl-isomer,1,0.9987,1,CCCCCn1cc(C(=O)c2c(CC)ccc3ccccc23)c2ccccc21
745,Positive,jwh-210-5-ethylnaphthyl-isomer,1,0.998689,1,CCCCCn1cc(C(=O)c2cccc3c(CC)cccc23)c2ccccc21
746,Positive,"jwh-018-2-naphthyl-n-1,2-dimethylpropyl-isomer",1,0.997631,1,CC(C)C(C)n1cc(C(=O)c2cccc3ccccc23)c2ccccc21
747,Positive,jwh-210-3-ethylnaphthyl-isomer,1,0.998686,1,CCCCCn1cc(C(=O)c2cc(CC)cc3ccccc23)c2ccccc21
748,Positive,jwh-122-6-methylnaphthyl-isomer,1,0.998696,1,CCCCCn1cc(C(=O)c2cccc3cc(C)ccc23)c2ccccc21
749,Positive,jwh-081-8-methoxynaphthyl-isomer,1,0.998648,1,CCCCCn1cc(C(=O)c2cccc3cccc(OC)c23)c2ccccc21
750,Positive,jwh-210-6-ethylnaphthyl-isomer,1,0.998691,1,CCCCCn1cc(C(=O)c2cccc3cc(CC)ccc23)c2ccccc21
751,Positive,jwh-210-8-ethylnaphthyl-isomer,1,0.998696,1,CCCCCn1cc(C(=O)c2cccc3cccc(CC)c23)c2ccccc21
752,Positive,jwh-081-3-methoxynaphthyl-isomer,1,0.998673,1,CCCCCn1cc(C(=O)c2cc(OC)cc3ccccc23)c2ccccc21
753,Positive,jwh-210-7-ethylnaphthyl-isomer,1,0.998677,1,CCCCCn1cc(C(=O)c2cccc3ccc(CC)cc23)c2ccccc21
754,Positive,5-fluoro 7-QUPAIC,1,0.550893,0,
755,Positive,MN-18,1,0.447808,0,
756,Positive,5-fluoro MN-18,1,0.084873,0,
757,Positive,PX 2,1,0.955456,1,
758,Positive,3-fluoro NNEI,1,0.96051,1,
759,Positive,5-Chloro-NNEI,1,0.883226,0,
760,Positive,Mepirapim,1,0.085556,0,
761,Positive,MDA 19,1,0.337679,0,
762,Positive,5-Fluoro-BEPIRAPIM,1,0.620513,0,
763,Positive,5-fluoro BEPIRAPIM,1,0.625424,0,
764,Positive,5-Fluoro-CYPPICA,1,0.93682,1,
765,Positive,5-fluoro-CYPPICA,1,0.408551,0,
766,Positive,AM694 4-iodo isomer,1,0.876635,0,
767,Positive,AM694 (exempt preparation),1,0.891489,0,
768,Positive,AM694 3-iodo isomer,1,0.962971,1,
769,Positive,AM694 chloro derivative,1,0.466385,0,
770,Positive,AM694,1,0.968357,1,
771,Positive,5-fluoro ethylbenzyl-PICA,1,0.954564,1,
772,Positive,5-Fluoro-ethylbenzyl-PICA,1,0.880973,0,
773,Positive,MPP-PICA,1,0.525728,0,
774,Positive,5-fluoro MPP-PICA,1,0.684278,0,
775,Positive,(.+/-.)-ORG 28611,1,0.882594,0,
776,Positive,MDA-19 N-(5-hydroxyhexyl) metabolite,1,0.013558,0,
777,Positive,MDA 77,1,0.559865,0,
778,Positive,NAPIE,1,0.991874,1,
779,Positive,4-Quinolone-3-Carboxamide CB2 Ligand,1,0.687631,0,
780,Positive,"WIN 55,212-3",1,0.922272,1,
781,Positive,"(-) WIN 55,212-3",1,0.982159,1,
782,Positive,AM2233,1,0.847101,0,
783,Positive,AM2233 azepane isomer,1,0.273437,0,
784,Positive,AM679,1,0.673746,0,
785,Positive,5-fluoro PCN,1,0.857196,0,
786,Positive,5-Fluoro-PCN,1,0.608315,0,
787,Positive,5-Fluoro-APINAC,1,0.088695,0,
788,Positive,Ethylbenzyl-PeGACLONE,1,0.859167,0,
789,Positive,5-fluoro MN-18,1,0.084873,0,
790,Positive,jwh-081-5-methoxynaphthyl-isomer,1,0.998667,1,CCCCCn1cc(C(=O)c2cccc3c(OC)cccc23)c2ccccc21
791,Positive,jwh-081-6-methoxynaphthyl-isomer,1,0.998673,1,CCCCCn1cc(C(=O)c2cccc3cc(OC)ccc23)c2ccccc21
792,Positive,jwh-073-4-methylnaphthyl-analog,1,0.998723,1,CCCCn1cc(C(=O)c2ccc(C)c3ccccc23)c2ccccc21
793,Positive,jwh-251-4-methylphenyl-isomer,1,0.998145,1,CCCCCn1cc(C(=O)Cc2ccc(C)cc2)c2ccccc21
794,Positive,jwh-122-n-4-pentenyl-analog,1,0.998704,1,[2H]C([2H])(CC=C)C([2H])([2H])n1cc(C(=O)c2ccc(C)c3ccccc23)c2ccccc21
795,Positive,rcs-8-4-methoxy-isomer,1,0.865568,0,COc1ccc(CC(=O)c2cn(CCC3CCCCC3)c3ccccc23)cc1
796,Positive,xlr11-n-4-pentenyl-analog,1,0.998704,1,C=CCCCn1cc(C(=O)C2C(C)(C)C2(C)C)c2ccccc21
797,Positive,jwh-018-n-5-hydroxypentyl-metabolite-d5,1,0.998684,1,[2H]c1c([2H])c([2H])c2c(c1[2H])c(C(=O)c1cccc3ccccc13)c([2H])n2CCCCCO
798,Positive,sts-135,1,0.99868,1,O=C(NC12CC3CC(CC(C3)C1)C2)c1cn(CCCCCF)c2ccccc12
799,Positive,jwh-398-3-chloronaphthyl-isomer,1,0.998662,1,CCCCCn1cc(C(=O)c2cc(Cl)cc3ccccc23)c2ccccc21
800,Positive,.+/-.-ur-144-n-4-hydroxypentyl-metabolite,1,0.998716,1,[2H]c1c([2H])c([2H])c2c(c1[2H])c(C(=O)C1C(C)(C)C1(C)C)c([2H])n2CCCC(C)O
801,Positive,ab-005,1,0.996049,1,CN1CCCCC1Cn1cc(C(=O)C2C(C)(C)C2(C)C)c2ccccc21
802,Positive,.+/-.-jwh-018-n-4-hydroxypentyl-metabolite,1,0.998664,1,[2H]c1c([2H])c([2H])c2c(c(C(=O)c3cccc4ccccc34)cn2CCCC(C)O)c1[2H]
803,Positive,"jwh-018-2-naphthyl-n-2,2-dimethylpropyl-isomer",1,0.998693,1,CC(C)(C)Cn1cc(C(=O)c2ccc3ccccc3c2)c2ccccc21
804,Positive,jwh-398-6-chloronaphthyl-isomer,1,0.998648,1,CCCCCn1cc(C(=O)c2cccc3cc(Cl)ccc23)c2ccccc21
805,Positive,jwh-398-n-4-hydroxypentyl-metabolite,1,0.998655,1,[2H]c1c([2H])c([2H])c2c(c1[2H])c(C(=O)c1ccc(Cl)c3ccccc13)c([2H])n2CCCC(C)O
806,Positive,ab-005-azepane-isomer,1,0.998706,1,CN1CCCCC(n2cc(C(=O)C3C(C)(C)C3(C)C)c3ccccc32)C1
807,Positive,jwh-309-5-isomer,1,0.998657,1,CCCCCn1ccc(C(=O)c2cccc3ccccc23)c1-c1cccc2ccccc12
808,Positive,xlr11-n-2-fluoropentyl-isomer,1,0.99857,1,CCCC(F)Cn1cc(C(=O)C2C(C)(C)C2(C)C)c2ccccc21
809,Positive,xlr11-n-3-fluoropentyl-isomer,1,0.998721,1,CCC(F)CCn1cc(C(=O)C2C(C)(C)C2(C)C)c2ccccc21
810,Positive,ur-144-n-5-bromopentyl-isomer,1,0.998728,1,CC1(C)C(C(=O)c2cn(CCCCCBr)c3ccccc23)C1(C)C
811,Positive,xlr11-n-4-hydroxypentyl-metabolite,1,0.998682,1,CC1(C)C(C(=O)c2cn(CCCC(O)CF)c3ccccc23)C1(C)C
812,Positive,jwh-122-n-5-hydroxypentyl-metabolite,1,0.998681,1,Cc1ccc(C(=O)c2cn(CCCCCO)c3ccccc23)c2ccccc12
813,Positive,ur-144n-5-chloropentyl-analog,1,0.998723,1,CC1(C)C(C(=O)c2cn(CCCCCCl)c3ccccc23)C1(C)C
814,Positive,xlr11-n-4-fluoropentyl-isomer,1,0.998731,1,CC(F)CCCn1cc(C(=O)C2C(C)(C)C2(C)C)c2ccccc21
815,Positive,akb48-n-5-fluoropentyl-analog,1,0.998723,1,O=C(NC12CC3CC(CC(C3)C1)C2)c1nn(CCCCCF)c2ccccc12
816,Positive,rcs-4-m9-metabolite,1,0.99871,1,CC(O)CCCn1cc(C(=O)c2ccc(O)cc2)c2ccccc21
817,Positive,jwh-073-n-3-hydroxybutyl-metabolite,1,0.998689,1,CC(O)CCn1cc(C(=O)c2cccc3ccccc23)c2ccccc21
818,Positive,jwh-018-n-5-hydroxypentyl-metabolite,1,0.998688,1,[2H]c1c([2H])c([2H])c2c(c1[2H])c(C(=O)c1cccc3ccccc13)c([2H])n2CCCCCO
819,Positive,jwh-019-n-6-hydroxyhexyl-metabolite,1,0.998676,1,O=C(c1cccc2ccccc12)c1cn(CCCCCCO)c2ccccc12
820,Positive,jwh-122-n-4-hydroxypentyl-metabolite,1,0.998688,1,Cc1ccc(C(=O)c2cn(CCCC(C)O)c3ccccc23)c2ccccc12
821,Positive,jwh-210-n-4-hydroxypentyl-metabolite,1,0.998661,1,CCc1ccc(C(=O)c2cn(CCCC(C)O)c3ccccc23)c2ccccc12
822,Positive,rcs-4-n-5-hydroxypentyl-metabolite,1,0.998721,1,COc1ccc(C(=O)c2cn(CCCCCO)c3ccccc23)cc1
823,Positive,jwh-250-n-4-hydroxypentyl-metabolite,1,0.99871,1,COc1ccccc1CC(=O)c1cn(CCCC(C)O)c2ccccc12
824,Positive,jwh-073-n-4-hydroxybutyl-metabolite,1,0.998716,1,O=C(c1cccc2ccccc12)c1cn(CCCCO)c2ccccc12
825,Positive,rcs-4-n-4-hydroxypentyl-metabolite,1,0.998722,1,COc1ccc(C(=O)c2cn(CCCC(C)O)c3ccccc23)cc1
826,Positive,jwh-081-n-5-hydroxypentyl-metabolite,1,0.998672,1,COc1ccc(C(=O)c2cn(CCCCCO)c3ccccc23)c2ccccc12
827,Positive,.+/-.-jwh-018-n-3-hydroxypentyl-metabolite,1,0.998688,1,CCC(O)CCn1cc(C(=O)c2cccc3ccccc23)c2ccccc21
828,Positive,.+/-.-jwh-018-n-2-hydroxypenyl-metabolite,1,0.998692,1,CCCC(O)Cn1cc(C(=O)c2cccc3ccccc23)c2ccccc21
829,Positive,jwh-019-5-hydroxyindole-metabolite,1,0.998654,1,CCCCCCn1cc(C(=O)c2cccc3ccccc23)c2cc(O)ccc21
830,Positive,jwh-250-5-hydroxyindole-metabolite,1,0.99799,1,CCCCCn1cc(C(=O)Cc2ccccc2OC)c2cc(O)ccc21
831,Positive,jwh-250-n-5-hydroxypentyl-metabolite,1,0.998652,1,COc1ccccc1CC(=O)c1cn(CCCCCO)c2ccccc12
832,Positive,jwh-210-n-5-hydroxypentyl-metabolite,1,0.998706,1,CCc1ccc(C(=O)c2cn(CCCCCO)c3ccccc23)c2ccccc12
833,Positive,jwh-073-2-hydroxyindole-metabolite,1,0.998684,1,CCCCn1c(O)c(C(=O)c2cccc3ccccc23)c2ccccc21
834,Positive,rcs-4-3-methoxy-isomer,1,0.998705,1,CCCCCn1cc(C(=O)c2cccc(OC)c2)c2ccccc21
835,Positive,jwh-145-2-phenyl-isomer,1,0.99867,1,CCCCCn1ccc(C(=O)c2cccc3ccccc23)c1-c1ccccc1
836,Positive,ur-144-degradant,1,0.9987,1,C=C(C)C(C)(C)CC(=O)c1cn(CCCCC)c2ccccc12
837,Positive,rcs-4-m10-metabolite,1,0.998711,1,O=C(c1ccc(O)cc1)c1cn(CCCCCO)c2ccccc12
838,Positive,rcs-4-m11-metabolite,1,0.998666,1,CC(=O)CCCn1cc(C(=O)c2ccc(O)cc2)c2ccccc21
839,Positive,xlr-11-degradant,1,0.998697,1,C=C(C)C(C)(C)CC(=O)c1cn(CCCCCF)c2ccccc12
840,Positive,jwh-018-n-4-oxo-pentyl-metabolite,1,0.998667,1,CC(=O)CCCn1cc(C(=O)c2cccc3ccccc23)c2ccccc21
841,Positive,jwh-073-6-methoxyindole-analog,1,0.998727,1,CCCCn1cc(C(=O)c2cccc3ccccc23)c2ccc(OC)cc21
842,Positive,pb-22,1,0.99859,1,CCCCCn1cc(C(=O)Oc2cccc3cccnc23)c2ccccc21
843,Positive,5-fluoro-pb-22,1,0.998602,1,O=C(Oc1cccc2cccnc12)c1cn(CCCCCF)c2ccccc12
844,Positive,ur-144-n-heptyl-analog,1,0.99871,1,CCCCCCCn1cc(C(=O)C2C(C)(C)C2(C)C)c2ccccc21
845,Positive,ur-144-n-2-chloropentyl-analog,1,0.998744,1,CCCC(Cl)Cn1cc(C(=O)C2C(C)(C)C2(C)C)c2ccccc21
846,Positive,jwh-018-indazole-analog,1,0.998692,1,CCCCCn1nc(C(=O)c2cccc3ccccc23)c2ccccc21
847,Positive,rcs-4-4-hydroxyphenyl-metabolite,1,0.998718,1,CCCCCn1cc(C(=O)c2ccc(O)cc2)c2ccccc21
848,Positive,ur-144-n-5-methylhexyl-analog,1,0.998697,1,CC(C)CCCCn1cc(C(=O)C2C(C)(C)C2(C)C)c2ccccc21
849,Positive,jwh-203-n-5-hydroxypentyl-metabolite,1,0.998586,1,O=C(Cc1ccccc1Cl)c1cn(CCCCCO)c2ccccc12
850,Positive,jwh-073-n-2-hydroxybutyl-metabolite,1,0.998709,1,CCC(O)Cn1cc(C(=O)c2cccc3ccccc23)c2ccccc21
851,Positive,jwh-203-n-4-hydroxypentyl-metabolite,1,0.998722,1,CC(O)CCCn1cc(C(=O)Cc2ccccc2Cl)c2ccccc21
852,Positive,5-fluoro-pb-22-n-4-fluoropentyl-isomer,1,0.998595,1,CC(F)CCCn1cc(C(=O)Oc2cccc3cccnc23)c2ccccc21
853,Positive,jwh-019-n-5-hydroxyhexyl-metabolite,1,0.998686,1,CC(O)CCCCn1cc(C(=O)c2cccc3ccccc23)c2ccccc21
854,Positive,5-fluoro-adbica,1,0.998424,1,CC(C)(C)C(NC(=O)c1cn(CCCCCF)c2ccccc12)C(N)=O
855,Positive,adb-fubinaca,1,0.998656,1,CC(C)(C)C(NC(=O)c1nn(Cc2ccc(F)cc2)c2ccccc12)C(N)=O
856,Positive,fub-pb-22,1,0.998398,1,O=C(Oc1cccc2cccnc12)c1cn(Cc2ccc(F)cc2)c2ccccc12
857,Positive,akb48-n-4-hydroxypentyl-metabolite,1,0.998695,1,CC(O)CCCn1nc(C(=O)NC23CC4CC(CC(C4)C2)C3)c2ccccc21
858,Positive,adbica,1,0.998531,1,CCCCCn1cc(C(=O)NC(C(N)=O)C(C)(C)C)c2ccccc21
859,Positive,5-fluoro-ab-pinaca,1,0.998687,1,CC(C)[C@H](NC(=O)c1nn(CCCCCF)c2ccccc12)C(N)=O
860,Positive,jwh-081-4-hydroxynaphthyl-metabolite,1,0.998681,1,CCCCCn1cc(C(=O)c2ccc(O)c3ccccc23)c2ccccc21
861,Positive,ab-pinaca-n-5-hydroxypentyl-metabolite,1,0.998716,1,CC(C)C(NC(=O)c1nn(CCCCCO)c2ccccc12)C(N)=O
862,Positive,5-fluoro-thj,1,0.998708,1,O=C(Nc1cccc2cccnc12)c1nn(CCCCCF)c2ccccc12
863,Positive,5-fluoro-pb-22-n-2-fluoropentyl-isomer,1,0.998355,1,CCCC(F)Cn1cc(C(=O)Oc2cccc3cccnc23)c2ccccc21
864,Positive,jwh-081-n-4-hydroxypentyl-metabolite,1,0.998656,1,COc1ccc(C(=O)c2cn(CCCC(C)O)c3ccccc23)c2ccccc12
865,Positive,jwh-081-n-cyclohexylmethyl-analog,1,0.998688,1,COc1ccc(C(=O)c2cn(CC3CCCCC3)c3ccccc23)c2ccccc12
866,Positive,jwh-018-8-quinolinyl-carboxamide,1,0.998503,1,CCCCCn1cc(C(=O)Nc2cccc3cccnc23)c2ccccc21
867,Positive,xlr12,1,0.998501,1,CC1(C)C(C(=O)c2cn(CCCC(F)(F)F)c3ccccc23)C1(C)C
868,Positive,ur-144-n-3-chloropentyl-analog,1,0.998737,1,CCC(Cl)CCn1cc(C(=O)C2C(C)(C)C2(C)C)c2ccccc21
869,Positive,5-fluoro-akb48-n-5-hydroxypentyl-metabolite,1,0.998701,1,O=C(NC12C[C@H]3C[C@@H](C1)C[C@@H](C2)C3)c1nn(CCCCCO)c2ccccc12
870,Positive,sdb-006,1,0.998692,1,CCCCCn1cc(C(=O)NCc2ccccc2)c2ccccc21
871,Positive,5-fluoro-sdb-005,1,0.998705,1,O=C(Oc1cccc2ccccc12)c1nn(CCCCCF)c2ccccc12
872,Positive,amb,1,0.998588,1,CCCCCn1nc(C(=O)N[C@H](C(=O)OC)C(C)C)c2ccccc21
873,Positive,5-fluoro-sdb-006,1,0.99873,1,O=C(NCc1ccccc1)c1cn(CCCCCF)c2ccccc12
874,Positive,5-fluoro-amb,1,0.998642,1,COC(=O)[C@@H](NC(=O)c1nn(CCCCCF)c2ccccc12)C(C)C
875,Positive,5-fluoro-abica,1,0.998511,1,CC(C)[C@H](NC(=O)c1cn(CCCCCF)c2ccccc12)C(N)=O
876,Positive,5-chloro-ab-pinaca,1,0.998692,1,CC(C)[C@H](NC(=O)c1nn(CCCCCCl)c2ccccc12)C(N)=O
877,Positive,thj-2201,1,0.998723,1,O=C(c1cccc2ccccc12)c1nn(CCCCCF)c2ccccc12
878,Positive,fub-144,1,0.998634,1,CC1(C)C(C(=O)c2cn(Cc3ccc(F)cc3)c3ccccc23)C1(C)C
879,Positive,ab-fubinaca-2-fluorobenzyl-isomer,1,0.998654,1,CC(C)[C@H](NC(=O)c1nn(Cc2ccccc2F)c2ccccc12)C(N)=O
880,Positive,ab-fubinaca-3-fluorobenzyl-isomer,1,0.99869,1,CC(C)[C@H](NC(=O)c1nn(Cc2cccc(F)c2)c2ccccc12)C(N)=O
881,Positive,ab-pinaca-n-4-hydroxypentyl-metabolite,1,0.998714,1,CC(O)CCCn1nc(C(=O)NC(C(N)=O)C(C)C)c2ccccc21
882,Positive,adb-pinaca-isomer-3,1,0.998619,1,CCCCCn1nc(C(=O)N[C@@H](CCCC)C(N)=O)c2ccccc21
883,Positive,adb-pinaca-isomer-1,1,0.998701,1,CCCCCn1nc(C(=O)NC(C)(C(N)=O)C(C)C)c2ccccc21
884,Positive,adb-pinaca-isomer-2,1,0.998711,1,CCCCCn1nc(C(=O)N[C@H](C(N)=O)[C@@H](C)CC)c2ccccc21
885,Positive,eg-018,1,0.998685,1,CCCCCn1c2ccccc2c2cc(C(=O)c3cccc4ccccc34)ccc21
886,Positive,jwh-019-n-6-fluorohexyl-isomer,1,0.998684,1,O=C(c1cccc2ccccc12)c1cn(CCCCCCF)c2ccccc12
887,Positive,jwh-019-n-5-fluorohexyl-isomer,1,0.99869,1,CC(F)CCCCn1cc(C(=O)c2cccc3ccccc23)c2ccccc21
888,Positive,xlr11-6-hydroxyindole-metabolite,1,0.998733,1,CC1(C)C(C(=O)c2cn(CCCCCF)c3cc(O)ccc23)C1(C)C
889,Positive,npb-22,1,0.998652,1,CCCCCn1nc(C(=O)Oc2cccc3cccnc23)c2ccccc21
890,Positive,adb-pinaca-n-4-hydroxypentyl-metabolite,1,0.998691,1,CC(O)CCCn1nc(C(=O)NC(C(N)=O)C(C)(C)C)c2ccccc21
891,Positive,adb-pinaca-n-5-hydroxypentyl-metabolite,1,0.998709,1,CC(C)(C)C(NC(=O)c1nn(CCCCCO)c2ccccc12)C(N)=O
892,Positive,akb48-4-fluorobenzyl-analog,1,0.998576,1,O=C(NC12C[C@H]3C[C@@H](C1)C[C@@H](C2)C3)c1nn(Cc2ccc(F)cc2)c2ccccc12
893,Positive,5-fluoro-ab-pinaca-n-4-hydroxypentyl-metabolite,1,0.998713,1,CC(C)C(NC(=O)c1nn(CCCC(O)CF)c2ccccc12)C(N)=O
894,Positive,adbica-n-5-hydroxypentyl-metabolite,1,0.998499,1,CC(C)(C)C(NC(=O)c1cn(CCCCCO)c2ccccc12)C(N)=O
895,Positive,adbica-n-4-hydroxypentyl-metabolite,1,0.998565,1,CC(O)CCCn1cc(C(=O)NC(C(N)=O)C(C)(C)C)c2ccccc21
896,Positive,ab-pinaca-n-2-fluoropentyl-isomer,1,0.998689,1,CCCC(F)Cn1nc(C(=O)NC(C(N)=O)C(C)C)c2ccccc21
897,Positive,ab-pinaca-n-4-fluoropentyl-isomer,1,0.998682,1,CC(F)CCCn1nc(C(=O)NC(C(N)=O)C(C)C)c2ccccc21
898,Positive,jwh-019-n-4-fluorohexyl-isomer,1,0.998686,1,CCC(F)CCCn1cc(C(=O)c2cccc3ccccc23)c2ccccc21
899,Positive,5-fluoro-npb-22,1,0.998679,1,O=C(Oc1cccc2cccnc12)c1nn(CCCCCF)c2ccccc12
900,Positive,5-fluoro-pb-22-3-hydroxyquinoline-isomer,1,0.998367,1,O=C(Oc1cnc2ccccc2c1)c1cn(CCCCCF)c2ccccc12
901,Positive,5-fluoro-pb-22-4-hydroxyquinoline-isomer,1,0.998573,1,O=C(Oc1ccnc2ccccc12)c1cn(CCCCCF)c2ccccc12
902,Positive,5-fluoro-pb-22-5-hydroxyquinoline-isomer,1,0.998377,1,O=C(Oc1cccc2ncccc12)c1cn(CCCCCF)c2ccccc12
903,Positive,5-fluoro-pb-22-6-hydroxyquinoline-isomer,1,0.998455,1,O=C(Oc1ccc2ncccc2c1)c1cn(CCCCCF)c2ccccc12
904,Positive,5-fluoro-pb-22-7-hydroxyquinoline-isomer,1,0.998568,1,O=C(Oc1ccc2cccnc2c1)c1cn(CCCCCF)c2ccccc12
905,Positive,5-fluoro-pb-22-4-hydroxyisoquinoline-isomer,1,0.993503,1,O=C(Oc1cncc2ccccc12)c1cn(CCCCCF)c2ccccc12
906,Positive,5-fluoro-pb-22-5-hydroxyisoquinoline-isomer,1,0.998346,1,O=C(Oc1cccc2cnccc12)c1cn(CCCCCF)c2ccccc12
907,Positive,5-fluoro-pb-22-6-hydroxyisoquinoline-isomer,1,0.998381,1,O=C(Oc1ccc2cnccc2c1)c1cn(CCCCCF)c2ccccc12
908,Positive,5-fluoro-pb-22-7-hydroxyisoquinoline-isomer,1,0.998499,1,O=C(Oc1ccc2ccncc2c1)c1cn(CCCCCF)c2ccccc12
909,Positive,5-fluoro-pb-22-8-hydroxyisoquinoline-isomer,1,0.998473,1,O=C(Oc1cccc2ccncc12)c1cn(CCCCCF)c2ccccc12
910,Positive,ab-fubinaca-isomer-5,1,0.998655,1,CCC(C(N)=O)N(C)C(=O)c1nn(Cc2ccc(F)cc2)c2ccccc12
911,Positive,jwh-019-n-3-fluorohexyl-isomer,1,0.998689,1,CCCC(F)CCn1cc(C(=O)c2cccc3ccccc23)c2ccccc21
912,Positive,sdb-005,1,0.998607,1,CCCCCn1nc(C(=O)Oc2cccc3ccccc23)c2ccccc21
913,Positive,ab-pinaca-n-3-fluoropentyl-isomer,1,0.998685,1,CCC(F)CCn1nc(C(=O)NC(C(N)=O)C(C)C)c2ccccc21
914,Positive,adb-pinaca-isomer-4,1,0.998697,1,CCCCCn1nc(C(=O)N[C@@H](CC(C)C)C(N)=O)c2ccccc21
915,Positive,ma-chminaca,1,0.998681,1,COC(=O)[C@@H](NC(=O)c1nn(CC2CCCCC2)c2ccccc12)C(C)C
916,Positive,mdmb-chminaca,1,0.998736,1,COC(=O)[C@@H](NC(=O)c1nn(CC2CCCCC2)c2ccccc12)C(C)(C)C
917,Positive,sdb-006-n-phenyl-analog,1,0.998649,1,CCCCCn1cc(C(=O)Nc2ccccc2)c2ccccc21
918,Positive,ab-chminaca-metabolite-m1a,1,0.998702,1,CC(C)[C@H](NC(=O)c1nn(CC2CCC(O)CC2)c2ccccc12)C(N)=O
919,Positive,pb-22-exempt-preparation,1,0.998615,1,CCCCCn1cc(C(=O)Oc2cccc3cccnc23)c2ccccc21
920,Positive,xlr11-exempt-preparation,1,0.998739,1,CC1(C)C(C(=O)c2cn(CCCCCF)c3ccccc23)C1(C)C
921,Positive,ur-144-exempt-preparation,1,0.998739,1,CCCCCn1cc(C(=O)C2C(C)(C)C2(C)C)c2ccccc21
922,Positive,mmb018,1,0.998669,1,CCCCCn1cc(C(=O)N[C@H](C(=O)OC)C(C)C)c2ccccc21
923,Positive,akb48-exempt-preparation,1,0.998714,1,CCCCCn1nc(C(=O)NC23CC4CC(CC(C4)C2)C3)c2ccccc21
924,Positive,i-amb,1,0.9986,1,COC(=O)[C@@H](NC(=O)c1cn(CCCCCF)c2ccccc12)C(C)C
925,Positive,fab-144,1,0.998706,1,CC1(C)C(C(=O)c2nn(CCCCCF)c3ccccc23)C1(C)C
926,Positive,mab-chminaca,1,0.99871,1,CC(C)(C)C(NC(=O)c1nn(CC2CCCCC2)c2ccccc12)C(N)=O
927,Positive,5-fluoro-adb,1,0.998684,1,COC(=O)[C@H](NC(=O)c1nn(CCCCCF)c2ccccc12)C(C)(C)C
928,Positive,adb-chmica,1,0.998533,1,CC(C)(C)C(NC(=O)c1cn(CC2CCCCC2)c2ccccc12)C(N)=O
929,Positive,5-fluoro-adb-pinaca-isomer-2,1,0.998687,1,CC[C@H](C)[C@H](NC(=O)c1nn(CCCCCF)c2ccccc12)C(N)=O
930,Positive,cumyl-thpinaca,1,0.998736,1,CC(C)(NC(=O)c1nn(CC2CCOCC2)c2ccccc12)c1ccccc1
931,Positive,5-fluoro-cumyl-pinaca,1,0.998726,1,CC(C)(NC(=O)c1nn(CCCCCF)c2ccccc12)c1ccccc1
932,Positive,app-fubinaca,1,0.99854,1,NC(=O)[C@H](Cc1ccccc1)NC(=O)c1nn(Cc2ccc(F)cc2)c2ccccc12
933,Positive,ab-chminaca-2-indazole-isomer,1,0.998669,1,CC(C)C(NC(=O)c1c2ccccc2nn1CC1CCCCC1)C(N)=O
934,Positive,mo-chminaca,1,0.998706,1,COC(=O)C(OC(=O)c1nn(CC2CCCCC2)c2ccccc12)C(C)(C)C
935,Positive,cumyl-pinaca,1,0.998726,1,CCCCCn1nc(C(=O)NC(C)(C)c2ccccc2)c2ccccc21
936,Positive,fub-npb-22,1,0.990631,1,O=C(Oc1cccc2cccnc12)c1nn(Cc2ccc(F)cc2)c2ccccc12
937,Positive,mab-chminaca-metabolite-m11-rm,1,0.998671,1,CC(C)(CO)C(NC(=O)c1nn(CC2CCC(O)CC2)c2ccccc12)C(N)=O
938,Positive,xlr11-n-4-hydroxypentyl-metabolite-d5,1,0.998693,1,[2H]c1c([2H])c([2H])c2c(c1[2H])c(C(=O)C1C(C)(C)C1(C)C)c([2H])n2CCCC(O)CF
939,Positive,"5,3-ab-chmfuppyca",1,0.998715,1,CC(C)[C@H](NC(=O)c1cc(-c2ccc(F)cc2)n(CC2CCCCC2)n1)C(N)=O
940,Positive,"3,5-ab-chmfuppyca",1,0.998706,1,CC(C)[C@H](NC(=O)c1cc(-c2ccc(F)cc2)nn1CC1CCCCC1)C(N)=O
941,Positive,5-chloro-akb48,1,0.998696,1,O=C(NC12C[C@H]3C[C@@H](C1)C[C@@H](C2)C3)c1nn(CCCCCCl)c2ccccc12
942,Positive,"5-fluoro-3,5-ab-pfuppyca",1,0.998669,1,CC(C)C(NC(=O)c1cc(-c2ccc(F)cc2)nn1CCCCCF)C(N)=O
943,Positive,mmb-chmica,1,0.998119,1,COC(=O)[C@@H](NC(=O)c1cn(CC2CCCCC2)c2ccccc12)C(C)C
944,Positive,5-fluoro-py-pinaca,1,0.998679,1,O=C(c1nn(CCCCCF)c2ccccc12)N1CCCC1
945,Positive,5-fluoro-pb-22-3-carboxyindole-metabolite-d5,1,0.998679,1,[2H]c1c([2H])c([2H])c2c(c1[2H])c(C(=O)O)c([2H])n2CCCCCF
946,Positive,mab-chminaca-metabolite-m10,1,0.998717,1,CC1(C)COC(=O)C1NC(=O)c1nn(CC2CCCCC2)c2ccccc12
947,Positive,ab-fubinaca-metabolite-3,1,0.998594,1,CC(C)[C@H](NC(=O)c1nn(Cc2ccc(F)cc2)c2ccccc12)C(=O)O
948,Positive,mab-chminaca-metabolite-m7,1,0.998728,1,CC(C)(C(=O)O)C(NC(=O)c1nn(CC2CCCCC2)c2ccccc12)C(=O)O
949,Positive,mab-chminaca-metabolite-m1,1,0.998711,1,CC(C)(C)C(NC(=O)c1nn(CC2CCC(O)CC2)c2ccccc12)C(N)=O
950,Positive,5-fluoro-aeb,1,0.998576,1,CCOC(=O)[C@@H](NC(=O)c1nn(CCCCCF)c2ccccc12)C(C)C
951,Positive,mab-chminaca-metabolite-m6,1,0.998697,1,CC(C)(C(=O)O)C(NC(=O)c1nn(CC2CCCCC2)c2ccccc12)C(N)=O
952,Positive,"5-fluoro-3,5-adb-pfuppyca",1,0.998662,1,CC(C)(C)C(NC(=O)c1cc(-c2ccc(F)cc2)nn1CCCCCF)C(N)=O
953,Positive,ab-chminaca-metabolite-m4-d4,1,0.997678,1,[2H]c1c([2H])c([2H])c2c(c(C(=O)O)nn2CC2CCCCC2)c1[2H]
954,Positive,mdmb-fubinaca,1,0.998656,1,COC(=O)[C@@H](NC(=O)c1nn(Cc2ccc(F)cc2)c2ccccc12)C(C)(C)C
955,Positive,5-fluoro-amb-metabolite-7-rm,1,0.998648,1,CC(C)[C@H](NC(=O)c1nn(CCCCCF)c2ccccc12)C(=O)O
956,Positive,cumyl-pica,1,0.998708,1,CCCCCn1cc(C(=O)NC(C)(C)c2ccccc2)c2ccccc21
957,Positive,ab-fubica-rm,1,0.998533,1,CC(C)[C@H](NC(=O)c1cn(Cc2ccc(F)cc2)c2ccccc12)C(N)=O
958,Positive,ab-fubica,1,0.998594,1,CC(C)[C@H](NC(=O)c1cn(Cc2ccc(F)cc2)c2ccccc12)C(N)=O
959,Positive,thj-018-bromo-analog,1,0.998692,1,O=C(c1cccc2ccccc12)c1nn(CCCCCBr)c2ccccc12
960,Positive,ab-fubinaca-d4,1,0.998666,1,[2H]c1c([2H])c([2H])c2c(c(C(=O)N[C@H](C(N)=O)C(C)C)nn2Cc2ccc(F)cc2)c1[2H]
961,Positive,5-fluoro-cumyl-p7aica,1,0.998709,1,CC(C)(NC(=O)c1cn(CCCCCF)c2ncccc12)c1ccccc1
962,Positive,fub-jwh-018-d5,1,0.998645,1,[2H]c1c([2H])c([2H])c2c(c1[2H])c(C(=O)c1cccc3ccccc13)c([2H])n2Cc1ccc(F)cc1
963,Positive,3-fluoro-amb,1,0.998528,1,CCC(F)CCn1nc(C(=O)N[C@H](C(=O)OC)C(C)C)c2ccccc21
964,Positive,5-fluoro-pb-22-3-carboxyindole-metabolite,1,0.998691,1,O=C(O)c1cn(CCCCCF)c2ccccc12
965,Positive,2-fluoro-adb,1,0.998679,1,CCCC(F)Cn1nc(C(=O)N[C@H](C(=O)OC)C(C)(C)C)c2ccccc21
966,Positive,2-fluoro-amb,1,0.998546,1,CCCC(F)Cn1nc(C(=O)N[C@H](C(=O)OC)C(C)C)c2ccccc21
967,Positive,4-fluoro-amb,1,0.998682,1,COC(=O)[C@@H](NC(=O)c1nn(CCCC(C)F)c2ccccc12)C(C)C
968,Positive,5-fluoro-cumyl-pica,1,0.998716,1,CC(C)(NC(=O)c1cn(CCCCCF)c2ccccc12)c1ccccc1
969,Positive,mab-chminaca-d4,1,0.998703,1,[2H]c1c([2H])c([2H])c2c(c(C(=O)NC(C(N)=O)C(C)(C)C)nn2CC2CCCCC2)c1[2H]
970,Positive,ab-chminaca-d4,1,0.998727,1,[2H]c1c([2H])c([2H])c2c(c(C(=O)N[C@H](C(N)=O)C(C)C)nn2CC2CCCCC2)c1[2H]
971,Positive,mdmb-chmczca,1,0.998518,1,COC(=O)[C@@H](NC(=O)c1ccc2c(c1)c1ccccc1n2CC1CCCCC1)C(C)(C)C
972,Positive,5-chloro-thj-018,1,0.998708,1,O=C(c1cccc2ccccc12)c1nn(CCCCCCl)c2ccccc12
973,Positive,adb-bica,1,0.998596,1,CC(C)(C)C(NC(=O)c1cn(Cc2ccccc2)c2ccccc12)C(N)=O
974,Positive,adb-binaca,1,0.998698,1,CC(C)(C)C(NC(=O)c1nn(Cc2ccccc2)c2ccccc12)C(N)=O
975,Positive,mdmb-fubica,1,0.998509,1,COC(=O)[C@@H](NC(=O)c1cn(Cc2ccc(F)cc2)c2ccccc12)C(C)(C)C
976,Positive,mmb-fubica,1,0.998599,1,COC(=O)[C@@H](NC(=O)c1cn(Cc2ccc(F)cc2)c2ccccc12)C(C)C
977,Positive,cumyl-nbminaca,1,0.998728,1,CC(C)(NC(=O)c1nn(CC2CC3CCC2C3)c2ccccc12)c1ccccc1
978,Positive,bzo-poxizid-d9,1,0.998653,1,[2H]C([2H])([2H])C([2H])([2H])C([2H])([2H])C([2H])([2H])CN1C(=O)/C(=N\NC(=O)c2ccccc2)c2ccccc21
979,Positive,adb-butinaca-d9,1,0.998656,1,[2H]C([2H])([2H])C([2H])([2H])C([2H])([2H])C([2H])([2H])n1nc(C(=O)N[C@H](C(N)=O)C(C)(C)C)c2ccccc21
980,Positive,adb-hexinaca-n-6-hydroxyhexyl-metabolite,1,0.998731,1,CC(C)(C)[C@H](NC(=O)c1nn(CCCCCCO)c2ccccc12)C(N)=O
981,Positive,mdmb-butica,1,0.998574,1,CCCCn1cc(C(=O)N[C@H](C(=O)OC)C(C)(C)C)c2ccccc21
982,Positive,ab-ica,1,0.992036,1,CC(C)[C@H](NC(=O)c1c[nH]c2ccccc12)C(N)=O
983,Positive,mmb-ica,1,0.995747,1,COC(=O)[C@@H](NC(=O)c1c[nH]c2ccccc12)C(C)C
984,Positive,ab-5-primebr-inaca,1,0.998632,1,CC(C)[C@H](NC(=O)c1n[nH]c2ccc(Br)cc12)C(N)=O
985,Positive,adb-ica,1,0.99836,1,CC(C)(C)[C@H](NC(=O)c1c[nH]c2ccccc12)C(N)=O
986,Positive,mdmb-4en-pinaca-d4,1,0.998619,1,[2H]c1c([2H])c([2H])c2c(c(C(=O)N[C@H](C(=O)OC)C(C)(C)C)nn2CCCC=C)c1[2H]
987,Positive,adb-5-primebr-butinaca-d9,1,0.998693,1,[2H]C([2H])([2H])C([2H])([2H])C([2H])([2H])C([2H])([2H])n1nc(C(=O)N[C@H](C(N)=O)C(C)(C)C)c2cc(Br)ccc21
988,Positive,ab-inaca,1,0.996882,1,CC(C)[C@H](NC(=O)c1n[nH]c2ccccc12)C(N)=O
989,Positive,butinaca,1,0.998656,1,CCCCn1nc(C(N)=O)c2ccccc21
990,Positive,adb-iata,1,0.998577,1,CC(C)(C)[C@H](NC(=O)Cc1c[nH]c2ccccc12)C(N)=O
991,Positive,4-fluoro-ab-butinaca,1,0.998688,1,CC(C)[C@H](NC(=O)c1nn(CCCCF)c2ccccc12)C(N)=O
992,Positive,chm-fubiata,1,0.998482,1,O=C(Cc1cn(Cc2ccc(F)cc2)c2ccccc12)NCC1CCCCC1
993,Positive,cho-4me-5-primebr-fuboxpyra,1,0.998663,1,Cc1c(Br)cn(Cc2ccc(F)cc2)c(=O)c1NC(=O)C1CCCCC1
994,Positive,adb-fubinaata,1,0.998688,1,CC(C)(C)[C@H](NC(=O)Cc1nn(Cc2ccc(F)cc2)c2ccccc12)C(N)=O
995,Positive,cumyl-chsinaca,1,0.998717,1,CC(C)(NC(=O)c1nn(S(=O)(=O)C2CCCCC2)c2ccccc12)c1ccccc1
996,Positive,4-fluoro-edmb-butinaca,1,0.998241,1,CCOC(=O)[C@@H](NC(=O)c1nn(CCCCF)c2ccccc12)C(C)(C)C
997,Positive,mdmb-5-primebr-4en-pinaca,1,0.998686,1,C=CCCCn1nc(C(=O)N[C@H](C(=O)OC)C(C)(C)C)c2cc(Br)ccc21
998,Positive,bzo-hepoxizid,1,0.998735,1,CCCCCCCN1C(=O)/C(=N\NC(=O)c2ccccc2)c2ccccc21
999,Positive,2-fluoro-mbzp,1,0.998523,1,CN1CCN(Cc2ccccc2F)CC1.Cl
1000,Positive,4-fluoro-mbzp,1,0.998566,1,CN1CCN(Cc2ccc(F)cc2)CC1
1001,Positive,mdmb-5-methyl-inaca,1,0.998701,1,COC(=O)C(NC(=O)c1n[nH]c2ccc(C)cc12)C(C)(C)C
1002,Positive,mdmb-pica,1,0.998584,1,CCCCCn1cc(C(=O)N[C@H](C(=O)OC)C(C)(C)C)c2ccccc21
1003,Positive,mdmb-pinaca,1,0.998684,1,CCCCCn1nc(C(=O)N[C@H](C(=O)OC)C(C)(C)C)c2ccccc21
1004,Positive,5-fluoro-adb-5-primebr-pinaca,1,0.998691,1,CC(C)(C)[C@H](NC(=O)c1nn(CCCCCF)c2ccc(Br)cc12)C(N)=O
1005,Positive,cumyl-inaca,1,0.998672,1,CC(C)(NC(=O)c1n[nH]c2ccccc12)c1ccccc1
1006,Positive,mdmb-5-primebr-butinaca,1,0.998711,1,CCCCn1nc(C(=O)N[C@H](C(=O)OC)C(C)(C)C)c2cc(Br)ccc21
1007,Positive,adb-5-primebr-4en-pinaca,1,0.998704,1,C=CCCCn1nc(C(=O)N[C@H](C(N)=O)C(C)(C)C)c2cc(Br)ccc21
1008,Positive,adb-butinaata,1,0.998699,1,CCCCn1nc(CC(=O)N[C@H](C(N)=O)C(C)(C)C)c2ccccc21
1009,Positive,ch-fubiata,1,0.99855,1,O=C(Cc1cn(Cc2ccc(F)cc2)c2ccccc12)NC1CCCCC1
1010,Positive,mpp-butinaca,1,0.998548,1,CCCCn1nc(C(=O)N[C@@H](Cc2ccccc2)C(=O)OC)c2ccccc21
1011,Positive,5-fluoro-adb-2-indazole-isomer,1,0.998712,1,COC(=O)[C@@H](NC(=O)c1c2ccccc2nn1CCCCCF)C(C)(C)C
1012,Positive,nmdmsb,1,0.998652,1,Cc1ccc(C(=O)Oc2cccc3ccccc23)cc1S(=O)(=O)N(C)C
1013,Positive,ab-chmiata,1,0.998628,1,CC(C)[C@H](NC(=O)Cc1cn(CC2CCCCC2)c2ccccc12)C(N)=O
1014,Positive,cumyl-tsinaca,1,0.998686,1,Cc1ccc(S(=O)(=O)n2nc(C(=O)NC(C)(C)c3ccccc3)c3ccccc32)cc1
1015,Positive,adb-5-primebr-pinaca,1,0.998706,1,CCCCCn1nc(C(=O)NC(C(N)=O)C(C)(C)C)c2cc(Br)ccc21
1016,Positive,adb-inaca,1,0.998643,1,CC(C)(C)[C@H](NC(=O)c1n[nH]c2ccccc12)C(N)=O
1017,Positive,afubiata,1,0.998442,1,O=C(Cc1cn(Cc2ccc(F)cc2)c2ccccc12)NC12C[C@H]3C[C@@H](C1)C[C@@H](C2)C3
1018,Positive,"3,5-adb-4en-pfuppyca",1,0.99869,1,C=CCCCn1nc(-c2ccc(F)cc2)cc1C(=O)N[C@H](C(N)=O)C(C)(C)C
1019,Positive,s-5-fluoro-adb,1,0.998609,1,COC(=O)[C@@H](NC(=O)c1nn(CCCCCF)c2ccccc12)C(C)(C)C
1020,Positive,adb-5-primebr-butinaca,1,0.998695,1,CCCCn1nc(C(=O)N[C@H](C(N)=O)C(C)(C)C)c2cc(Br)ccc21
1021,Positive,aep-chminaca,1,0.998427,1,CCC[C@H](NC(=O)c1nn(CC2CCCCC2)c2ccccc12)C(N)=O
1022,Positive,edmb-4en-pinaca,1,0.998618,1,C=CCCCn1nc(C(=O)N[C@H](C(=O)OCC)C(C)(C)C)c2ccccc21
1023,Positive,jwh-018-2-naphthyl-isomer,1,0.99873,1,CCCCCn1cc(C(=O)c2ccc3ccccc3c2)c2ccccc21
1024,Positive,jwh-073-n-2-methylpropyl-isomer,1,0.998706,1,CC(C)Cn1cc(C(=O)c2cccc3ccccc23)c2ccccc21
1025,Positive,jwh-073-n-1-methylpropyl-isomer,1,0.99872,1,CCC(C)n1cc(C(=O)c2cccc3ccccc23)c2ccccc21
1026,Positive,jwh-073-2-naphthyl-n-2-methylpropyl-isomer,1,0.998693,1,CC(C)Cn1cc(C(=O)c2ccc3ccccc3c2)c2ccccc21
1027,Positive,jwh-203-3-chlorophenyl-isomer,1,0.997598,1,CCCCCn1cc(C(=O)Cc2cccc(Cl)c2)c2ccccc21
1028,Positive,jwh-203-4-chlorophenyl-isomer,1,0.998244,1,CCCCCn1cc(C(=O)Cc2ccc(Cl)cc2)c2ccccc21
1029,Positive,jwh-073-2-naphthyl-n-1-methylpropyl-isomer,1,0.997919,1,CCC(C)n1cc(C(=O)c2ccc3ccccc3c2)c2ccccc21
1030,Positive,"jwh-018-n-2,2-dimethylpropyl-isomer",1,0.998708,1,CC(C)(C)Cn1cc(C(=O)c2cccc3ccccc23)c2ccccc21
1031,Positive,jwh-018-2-naphthyl-n-3-methylbutyl-isomer,1,0.998738,1,CC(C)CCn1cc(C(=O)c2ccc3ccccc3c2)c2ccccc21
1032,Positive,rcs-4-2-methoxy-isomer,1,0.998722,1,CCCCCn1cc(C(=O)c2ccccc2OC)c2ccccc21
1033,Positive,jwh-018-2-naphthyl-n-2-methylbutyl-isomer,1,0.998725,1,CCC(C)Cn1cc(C(=O)c2cccc3ccccc23)c2ccccc21
1034,Positive,jwh-018-n-1-methylbutyl-isomer,1,0.998697,1,CCCC(C)n1cc(C(=O)c2cccc3ccccc23)c2ccccc21
1035,Positive,jwh-018-2naphthyl-n-1-methylbutyl-isomer,1,0.998684,1,CCCC(C)n1cc(C(=O)c2ccc3ccccc3c2)c2ccccc21
1036,Positive,jwh-018-n-5-chloropentyl-analog,1,0.998667,1,O=C(c1cccc2ccccc12)c1cn(CCCCCCl)c2ccccc12
1037,Positive,jwh-073-2-naphthyl-isomer,1,0.998658,1,CCCCn1cc(C(=O)c2cccc3ccccc23)c2ccccc21
1038,Positive,rcs-4,1,0.99875,1,CCCCCn1cc(C(=O)c2ccc(OC)cc2)c2ccccc21
1039,Positive,jwh-011,1,0.998703,1,CCCCCC(C)n1c(C)c(C(=O)c2cccc3ccccc23)c2ccccc21
1040,Positive,rcs-8,1,0.841825,0,COc1ccccc1CC(=O)c1cn(CCC2CCCCC2)c2ccccc12
1041,Positive,jwh-018-solution,1,0.998662,1,CCCCCn1cc(C(=O)c2cccc3ccccc23)c2ccccc21
1042,Positive,"jwh-018-n-4,5-epoxypentyl-analog",1,0.998721,1,O=C(c1cccc2ccccc12)c1cn(CCCC2CO2)c2ccccc12
1043,Positive,jwh-018-n-5-bromopentyl-analog,1,0.998685,1,O=C(c1cccc2ccccc12)c1cn(CCCCCBr)c2ccccc12
1044,Positive,jwh-018-6-methoxyindole-analog,1,0.998668,1,CCCCCn1cc(C(=O)c2cccc3ccccc23)c2ccc(OC)cc21
1045,Positive,jwh-018-n-2-methylbutyl-isomer,1,0.998669,1,CCC(C)Cn1cc(C(=O)c2cccc3ccccc23)c2ccccc21
1046,Positive,jwh-073-2-methylnapthyl-analog,1,0.998721,1,CCCCn1cc(C(=O)c2c(C)ccc3ccccc23)c2ccccc21
1047,Positive,3tms-cumyl-prinaca,1,0.998708,1,CC(C)(NC(=O)c1nn(CCC[Si](C)(C)C)c2ccccc12)c1ccccc1
1048,Positive,adb-5-primebr-decinaca,1,0.998707,1,CCCCCCCCCCn1nc(C(=O)N[C@@H](C(N)=O)C(C)(C)C)c2cc(Br)ccc21
1049,Positive,adb-5f-butinaca,1,0.998695,1,CCCCn1nc(C(=O)N[C@H](C(N)=O)C(C)(C)C)c2cc(F)ccc21
1050,Positive,adb-4en-pinaca-d4,1,0.998612,1,[2H]c1c([2H])c([2H])c2c(c(C(=O)N[C@H](C(N)=O)C(C)(C)C)nn2CCCC=C)c1[2H]
1051,Positive,4-fluoro-mdmb-butinaca-d4,1,0.998688,1,[2H]c1c([2H])c([2H])c2c(c(C(=O)N[C@H](C(=O)OC)C(C)(C)C)nn2CCCCF)c1[2H]
1052,Positive,ab-mdmsba,1,0.998688,1,Cc1ccc(C(=O)N[C@H](C(N)=O)C(C)C)cc1S(=O)(=O)N(C)C
1053,Positive,mdmb-butinaca-d9,1,0.998717,1,[2H]C([2H])([2H])C([2H])([2H])C([2H])([2H])C([2H])([2H])n1nc(C(=O)N[C@H](C(=O)OC)C(C)(C)C)c2ccccc21
1054,Positive,adb-5-primebr-pinaca-n-4-hydroxypentyl-metabolite,1,0.99866,1,CC(O)CCCn1nc(C(=O)N[C@H](C(N)=O)C(C)(C)C)c2cc(Br)ccc21
1055,Positive,adb-5-primebr-butinaca-n-3-hydroxybutyl-metabolite,1,0.998677,1,CC(O)CCn1nc(C(=O)N[C@H](C(N)=O)C(C)(C)C)c2cc(Br)ccc21
1056,Positive,mdmb-pica-d9,1,0.998579,1,[2H]C([2H])([2H])C([2H])([2H])C([2H])([2H])C([2H])([2H])Cn1cc(C(=O)N[C@H](C(=O)OC)C(C)(C)C)c2ccccc21
1057,Positive,adb-5-primebr-pinaca-d9,1,0.998678,1,[2H]C([2H])([2H])C([2H])([2H])C([2H])([2H])C([2H])([2H])Cn1nc(C(=O)N[C@H](C(N)=O)C(C)(C)C)c2cc(Br)ccc21
1058,Positive,s-adb-binaca-d5,1,0.998667,1,[2H]c1c([2H])c([2H])c(Cn2nc(C(=O)N[C@H](C(N)=O)C(C)(C)C)c3ccccc32)c([2H])c1[2H]
1059,Positive,4-chloro-mdmb-butinaca,1,0.998724,1,COC(=O)[C@@H](NC(=O)c1nn(CCCCCl)c2ccccc12)C(C)(C)C
1060,Positive,s-5-fluoro-adb-d4,1,0.998695,1,[2H]c1c([2H])c([2H])c2c(c(C(=O)N[C@H](C(=O)OC)C(C)(C)C)nn2CCCCCF)c1[2H]
1061,Positive,4-fluoro-adb,1,0.998665,1,COC(=O)[C@@H](NC(=O)c1nn(CCCC(C)F)c2ccccc12)C(C)(C)C
1062,Positive,5-fluoro-adb-pinaca,1,0.998705,1,CC(C)(C)C(NC(=O)c1nn(CCCCCF)c2ccccc12)C(N)=O
1063,Positive,3tms-adb-prinaca,1,0.9987,1,CC(C)(C)[C@H](NC(=O)c1nn(CCC[Si](C)(C)C)c2ccccc12)C(N)=O
1064,Positive,adb-fubiata,1,0.998656,1,CC(C)(C)[C@H](NC(=O)Cc1cn(Cc2ccc(F)cc2)c2ccccc12)C(N)=O
1065,Positive,cumyl-einaca,1,0.998598,1,CCn1nc(C(=O)NC(C)(C)c2ccccc2)c2ccccc21
1066,Positive,ab-chmica,1,0.998423,1,CC(C)[C@H](NC(=O)c1cn(CC2CCCCC2)c2ccccc12)C(N)=O
1067,Positive,rcs-4-c4-homolog,1,0.998735,1,CCCCn1cc(C(=O)c2ccc(OC)cc2)c2ccccc21
1068,Positive,rcs-4-3-methoxy-isomer,1,0.998743,1,CCCCCn1cc(C(=O)c2cccc(OC)c2)c2ccccc21
1069,Positive,jwh-018-n-5-bromopentyl-analog,1,0.998685,1,O=C(c1cccc2ccccc12)c1cn(CCCCCBr)c2ccccc12
1070,Positive,jwh-018-n-2-methylbutyl-isomer,1,0.998669,1,CCC(C)Cn1cc(C(=O)c2cccc3ccccc23)c2ccccc21
1071,Positive,"jwh-018-n-2,2-dimethylpropyl-isomer",1,0.998708,1,CC(C)(C)Cn1cc(C(=O)c2cccc3ccccc23)c2ccccc21
1072,Positive,jwh-018-n-1-methylbutyl-isomer,1,0.998697,1,CCCC(C)n1cc(C(=O)c2cccc3ccccc23)c2ccccc21
1073,Positive,jwh-018-n-1-ethylpropyl-isomer,1,0.998577,1,CCC(CC)n1cc(C(=O)c2cccc3ccccc23)c2ccccc21
1074,Positive,"jwh-018-n-1,2-dimethylpropyl-isomer",1,0.99799,1,CC(C)C(C)n1cc(C(=O)c2cccc3ccccc23)c2ccccc21
1075,Positive,"jwh-018-n-4,5-epoxypentyl-analog",1,0.99872,1,O=C(c1cccc2ccccc12)c1cn(CCCC2CO2)c2ccccc12
1076,Positive,jwh-011,1,0.998701,1,CCCCCC(C)n1c(C)c(C(=O)c2cccc3ccccc23)c2ccccc21
1077,Positive,jwh-007,1,0.998686,1,CCCCCn1c(C)c(C(=O)c2cccc3ccccc23)c2ccccc21
1078,Positive,jwh-015,1,0.99871,1,CCCn1c(C)c(C(=O)c2cccc3ccccc23)c2ccccc21
1079,Positive,jwh-016,1,0.998702,1,CCCCn1c(C)c(C(=O)c2cccc3ccccc23)c2ccccc21
1080,Positive,jwh-018-2-naphthyl-isomer,1,0.998736,1,CCCCCn1cc(C(=O)c2ccc3ccccc3c2)c2ccccc21
1081,Positive,"jwh-018-2-naphthyl-n-1,2-dimethylpropyl-isomer",1,0.99767,1,CC(C)C(C)n1cc(C(=O)c2cccc3ccccc23)c2ccccc21
1082,Positive,jwh-018-2-naphthyl-n-1-ethylpropyl-isomer,1,0.998302,1,CCC(CC)n1cc(C(=O)c2ccc3ccccc3c2)c2ccccc21
1083,Positive,jwh-018-2-naphthyl-n-1-methylbutyl-isomer,1,0.998682,1,CCCC(C)n1cc(C(=O)c2ccc3ccccc3c2)c2ccccc21
1084,Positive,"jwh-018-2-naphthyl-n-2,2-dimethylpropyl-isomer",1,0.998669,1,CC(C)(C)Cn1cc(C(=O)c2ccc3ccccc3c2)c2ccccc21
1085,Positive,jwh-018-2-naphthyl-n-2-methylbutyl-isomer,1,0.998725,1,CCC(C)Cn1cc(C(=O)c2cccc3ccccc23)c2ccccc21
1086,Positive,jwh-018-2-naphthyl-n-3-methylbutyl-isomer,1,0.99871,1,CC(C)CCn1cc(C(=O)c2ccc3ccccc3c2)c2ccccc21
1087,Positive,jwh-018-6-methoxyindole-analog,1,0.998664,1,CCCCCn1cc(C(=O)c2cccc3ccccc23)c2ccc(OC)cc21
1088,Positive,"jwh-018-n-1,1-dimethylpropyl-isomer",1,0.998366,1,CCC(C)(C)n1cc(C(=O)c2cccc3ccccc23)c2ccccc21
1089,Positive,jwh-122-8-methylnaphthyl-isomer,1,0.998672,1,CCCCCn1cc(C(=O)c2cccc3cccc(C)c23)c2ccccc21
1090,Positive,jwh-122-7-methylnaphthyl-isomer,1,0.998692,1,CCCCCn1cc(C(=O)c2cccc3ccc(C)cc23)c2ccccc21
1091,Positive,jwh-122-6-methylnaphthyl-isomer,1,0.998695,1,CCCCCn1cc(C(=O)c2cccc3cc(C)ccc23)c2ccccc21
1092,Positive,jwh-122-5-methylnaphthyl-isomer,1,0.998685,1,CCCCCn1cc(C(=O)c2cccc3c(C)cccc23)c2ccccc21
1093,Positive,jwh-122-3-methylnaphthyl-isomer,1,0.998696,1,CCCCCn1cc(C(=O)c2cc(C)cc3ccccc23)c2ccccc21
1094,Positive,jwh-122-2-methylnaphthyl-isomer,1,0.998677,1,CCCCCn1cc(C(=O)c2c(C)ccc3ccccc23)c2ccccc21
1095,Positive,jwh-098,1,0.998708,1,CCCCCn1c(C)c(C(=O)c2ccc(OC)c3ccccc23)c2ccccc21
1096,Positive,jwh-081-8-methoxynaphthyl-isomer,1,0.998641,1,CCCCCn1cc(C(=O)c2cccc3cccc(OC)c23)c2ccccc21
1097,Positive,jwh-164,1,0.998669,1,CCCCCn1cc(C(=O)c2cccc3ccc(OC)cc23)c2ccccc21
1098,Positive,jwh-081-6-methoxynaphthyl-isomer,1,0.998662,1,CCCCCn1cc(C(=O)c2cccc3cc(OC)ccc23)c2ccccc21
1099,Positive,jwh-081-5-methoxynaphthyl-isomer,1,0.998665,1,CCCCCn1cc(C(=O)c2cccc3c(OC)cccc23)c2ccccc21
1100,Positive,jwh-081-3-methoxynaphthyl-isomer,1,0.998673,1,CCCCCn1cc(C(=O)c2cc(OC)cc3ccccc23)c2ccccc21
1101,Positive,jwh-267,1,0.998673,1,CCCCCn1cc(C(=O)c2c(OC)ccc3ccccc23)c2ccccc21
1102,Positive,jwh-073-n-1-methylpropyl-isomer,1,0.99873,1,CCC(C)n1cc(C(=O)c2cccc3ccccc23)c2ccccc21
1103,Positive,jwh-073-n-2-methylpropyl-isomer,1,0.998729,1,CC(C)Cn1cc(C(=O)c2cccc3ccccc23)c2ccccc21
1104,Positive,"jwh-073-n-1,1-dimethylethyl-isomer",1,0.997694,1,CC(C)(C)n1cc(C(=O)c2cccc3ccccc23)c2ccccc21
1105,Positive,jwh-073-4-methylnaphthyl-analog,1,0.998722,1,CCCCn1cc(C(=O)c2ccc(C)c3ccccc23)c2ccccc21
1106,Positive,jwh-073-2-naphthyl-n-2-methylpropyl-isomer,1,0.998693,1,CC(C)Cn1cc(C(=O)c2ccc3ccccc3c2)c2ccccc21
1107,Positive,jwh-073-2-naphthyl-n-1-methylpropyl-isomer,1,0.997935,1,CCC(C)n1cc(C(=O)c2ccc3ccccc3c2)c2ccccc21
1108,Positive,"jwh-073-2-naphthyl-n-1,1-dimethylethyl-isomer",1,0.998589,1,CC(C)(C)n1cc(C(=O)c2ccc3ccccc3c2)c2ccccc21
1109,Positive,jwh-073-2-naphthyl-isomer,1,0.998676,1,CCCCn1cc(C(=O)c2cccc3ccccc23)c2ccccc21
1110,Positive,jwh-073-2-methylnaphthyl-analog,1,0.99872,1,CCCCn1cc(C(=O)c2c(C)ccc3ccccc23)c2ccccc21
1111,Positive,jwh-031,1,0.998739,1,CCCCCCn1ccc(C(=O)c2cccc3ccccc23)c1
1112,Positive,jwh-030,1,0.998715,1,CCCCCn1ccc(C(=O)c2cccc3ccccc23)c1
1113,Positive,jwh-020,1,0.998664,1,CCCCCCCn1cc(C(=O)c2cccc3ccccc23)c2ccccc21
1114,Positive,jwh-251,1,0.998005,1,CCCCCn1cc(C(=O)Cc2ccccc2C)c2ccccc21
1115,Positive,jwh-249,1,0.998631,1,CCCCCn1cc(C(=O)Cc2ccccc2Br)c2ccccc21
1116,Positive,jwh-210-8-ethylnaphthyl-isomer,1,0.998696,1,CCCCCn1cc(C(=O)c2cccc3cccc(CC)c23)c2ccccc21
1117,Positive,jwh-234,1,0.998675,1,CCCCCn1cc(C(=O)c2cccc3ccc(CC)cc23)c2ccccc21
1118,Positive,jwh-210-6-ethylnaphthyl-isomer,1,0.998698,1,CCCCCn1cc(C(=O)c2cccc3cc(CC)ccc23)c2ccccc21
1119,Positive,jwh-210-5-ethylnaphthyl-isomer,1,0.998687,1,CCCCCn1cc(C(=O)c2cccc3c(CC)cccc23)c2ccccc21
1120,Positive,jwh-210-3-ethylnaphthyl-isomer,1,0.998689,1,CCCCCn1cc(C(=O)c2cc(CC)cc3ccccc23)c2ccccc21
1121,Positive,jwh-210-2-ethylnaphthyl-isomer,1,0.998695,1,CCCCCn1cc(C(=O)c2c(CC)ccc3ccccc23)c2ccccc21
1122,Positive,jwh-206,1,0.998056,1,CCCCCn1cc(C(=O)Cc2ccc(Cl)cc2)c2ccccc21
1123,Positive,jwh-237,1,0.997614,1,CCCCCn1cc(C(=O)Cc2cccc(Cl)c2)c2ccccc21
1124,Positive,jwh-182,1,0.998679,1,CCCCCn1cc(C(=O)c2ccc(CCC)c3ccccc23)c2ccccc21
1125,Positive,jwh-175,1,0.998716,1,CCCCCn1cc(Cc2cccc3ccccc23)c2ccccc21
1126,Positive,jwh-133,1,0.998699,1,CCCC(C)(C)c1ccc2c(c1)OC(C)(C)[C@@H]1CC=C(C)C[C@@H]21
1127,Positive,jwh-424,1,0.998691,1,CCCCCn1cc(C(=O)c2cccc3cccc(Br)c23)c2ccccc21
1128,Positive,jwh-398-8-chloronaphthyl-isomer,1,0.998481,1,CCCCCn1cc(C(=O)c2cccc3cccc(Cl)c23)c2ccccc21
1129,Positive,jwh-398-7-chloronaphthyl-isomer,1,0.998667,1,CCCCCn1cc(C(=O)c2cccc3ccc(Cl)cc23)c2ccccc21
1130,Positive,jwh-398-6-chloronaphthyl-isomer,1,0.998659,1,CCCCCn1cc(C(=O)c2cccc3cc(Cl)ccc23)c2ccccc21
1131,Positive,jwh-398-5-chloronaphthyl-isomer,1,0.998669,1,CCCCCn1cc(C(=O)c2cccc3c(Cl)cccc23)c2ccccc21
1132,Positive,jwh-398-2-chloronaphthyl-isomer,1,0.998665,1,CCCCCn1cc(C(=O)c2c(Cl)ccc3ccccc23)c2ccccc21
1133,Positive,jwh-398,1,0.998666,1,CCCCCn1cc(C(=O)c2ccc(Cl)c3ccccc23)c2ccccc21
1134,Positive,jwh-370,1,0.998697,1,CCCCCn1cc(C(=O)c2cccc3ccccc23)cc1-c1ccccc1C
1135,Positive,jwh-369,1,0.998664,1,CCCCCn1cc(C(=O)c2cccc3ccccc23)cc1-c1ccccc1Cl
1136,Positive,jwh-368,1,0.998667,1,CCCCCn1cc(C(=O)c2cccc3ccccc23)cc1-c1cccc(F)c1
1137,Positive,jwh-363,1,0.998695,1,CCCCCn1cc(C(=O)c2cccc3ccccc23)cc1-c1cccc(C(F)(F)F)c1
1138,Positive,jwh-348,1,0.998631,1,CCCCCn1cc(C(=O)c2cccc3ccccc23)cc1-c1ccc(C(F)(F)F)cc1
1139,Positive,jwh-309,1,0.998691,1,CCCCCn1cc(C(=O)c2cccc3ccccc23)cc1-c1cccc2ccccc12
1140,Positive,jwh-251-3-methylphenyl-isomer,1,0.998461,1,CCCCCn1cc(C(=O)Cc2cccc(C)c2)c2ccccc21
1141,Positive,bzo-hexoxizid,1,0.998733,1,CCCCCCn1c(O)c(N=NC(=O)c2ccccc2)c2ccccc21
1142,Positive,jwh-072,1,0.998662,1,CCCn1cc(C(=O)c2cccc3ccccc23)c2ccccc21
1143,Positive,jwh-145,1,0.998683,1,CCCCCn1cc(C(=O)c2cccc3ccccc23)cc1-c1ccccc1
1144,Positive,jwh-408,1,0.99827,1,CCCCCn1cc(C(=O)c2ccc3cc(OC)ccc3c2)c2ccccc21
1145,Positive,jwh-165,1,0.998717,1,CCCn1cc(C(=O)c2cccc3ccc(OC)cc23)c2ccccc21
1146,Positive,jwh-457,1,0.998565,1,CCCCCn1cc(C(=O)c2cccc3c(Cl)cccc23)c2ccccc21
1147,Positive,jwh-311,1,0.995633,1,CCCCCn1cc(C(=O)Cc2ccccc2F)c2ccccc21
1148,Positive,jwh-248,1,0.998201,1,CCCCCn1cc(C(=O)Cc2ccc(Br)cc2)c2ccccc21
1149,Positive,jwh-247,1,0.998701,1,CCCCC[C@H](C)Cc1cc(OC)c2c(c1)OC(C)(C)[C@@H]1CC=C(C)C[C@@H]21
1150,Positive,jwh-387,1,0.998674,1,CCCCCn1cc(C(=O)c2ccc(Br)c3ccccc23)c2ccccc21
1151,Positive,jwh-412,1,0.998707,1,CCCCCn1cc(C(=O)c2ccc(F)c3ccccc23)c2ccccc21
1152,Positive,jwh-022,1,0.998703,1,C=CCCCn1cc(C(=O)c2cccc3ccccc23)c2ccccc21
1153,Positive,jwh-147,1,0.998662,1,CCCCCCn1cc(C(=O)c2cccc3ccccc23)cc1-c1ccccc1
1154,Positive,xlr11-cyclopropyl-rearrangement-product,1,0.998675,1,C=C(C)C(C)(C)CC(=O)c1cn(CCCCCF)c2ccccc12
1155,Positive,jwh-180,1,0.998719,1,CCCc1ccc(C(=O)c2cn(CCC)c3ccccc23)c2ccccc12
1156,Positive,jwh-121,1,0.998709,1,
1157,Positive,jwh-082,1,0.998639,1,CCCCCCn1cc(C(=O)c2ccc(OC)c3ccccc23)c2ccccc21
1158,Positive,jwh-080,1,0.998667,1,CCCCn1cc(C(=O)c2ccc(OC)c3ccccc23)c2ccccc21
1159,Positive,jwh-045,1,0.998726,1,CCn1ccc(C(=O)c2cccc3ccccc23)c1
1160,Positive,jwh-033,1,0.998759,1,CCCCn1ccc(C(=O)c2cccc3ccccc23)c1
1161,Positive,jwh-032,1,0.998745,1,CCCn1ccc(C(=O)c2cccc3ccccc23)c1
1162,Positive,jwh-252,1,0.997811,1,CCCCCn1c(C)c(C(=O)Cc2ccccc2C)c2ccccc21
1163,Positive,jwh-209,1,0.995176,1,CCCCCn1c(C)c(C(=O)Cc2ccc(C)cc2)c2ccccc21
1164,Positive,jwh-205,1,0.993067,1,CCCCCn1c(C)c(C(=O)Cc2ccccc2)c2ccccc21
1165,Positive,jwh-053,1,0.998692,1,CCCCC[C@@H](C)Cc1cc(O)c2c(c1)OC(C)(C)[C@@H]1CC=C(C)C[C@@H]21
1166,Positive,jwh-197,1,0.998656,1,CCCCCn1c(C)c(C(=O)c2ccc(OC)c3ccccc23)c2ccccc21
1167,Positive,jwh-058,1,0.998688,1,CCCCCC[C@@H](C)c1cc(O)c2c(c1)OC(C)(C)[C@@H]1CC=C(C)C[C@@H]21
1168,Positive,jwh-059,1,0.998693,1,CCCCCC[C@H](C)c1cc(O)c2c(c1)OC(C)(C)[C@@H]1CC=C(C)C[C@@H]21
1169,Positive,jwh-054,1,0.998718,1,CCCCC[C@H](C)Cc1cc(O)c2c(c1)OC(C)(C)[C@@H]1CC=C(C)C[C@@H]21
1170,Positive,jwh-018-n-3-methylbutyl-isomer,1,0.998654,1,CC(C)CCn1cc(C(=O)c2cccc3ccccc23)c2ccccc21
1171,Positive,jwh-071,1,0.998721,1,CCn1cc(C(=O)c2cccc3ccccc23)c2ccccc21
1172,Positive,jwh-167,1,0.998079,1,CCCCCn1cc(C(=O)Cc2ccccc2)c2ccccc21
1173,Positive,jwh-213,1,0.998722,1,CCCCCn1c(C)c(C(=O)c2ccc(CC)c3ccccc23)c2ccccc21
1174,Positive,jwh-309-5-isomer,1,0.998659,1,CCCCCn1ccc(C(=O)c2cccc3ccccc23)c1-c1cccc2ccccc12
1175,Positive,ur-144-n-4-hydroxypentyl-metabolite,1,0.998716,1,CC(O)CCCn1cc(C(=O)C2C(C)(C)C2(C)C)c2ccccc21
1176,Positive,jwh-145-2-phenyl-isomer,1,0.998667,1,CCCCCn1ccc(C(=O)c2cccc3ccccc23)c1-c1ccccc1
1177,Positive,jwh-250-n-5-hydroxypentyl-metabolite,1,0.998651,1,COc1ccccc1CC(=O)c1cn(CCCCCO)c2ccccc12
1178,Positive,jwh-250-n-4-hydroxypentyl-metabolite,1,0.9987,1,COc1ccccc1CC(=O)c1cn(CCCC(C)O)c2ccccc12
1179,Positive,jwh-250-5-hydroxyindole-metabolite,1,0.998304,1,CCCCCn1cc(C(=O)Cc2ccccc2OC)c2cc(O)ccc21
1180,Positive,jwh-398-n-4-hydroxypentyl-metabolite,1,0.998655,1,CC(O)CCCn1cc(C(=O)c2ccc(Cl)c3ccccc23)c2ccccc21
1181,Positive,jwh-081-n-5-hydroxypentyl-metabolite,1,0.998671,1,COc1ccc(C(=O)c2cn(CCCCCO)c3ccccc23)c2ccccc12
1182,Positive,jwh-018-n-5-hydroxypentyl-metabolite,1,0.998688,1,O=C(c1cccc2ccccc12)c1cn(CCCCCO)c2ccccc12
1183,Positive,jwh-018-n-4-hydroxypentyl-metabolite,1,0.998665,1,CC(O)CCCn1cc(C(=O)c2cccc3ccccc23)c2ccccc21
1184,Positive,jwh-018-n-3-hydroxypentyl-metabolite,1,0.998688,1,CCC(O)CCn1cc(C(=O)c2cccc3ccccc23)c2ccccc21
1185,Positive,jwh-018-n-2-hydroxypentyl-metabolite,1,0.998692,1,CCCC(O)Cn1cc(C(=O)c2cccc3ccccc23)c2ccccc21
1186,Positive,jwh-019-n-6-hydroxyhexyl-metabolite,1,0.998677,1,O=C(c1cccc2ccccc12)c1cn(CCCCCCO)c2ccccc12
1187,Positive,jwh-019-5-hydroxyindole-metabolite,1,0.998658,1,CCCCCCn1cc(C(=O)c2cccc3ccccc23)c2cc(O)ccc21
1188,Positive,jwh-073-n-4-hydroxybutyl-metabolite,1,0.998717,1,O=C(c1cccc2ccccc12)c1cn(CCCCO)c2ccccc12
1189,Positive,jwh-073-n-3-hydroxybutyl-metabolite,1,0.998684,1,CC(O)CCn1cc(C(=O)c2cccc3ccccc23)c2ccccc21
1190,Positive,jwh-073-2-hydroxyindole-metabolite,1,0.998687,1,CCCCn1c(O)c(C(=O)c2cccc3ccccc23)c2ccccc21
1191,Positive,jwh-122-n-5-hydroxypentyl-metabolite,1,0.99868,1,Cc1ccc(C(=O)c2cn(CCCCCO)c3ccccc23)c2ccccc12
1192,Positive,jwh-122-n-4-hydroxypentyl-metabolite,1,0.998687,1,Cc1ccc(C(=O)c2cn(CCCC(C)O)c3ccccc23)c2ccccc12
1193,Positive,jwh-200-7-hydroxyindole-metabolite,1,0.995969,1,O=C(c1cccc2ccccc12)c1cn(CCN2CCOCC2)c2c(O)cccc12
1194,Positive,jwh-200-6-hydroxyindole-metabolite,1,0.996385,1,O=C(c1cccc2ccccc12)c1cn(CCN2CCOCC2)c2cc(O)ccc12
1195,Positive,jwh-200-5-hydroxyindole-metabolite,1,0.996099,1,O=C(c1cccc2ccccc12)c1cn(CCN2CCOCC2)c2ccc(O)cc12
1196,Positive,jwh-200-4-hydroxyindole-metabolite,1,0.997739,1,O=C(c1cccc2ccccc12)c1cn(CCN2CCOCC2)c2cccc(O)c12
1197,Positive,jwh-210-n-5-hydroxypentyl-metabolite,1,0.998706,1,CCc1ccc(C(=O)c2cn(CCCCCO)c3ccccc23)c2ccccc12
1198,Positive,jwh-210-n-4-hydroxypentyl-metabolite,1,0.998665,1,CCc1ccc(C(=O)c2cn(CCCC(C)O)c3ccccc23)c2ccccc12
1199,Positive,jwh-149,1,0.998676,1,CCCCCn1c(C)c(C(=O)c2ccc(C)c3ccccc23)c2ccccc21
1200,Positive,jwh-198,1,0.992523,1,COc1ccc(C(=O)c2cn(CCN3CCOCC3)c3ccccc23)c2ccccc12
1201,Positive,jwh-176,1,0.99867,1,CCCCCC1=C/C(=C\c2cccc3ccccc23)c2ccccc21
1202,Positive,jwh-193,1,0.996563,1,Cc1ccc(C(=O)c2cn(CCN3CCOCC3)c3ccccc23)c2ccccc12
1203,Positive,jwh-116,1,0.998673,1,CCCCCn1c(CC)c(C(=O)c2cccc3ccccc23)c2ccccc21
1204,Positive,jwh-073-6-methoxyindole-analog,1,0.998726,1,CCCCn1cc(C(=O)c2cccc3ccccc23)c2ccc(OC)cc21
1205,Positive,jwh-018-n-4-oxo-pentyl-metabolite,1,0.99867,1,CC(=O)CCCn1cc(C(=O)c2cccc3ccccc23)c2ccccc21
1206,Positive,5-chloro-ur-144-rearrangement-product,1,0.998685,1,C=C(C)C(C)(C)CC(=O)c1cn(CCCCCCl)c2ccccc12
1207,Positive,jwh-146,1,0.998689,1,CCCCCCCn1cc(C(=O)c2cccc3ccccc23)cc1-c1ccccc1
1208,Positive,jwh-203-n-5-hydroxypentyl-metabolite,1,0.998604,1,O=C(Cc1ccccc1Cl)c1cn(CCCCCO)c2ccccc12
1209,Positive,jwh-203-n-4-hydroxypentyl-metabolite,1,0.99872,1,CC(O)CCCn1cc(C(=O)Cc2ccccc2Cl)c2ccccc21
1210,Positive,jwh-073-n-2-hydroxybutyl-metabolite,1,0.998712,1,CCC(O)Cn1cc(C(=O)c2cccc3ccccc23)c2ccccc21
1211,Positive,5-fluoro-pb-22-n-4-fluoropentyl-isomer,1,0.998595,1,CC(F)CCCn1cc(C(=O)Oc2cccc3cccnc23)c2ccccc21
1212,Positive,jwh-019-n-5-hydroxyhexyl-metabolite,1,0.998686,1,CC(O)CCCCn1cc(C(=O)c2cccc3ccccc23)c2ccccc21
1213,Positive,akb48-n-5-hydroxypentyl-metabolite,1,0.998711,1,O=C(NC12CC3CC(CC(C3)C1)C2)c1nn(CCCCCO)c2ccccc12
1214,Positive,5-fluoro-pb-22-n-2-fluoropentyl-isomer,1,0.998108,1,CCCC(F)Cn1cc(C(=O)Oc2cccc3cccnc23)c2ccccc21
1215,Positive,jwh-081-4-hydroxynaphthyl-metabolite,1,0.998683,1,CCCCCn1cc(C(=O)c2ccc(O)c3ccccc23)c2ccccc21
1216,Positive,jwh-081-n-4-hydroxypentyl-metabolite,1,0.998659,1,COc1ccc(C(=O)c2cn(CCCC(C)O)c3ccccc23)c2ccccc12
1217,Positive,jwh-081-n-cyclohexylmethyl-analog,1,0.998689,1,COc1ccc(C(=O)c2cn(CC3CCCCC3)c3ccccc23)c2ccccc12
1218,Positive,jwh-018-8-quinolinyl-carboxamide,1,0.998508,1,CCCCCn1cc(C(=O)Nc2cccc3cccnc23)c2ccccc21
1219,Positive,5-fluoro-akb48-n-5-hydroxypentyl-metabolite,1,0.998703,1,O=C(NC12CC3CC(CC(C3)C1)C2)c1nn(CCCC(O)CF)c2ccccc12
1220,Positive,jwh-208,1,0.998165,1,CCCCCn1cc(C(=O)Cc2ccc(C)cc2)c2ccccc21
1221,Positive,ur-144-by-product,1,0.998686,1,CCCCCn1cc(C2=CC(C)(C)C(C)(C)O2)c2ccccc21
1222,Positive,5-chloro-ab-pinaca,1,0.998699,1,CC(C)[C@H](NC(=O)c1nn(CCCCCCl)c2ccccc12)C(N)=O
1223,Positive,jwh-019-n-4-fluorohexyl-isomer,1,0.998686,1,CCC(F)CCCn1cc(C(=O)c2cccc3ccccc23)c2ccccc21
1224,Positive,jwh-019-n-6-fluorohexyl-isomer,1,0.998683,1,O=C(c1cccc2ccccc12)c1cn(CCCCCCF)c2ccccc12
1225,Positive,jwh-019-n-5-fluorohexyl-isomer,1,0.998689,1,CC(F)CCCCn1cc(C(=O)c2cccc3ccccc23)c2ccccc21
1226,Positive,5-fluoro-ab-pinaca-n-4-hydroxypentyl-metabolite,1,0.998713,1,CC(C)C(NC(=O)c1nn(CCCC(O)CF)c2ccccc12)C(N)=O
1227,Positive,.alpha.-pbt,1,0.823578,0,CCC(C(=O)c1cccs1)N1CCCC1
1228,Positive,jwh-307-brominated-analogue,1,0.998668,1,CCCCCn1cc(C(=O)c2cccc3ccccc23)cc1-c1ccccc1Br
1229,Positive,thj-018,1,0.998692,1,CCCCCn1nc(C(=O)c2cccc3ccccc23)c2ccccc21
1230,Positive,5-fluoro-ab-pinaca,1,0.998696,1,CC(C)[C@H](NC(=O)c1nn(CCCCCF)c2ccccc12)C(N)=O
1231,Positive,ur-144-cyclopropyl-rearrangement-product,1,0.99867,1,C=C(C)C(C)(C)CC(=O)c1cn(CCCCC)c2ccccc12
1232,Positive,4-fluoro-ur-144,1,0.998715,1,CC(F)CCCn1cc(C(=O)C2C(C)(C)C2(C)C)c2ccccc21
1233,Positive,5-bromo-ur-144,1,0.998705,1,CC1(C)C(C(=O)c2cn(CCCCCBr)c3ccccc23)C1(C)C
1234,Positive,jwh-307,1,0.998684,1,CCCCCn1cc(C(=O)c2cccc3ccccc23)cc1-c1ccccc1F
1235,Positive,jwh-019,1,0.99867,1,CCCCCCn1cc(C(=O)c2cccc3ccccc23)c2ccccc21
1236,Positive,jwh-018-benzimidazole-analog,1,0.998695,1,CCCCCn1c(C(=O)c2cccc3ccccc23)nc2ccccc21
1237,Positive,5-fluoro-pb-22,1,0.998603,1,O=C(Oc1cccc2cccnc12)c1cn(CCCCCF)c2ccccc12
1238,Positive,ab-001,1,0.993025,1,COc1cc(/C=C/C(=O)/C=C/C=C/c2cc(OC)c(O)c(OC)c2)cc(OC)c1
1239,Positive,jwh-018-n-5-chloropentyl-analog,1,0.998666,1,O=C(c1cccc2ccccc12)c1cn(CCCCCCl)c2ccccc12
1240,Positive,jwh-200,1,0.996342,1,O=C(c1cccc2ccccc12)c1cn(CCN2CCOCC2)c2ccccc12
1241,Positive,5-chloro-ur-144,1,0.998734,1,CC1(C)C(C(=O)c2cn(CCCCCCl)c3ccccc23)C1(C)C
1242,Positive,pb-22-butylester-analogue,1,0.998711,1,CCCCCn1cc(C(=O)OCCCC)c2ccccc21
1243,Positive,pb-22-ethylester-analogue,1,0.9987,1,CCCCCn1cc(C(=O)OCC)c2ccccc21
1244,Positive,pb-22-indazole-ethylester-analogue,1,0.998678,1,CCCCCn1nc(C(=O)OCC)c2ccccc21
1245,Positive,pb-22-indazole-methylester-analogue,1,0.998641,1,CCCCCn1nc(C(=O)OC)c2ccccc21
1246,Positive,pb-22-pentafluorpropyl-analogue,1,0.998658,1,CCCCCn1cc(C(=O)OCC(F)(F)C(F)(F)F)c2ccccc21
1247,Positive,pb-22-methylester-analogue,1,0.998695,1,CCCCCn1cc(C(=O)OC)c2ccccc21
1248,Positive,5f-pb-22-indazole-methylester-analogue,1,0.998666,1,COC(=O)c1nn(CCCCCF)c2ccccc12
1249,Positive,5f-pb-22-indazole-ethylester-analogue,1,0.998751,1,CCOC(=O)c1nn(CCCCCF)c2ccccc12
1250,Positive,5f-pb-22-ethylester-analogue,1,0.998721,1,CCOC(=O)c1cn(CCCCCF)c2ccccc12
1251,Positive,5f-pb-22-butylester-analogue,1,0.998721,1,CCCCOC(=O)c1cn(CCCCCF)c2ccccc12
1252,Positive,5f-pb-22-indazole-analogue,1,0.998646,1,O=C(Oc1cccc2cccnc12)c1nn(CCCCCF)c2ccccc12
1253,Positive,5f-pb-22-pentafluorpropil-analogue,1,0.998077,1,O=C(OCC(F)(F)C(F)(F)F)c1cn(CCCCCF)c2ccccc12
1254,Positive,5f-pb-22-methylester-analogue,1,0.998722,1,COC(=O)c1cn(CCCCCF)c2ccccc12
1255,Positive,nmenmepitma,1,0.997152,1,CCCCCn1cc(-c2nc(CN(CCOC)C(C)C)cs2)c2ccccc21
1256,Positive,5f-ambica,1,0.99839,1,CC(C)C(NC(=O)c1cn(CCCCCF)c2ccccc12)C(N)=O
1257,Positive,5-fluoro-pb-22-7-hydroxyquinoline-isomer,1,0.998553,1,O=C(Oc1ccc2cccnc2c1)c1cn(CCCCCF)c2ccccc12
1258,Positive,5-fluoro-pb-22-6-hydroxyquinoline-isomer,1,0.998468,1,O=C(Oc1ccc2ncccc2c1)c1cn(CCCCCF)c2ccccc12
1259,Positive,5-fluoro-pb-22-5-hydroxyquinoline-isomer,1,0.998362,1,O=C(Oc1cccc2ncccc12)c1cn(CCCCCF)c2ccccc12
1260,Positive,5-fluoro-pb-22-4-hydroxyquinoline-isomer,1,0.998566,1,O=C(Oc1ccnc2ccccc12)c1cn(CCCCCF)c2ccccc12
1261,Positive,5-fluoro-pb-22-3-hydroxyquinoline-isomer,1,0.998422,1,O=C(Oc1cnc2ccccc2c1)c1cn(CCCCCF)c2ccccc12
1262,Positive,5-fluoro-pb-22-8-hydroxyisoquinoline-isomer,1,0.998543,1,O=C(Oc1cccc2ccncc12)c1cn(CCCCCF)c2ccccc12
1263,Positive,5-fluoro-pb-22-7-hydroxyisoquinoline-isomer,1,0.998465,1,O=C(Oc1ccc2ccncc2c1)c1cn(CCCCCF)c2ccccc12
1264,Positive,5-fluoro-pb-22-6-hydroxyisoquinoline-isomer,1,0.998468,1,O=C(Oc1ccc2cnccc2c1)c1cn(CCCCCF)c2ccccc12
1265,Positive,5-fluoro-pb-22-5-hydroxyisoquinoline-isomer,1,0.998271,1,O=C(Oc1cccc2cnccc12)c1cn(CCCCCF)c2ccccc12
1266,Positive,jwh-200-analog-1,1,0.99841,1,C/C(=C\C(=O)c1cn(CCN2CCOCC2)c2ccccc12)C(C)(C)C
1267,Positive,jwh-019-n-3-fluorohexyl-isomer,1,0.998689,1,CCCC(F)CCn1cc(C(=O)c2cccc3ccccc23)c2ccccc21
1268,Positive,5-chloro-pb-22,1,0.998724,1,O=C(Oc1cccc2cccnc12)c1cn(CCCCCCl)c2ccccc12
1269,Positive,pb-22-indazole-analogue,1,0.998652,1,CCCCCn1nc(C(=O)Oc2cccc3cccnc23)c2ccccc21
1270,Positive,cumyl-bica,1,0.998532,1,CCCCn1cc(C(=O)NC(C)(C)c2ccccc2)c2ccccc21
1271,Positive,5-fluoro-thj,1,0.998708,1,O=C(Nc1cccc2cccnc12)c1nn(CCCCCF)c2ccccc12
1272,Positive,5-fluoro-sdb-006,1,0.998729,1,O=C(NCc1ccccc1)c1cn(CCCCCF)c2ccccc12
1273,Positive,5-fluoro-sdb-005,1,0.998675,1,O=C(Oc1cccc2ccccc12)c1nn(CCCCCF)c2ccccc12
1274,Positive,5-fluoro-npb-22,1,0.998675,1,O=C(Oc1cccc2cccnc12)c1nn(CCCCCF)c2ccccc12
1275,Positive,5-fluoro-adbica,1,0.998184,1,CC(C)(C)C(NC(=O)c1cn(CCCCCF)c2ccccc12)C(N)=O
1276,Positive,5-fluoro-abica,1,0.998439,1,CC(C)[C@H](NC(=O)c1cn(CCCCCF)c2ccccc12)C(N)=O
1277,Positive,5-fluoro-adb,1,0.998682,1,COC(=O)C(NC(=O)c1nn(CCCCCF)c2ccccc12)C(C)(C)C
1278,Positive,fub-jwh-018,1,0.611044,0,O=C(c1cccc2ccccc12)c1cn(Cc2ccc(F)cc2)c2ccccc12
1279,Positive,5-fluoro-adb-pinaca-isomer-2,1,0.998688,1,CC[C@H](C)[C@H](NC(=O)c1nn(CCCCCF)c2ccccc12)C(N)=O
1280,Positive,5-fluoro-cumyl-pinaca,1,0.998726,1,CC(C)(NC(=O)c1nn(CCCCCF)c2ccccc12)c1ccccc1
1281,Positive,eg-2201,1,0.998721,1,O=C(c1ccc2c(c1)c1ccccc1n2CCCCCF)c1cccc2ccccc12
1282,Positive,5-fluoro-aeb,1,0.998569,1,CCOC(=O)[C@@H](NC(=O)c1nn(CCCCCF)c2ccccc12)C(C)C
1283,Positive,fub-akb48,1,0.998569,1,O=C(NC12CC3CC(CC(C3)C1)C2)c1nn(Cc2ccc(F)cc2)c2ccccc12
1284,Positive,akb57,1,0.99871,1,CCCCCn1nc(C(=O)OC23CC4CC(CC(C4)C2)C3)c2ccccc21
1285,Positive,mab-chminaca-metabolite-m11,1,0.998676,1,CC(C)(CO)C(NC(=O)c1nn(CC2CCC(O)CC2)c2ccccc12)C(N)=O
1286,Positive,"5-fluoro-3,5-ab-pfuppyca",1,0.998669,1,CC(C)C(NC(=O)c1cc(-c2ccc(F)cc2)nn1CCCCCF)C(N)=O
1287,Positive,5-fluoro-py-pinaca,1,0.998673,1,O=C(c1nn(CCCCCF)c2ccccc12)N1CCCC1
1288,Positive,5-fluoro-amb-metabolite-7,1,0.998672,1,CC(C)[C@H](NC(=O)c1nn(CCCCCF)c2ccccc12)C(=O)O
1289,Positive,3-fluoro-amb,1,0.998528,1,CCC(F)CCn1nc(C(=O)N[C@H](C(=O)OC)C(C)C)c2ccccc21
1290,Positive,fub-jwh-018-d5,1,0.998647,1,[2H]c1c([2H])c([2H])c2c(c1[2H])c(C(=O)c1cccc3ccccc13)c([2H])n2Cc1ccc(F)cc1
1291,Positive,ab-chmfuppyca,1,0.998752,1,CC(C)C(NC(=O)c1cc(-c2ccc(F)cc2)nn1CC1CCCCC1)C(N)=O
1292,Positive,2-fluoro-amb,1,0.998552,1,CCCC(F)Cn1nc(C(=O)N[C@H](C(=O)OC)C(C)C)c2ccccc21
1293,Positive,4-fluoro-amb,1,0.998681,1,COC(=O)[C@@H](NC(=O)c1nn(CCCC(C)F)c2ccccc12)C(C)C
1294,Positive,adamantyl-thpinaca,1,0.998745,1,O=C(NC1C2CC3CC(C2)CC1C3)c1nn(CC2CCOCC2)c2ccccc12
1295,Positive,4-cyano-cumyl-butinaca-isomer-2,1,0.998752,1,CC(C)(NC(=O)c1c2ccccc2nn1CCCCC#N)c1ccccc1
1296,Positive,5-fluoro-adb-pinaca,1,0.99872,1,CC(C)(C)C(NC(=O)c1nn(CCCCCF)c2ccccc12)C(N)=O
1297,Positive,5-bromo-thj-018,1,0.998694,1,O=C(c1cccc2ccccc12)c1nn(CCCCCBr)c2ccccc12
1298,Positive,5-chloro-thj-018,1,0.998708,1,O=C(c1cccc2ccccc12)c1nn(CCCCCCl)c2ccccc12
1299,Positive,5-fluoro-pb-22-3-carboxyindole-metabolite-d5,1,0.998664,1,[2H]c1c([2H])c([2H])c2c(c1[2H])c(C(=O)O)c([2H])n2CCCCCF
1300,Positive,5-fluoro-pb-22-3-carboxyindole-metabolite,1,0.998626,1,O=C(O)c1cn(CCCCCF)c2ccccc12
1301,Positive,5-fluoro-cumyl-pica,1,0.998718,1,CC(C)(NC(=O)c1cn(CCCCCF)c2ccccc12)c1ccccc1
1302,Positive,5-fluoro-cumyl-p7aica,1,0.998717,1,CC(C)(NC(=O)c1cn(CCCCCF)c2ncccc12)c1ccccc1
1303,Positive,5-fluoro-ab-001,1,0.998393,1,O=C(c1cn(CCCCCF)c2ccccc12)C12CC3CC(CC(C3)C1)C2
1304,Positive,jwh-308,1,0.998723,1,CCCCCn1cc(C(=O)c2cccc3ccccc23)cc1-c1ccc(F)cc1
1305,Positive,lti-701,1,0.99871,1,O=C(Nc1ccccc1)c1cn(CCCCCF)c2ccccc12
1306,Positive,jwh-072-n-carboxy-tms,1,0.998677,1,C[Si](C)(C)OC(=O)CCn1cc(C(=O)c2cccc3ccccc23)c2ccccc21
1307,Positive,jwh-166,1,0.998662,1,CCCCCn1cc(C(=O)c2cccc3cc(OC)ccc23)c2ccccc21
1308,Positive,jwh-412-n-5-hydroxypentyl-metabolite,1,0.998655,1,O=C(c1ccc(F)c2ccccc12)c1cn(CCCCCO)c2ccccc12
1309,Positive,5-fluoro-tert-butylbenzyl-pinaca,1,0.998684,1,CC(C)(C)C(NC(=O)c1nn(CCCCCF)c2ccccc12)c1ccccc1
1310,Positive,7-methoxy-nabutie,1,0.99853,1,CCCCn1cc(C(=O)Cc2cccc3ccccc23)c2cccc(OC)c21
1311,Positive,mfubinac,1,0.998682,1,COC(=O)c1nn(Cc2ccc(F)cc2)c2ccccc12
1312,Positive,4-cyano-cumyl-but7aica,1,0.998747,1,CC(C)(NC(=O)c1cn(CCCCC#N)c2ncccc12)c1ccccc1
1313,Positive,5-fluoro-adb-metabolite-2,1,0.998691,1,COC(=O)[C@@H](NC(=O)c1nn(CCCCCO)c2ccccc12)C(C)(C)C
1314,Positive,5-fluoro-7-apaica,1,0.998706,1,O=C(NC12C[C@H]3C[C@@H](C1)C[C@@H](C2)C3)c1cn(CCCCCF)c2ncccc12
1315,Positive,rcs-4-d9-not-certified-by-nist,1,0.998731,1,[2H]C([2H])([2H])C([2H])([2H])C([2H])([2H])C([2H])([2H])Cn1cc(C(=O)c2ccc(OC)cc2)c2ccccc21
1316,Positive,5-bromo-apinaca,1,0.99869,1,O=C(NC12C[C@H]3C[C@@H](C1)C[C@@H](C2)C3)c1nn(CCCCCBr)c2ccccc12
1317,Positive,4-chloro-cumyl-pinaca,1,0.998745,1,CCCCCn1nc(C(=O)NC(C)(C)c2ccc(Cl)cc2)c2ccccc21
1318,Positive,4-fluoro-cumyl-5-fluoro-pica,1,0.998736,1,CC(C)(NC(=O)c1cn(CCCCCF)c2ccccc12)c1ccc(F)cc1
1319,Positive,4-fluoro-cumyl-5-fluoro-pinaca,1,0.998734,1,CC(C)(NC(=O)c1nn(CCCCCF)c2ccccc12)c1ccc(F)cc1
1320,Positive,5-fluoro-mdmb-pica-metabolite-7,1,0.998698,1,CC(C)(C)[C@H](NC(=O)c1cn(CCCCCF)c2ccccc12)C(=O)O
1321,Positive,5-fluoro-ab-pinaca-3-carboxyindazole-metabolite,1,0.998668,1,O=C(O)c1nn(CCCCCF)c2ccccc12
1322,Positive,4-fluoro-mdmb-butinaca,1,0.998607,1,COC(=O)[C@@H](NC(=O)c1nn(CCCCF)c2ccccc12)C(C)(C)C
1323,Positive,4-fluoro-mdmb-butinaca-3-carboxyindazole-metabolite,1,0.998627,1,O=C(O)c1nn(CCCCF)c2ccccc12
1324,Positive,5-fluoro-mdmb-pica-metabolite-2,1,0.998639,1,COC(=O)[C@@H](NC(=O)c1cn(CCCCCO)c2ccccc12)C(C)(C)C
1325,Positive,4-cyano-mdmb-butinaca,1,0.998628,1,COC(=O)[C@@H](NC(=O)c1nn(CCCCC#N)c2ccccc12)C(C)(C)C
1326,Positive,5-fluoro-mdmb-pica-metabolite-7-d5,1,0.998695,1,[2H]c1c([2H])c([2H])c2c(c1[2H])c(C(=O)N[C@H](C(=O)O)C(C)(C)C)c([2H])n2CCCCCF
1327,Positive,5-fluoro-mdmb-pica-d5,1,0.998556,1,[2H]c1c([2H])c([2H])c2c(c1[2H])c(C(=O)N[C@H](C(=O)OC)C(C)(C)C)c([2H])n2CCCCCF
1328,Positive,5-fluoro-cumyl-pegaclone,1,0.998735,1,CC(C)(c1ccccc1)n1ccc2c(c1=O)c1ccccc1n2CCCCCF
1329,Positive,5-fluoro-mdmb-7-paica,1,0.9986,1,COC(=O)[C@@H](NC(=O)c1cn(CCCCCF)c2ncccc12)C(C)(C)C
1330,Positive,5-bromo-amb-pica,1,0.998693,1,COC(=O)[C@@H](NC(=O)c1cn(CCCCCBr)c2ccccc12)C(C)C
1331,Positive,5-fluoro-mdmb-pica-metabolite-9,1,0.998217,1,COC(=O)[C@@H](NC(=O)c1cn(CCCCCF)c2cc(O)ccc12)C(C)(C)C
1332,Positive,5-chloro-amb-pica,1,0.998546,1,COC(=O)[C@@H](NC(=O)c1cn(CCCCCCl)c2ccccc12)C(C)C
1333,Positive,5-chloro-mdmb-pica,1,0.998533,1,COC(=O)[C@@H](NC(=O)c1cn(CCCCCCl)c2ccccc12)C(C)(C)C
1334,Positive,5f-edmb-pinaca,1,0.998667,1,CCOC(=O)[C@@H](NC(=O)c1nn(CCCCCF)c2ccccc12)C(C)(C)C
1335,Positive,5-fluoro-ab-7-paica,1,0.89927,0,CC(C)[C@H](NC(=O)c1cn(CCCCCF)c2ncccc12)C(N)=O
1336,Positive,4-fluoro-abutinaca,1,0.998293,1,O=C(NC12CC3CC(CC(C3)C1)C2)c1nn(CCCCF)c2ccccc12
1337,Positive,5-fluoro-emb-pica,1,0.998572,1,CCOC(=O)[C@@H](NC(=O)c1cn(CCCCCF)c2ccccc12)C(C)C
1338,Positive,4-fluoro-mdmb-butica,1,0.998045,1,COC(=O)[C@@H](NC(=O)c1cn(CCCCF)c2ccccc12)C(C)(C)C
1339,Positive,5-fluoro-edmb-pica,1,0.99813,1,CCOC(=O)[C@@H](NC(=O)c1cn(CCCCCF)c2ccccc12)C(C)(C)C
1340,Positive,5-fluoro-2-adb-pinaca-isomer-2,1,0.998693,1,CC[C@H](C)[C@H](NC(=O)c1c2ccccc2nn1CCCCCF)C(N)=O
1341,Positive,5-fluoro-mmb-p7aica,1,0.998686,1,COC(=O)[C@@H](NC(=O)c1cn(CCCCCF)c2ncccc12)C(C)C
1342,Positive,4-cyano-cumyl-butczca,1,0.998656,1,CC(C)(NC(=O)c1ccc2c(c1)c1ccccc1n2CCCCC#N)c1ccccc1
1343,Positive,4-cyano-adb-butinaca,1,0.9979,1,CC(C)(C)C(NC(=O)c1nn(CCCCC#N)c2ccccc12)C(N)=O
1344,Positive,4-fluoro-emb-butica,1,0.998603,1,CCOC(=O)[C@@H](NC(=O)c1cn(CCCCF)c2ccccc12)C(C)C
1345,Positive,4-chloro-mdmb-butica,1,0.998558,1,COC(=O)[C@@H](NC(=O)c1cn(CCCCCl)c2ccccc12)C(C)(C)C
1346,Positive,jwh-184,1,0.998719,1,CCCCCn1cc(Cc2ccc(C)c3ccccc23)c2ccccc21
1347,Positive,5-fluoro-bzo-poxizid,1,0.998593,1,O=C(N=Nc1c(O)n(CCCCCF)c2ccccc12)c1ccccc1
1348,Positive,4-cyano-mmb-butinaca,1,0.998488,1,COC(=O)[C@@H](NC(=O)c1nn(CCCCC#N)c2ccccc12)C(C)C
1349,Positive,5-fluoro-adb-5-primebr-pinaca,1,0.998691,1,CC(C)(C)[C@H](NC(=O)c1nn(CCCCCF)c2ccc(Br)cc12)C(N)=O
1350,Positive,4-fluoro-mbzp,1,0.998566,1,CN1CCN(Cc2ccc(F)cc2)CC1
1351,Positive,2-fluoro-mbzp,1,0.998523,1,CN1CCN(Cc2ccccc2F)CC1
1352,Positive,4-fluoro-ab-butinaca,1,0.998688,1,CC(C)[C@H](NC(=O)c1nn(CCCCF)c2ccccc12)C(N)=O
1353,Positive,adb-5-primebr-butinaca-d9-not-certified-by-nist,1,0.998692,1,[2H]C([2H])([2H])C([2H])([2H])C([2H])([2H])C([2H])([2H])n1nc(C(=O)N[C@H](C(N)=O)C(C)(C)C)c2cc(Br)ccc21
1354,Positive,adb-hexinaca-n-6-hydroxyhexyl-metabolite-not-certified-by-nist,1,0.998731,1,CC(C)(C)[C@H](NC(=O)c1nn(CCCCCCO)c2ccccc12)C(N)=O
1355,Positive,mdmb-4en-pinaca-d4-not-certified-by-nist,1,0.998631,1,[2H]c1c([2H])c([2H])c2c(c(C(=O)N[C@H](C(=O)OC)C(C)(C)C)nn2CCCC=C)c1[2H]
1356,Negative,Cannabinol,0,0.242487,0,
1357,Negative,Cannabicitran,0,0.169684,0,
1358,Negative,Cannabigerorcin,0,0.005101,0,
1359,Negative,Myclobutanil,0,0.007462,0,
1360,Negative,Cannabigerovarin,0,0.005165,0,
1361,Negative,Cannabidiol,0,0.090667,0,
1362,Negative,Cannabigerol,0,0.376742,0,
1363,Negative,Tetrahydrocannabivarin,0,0.005394,0,
1364,Negative,Cannabidiol,0,0.250652,0,
1365,Negative,Cannabidivarin,0,0.016186,0,
1366,Negative,Cannabifuran,0,0.007059,0,
1367,Negative,Cannabibutol,0,0.453479,0,
1368,Negative,Cannabihexol,0,0.235474,0,
1369,Negative,Carmagerol,0,0.080312,0,
1370,Negative,Dihydrocannabielsoin,0,0.005951,0,
1371,Negative,Cannabidivarin diacetate,0,0.007106,0,
1372,Negative,Cannabigerol dimethyl ether,0,0.016663,0,
1373,Negative,Cannabinol ethyl,0,0.007756,0,
1374,Negative,Cannabinol methyl ether,0,0.939303,1,
1375,Negative,Divarin,0,0.00494,0,
1376,Negative,Hexocannabitriol,0,0.005326,0,
1377,Negative,Cannabielsoin,0,0.005685,0,
1378,Negative,Cannabiphorol,0,0.018652,0,
1379,Negative,Cannabidiol diacetate,0,0.030655,0,
1380,Negative,Cannabielsoin,0,0.005028,0,
1381,Negative,Cannabiorcol,0,0.010487,0,
1382,Negative,Cannabinerol,0,0.007529,0,
1383,Negative,Cannabivarin,0,0.010647,0,
1384,Negative,Cannabiripsol,0,0.004432,0,
1385,Negative,Cannabigerol diacetate,0,0.159365,0,
1386,Negative,Cannabinodiol,0,0.012724,0,
1387,Negative,Sesquicannabigerol,0,0.152889,0,
1388,Negative,Olivetol,0,0.005535,0,
1389,Negative,Cannabigerol,0,0.020854,0,
1390,Negative,Cannabidiol,0,0.070654,0,
1391,Negative,Cannabinol,0,0.328408,0,
1392,Negative,Tetrahydrocannabivarin,0,0.008588,0,
1393,Negative,Cannabidivarin,0,0.025328,0,
1394,Negative,Cannabicitran,0,0.315393,0,
1395,Negative,Cannabigerorcin,0,0.00414,0,
1396,Negative,Myclobutanil,0,0.006942,0,
1397,Negative,Cannabigerovarin,0,0.005262,0,
1398,Negative,Cannabielsoin,0,0.005473,0,
1399,Negative,Cannabiphorol,0,0.013112,0,
1400,Negative,Divarin,0,0.004977,0,
1401,Negative,Cannabinol methyl ether,0,0.044133,0,
1402,Negative,Cannabinol ethyl,0,0.007504,0,
1403,Negative,Cannabibutol,0,0.38954,0,
1404,Negative,Cannabidiol diacetate,0,0.04513,0,
1405,Negative,Cannabidivarin diacetate,0,0.012362,0,
1406,Negative,Cannabigerol dimethyl ether,0,0.016132,0,
1407,Negative,Cannabihexol,0,0.046955,0,
1408,Negative,Carmagerol,0,0.006036,0,
1409,Negative,Dihydrocannabielsoin,0,0.021521,0,
1410,Negative,Hexocannabitriol,0,0.004447,0,
1411,Negative,01-01,0,0.080555,0,
1412,Negative,01-02,0,0.448936,0,
1413,Negative,01-03,0,0.2331,0,
1414,Negative,01-04,0,0.024151,0,
1415,Negative,01-05,0,0.434318,0,
1416,Negative,01-06,0,0.510173,0,
1417,Negative,01-07,0,0.795363,0,
1418,Negative,01-08,0,0.102875,0,
1419,Negative,01-09,0,0.053374,0,
1420,Negative,01-10,0,0.073322,0,
1421,Negative,17-01,0,0.047062,0,
1422,Negative,17-02,0,0.026011,0,
1423,Negative,17-03,0,0.034427,0,
1424,Negative,17-04,0,0.051476,0,
1425,Negative,17-05,0,0.067302,0,
1426,Negative,17-06,0,0.006716,0,
1427,Negative,17-07,0,0.011725,0,
1428,Negative,17-08,0,0.169906,0,
1429,Negative,17-09,0,0.039098,0,
1430,Negative,17-10,0,0.204457,0,
1431,Negative,25-01,0,0.158345,0,
1432,Negative,25-02,0,0.072432,0,
1433,Negative,25-03,0,0.591922,0,
1434,Negative,25-04,0,0.148216,0,
1435,Negative,25-05,0,0.134449,0,
1436,Negative,25-06,0,0.046363,0,
1437,Negative,25-07,0,0.190878,0,
1438,Negative,25-08,0,0.037303,0,
1439,Negative,25-09,0,0.214923,0,
1440,Negative,25-10,0,0.420011,0,
1441,Negative,"2,6,10,14,18-Pentamethylicosane",0,0.060762,0,
1442,Negative,Brevicompanine C,0,0.179982,0,
1443,Negative,Vitexicarpin,0,0.011382,0,
1444,Negative,S-Adenosyl-L-methionine,0,0.017168,0,
1445,Negative,(+-)-alpha-Tocopherol,0,0.010671,0,
1446,Negative,S-Adenosyl-L-methionine,0,0.013447,0,
1447,Negative,Sinigrin,0,0.013345,0,
1448,Negative,Podophyllotoxin,0,0.007395,0,
1449,Negative,Octacosanoic acid,0,0.007461,0,
1450,Negative,Lignoceric acid,0,0.005241,0,
1451,Negative,Dehydroisoandrosterone-3-sulfate,0,0.003929,0,
1452,Negative,Cyanine,0,0.204856,0,
1453,Negative,Chlorogenic acid,0,0.083293,0,
1454,Negative,Chlorogenic acid,0,0.010555,0,
1455,Negative,Albiflorin,0,0.175396,0,
1456,Negative,"3beta,4beta,7alpha,12alpha-Tetrahydroxy-5beta-cholan-24-oic acid Methyl ester",0,0.008312,0,
1457,Negative,"3beta,4beta,7alpha-Trihydroxy-5beta-cholan-24-oic acid Methyl ester",0,0.005114,0,
1458,Negative,"3beta,4beta,12alpha-Trihydroxy-5beta-cholan-24-oic acid Methyl ester",0,0.018907,0,
1459,Negative,"3beta,4beta-Dihydroxy-5beta-cholan-24-oic acid Methyl ester",0,0.046914,0,
1460,Negative,"3alpha,4beta,7alpha,12alpha-Tetrahydroxy-5beta-cholan-24-oic acid Methyl ester",0,0.009629,0,
1461,Negative,"3alpha,4beta,7alpha-Trihydroxy-5beta-cholan-24-oic acid Methyl ester",0,0.019996,0,
1462,Negative,"3alpha,4beta,12alpha-Trihydroxy-5beta-cholan-24-oic acid Methyl ester",0,0.012603,0,
1463,Negative,"3alpha,4beta-Dihydroxy-5beta-cholan-24-oic acid Methyl ester",0,0.010183,0,
1464,Negative,"3beta,6beta,7beta-Trihydroxy-5beta-cholan-24-oic acid Methyl ester",0,0.004419,0,
1465,Negative,"3beta,6beta,7alpha-Trihydroxy-5beta-cholan-24-oic acid Methyl ester",0,0.004915,0,
1466,Negative,"3beta,6alpha,7beta-Trihydroxy-5beta-cholan-24-oic acid Methyl ester",0,0.00437,0,
1467,Negative,"3beta,6alpha,7alpha-Trihydroxy-5beta-cholan-24-oic acid Methyl ester",0,0.004396,0,
1468,Negative,"3alpha,6beta,7beta-Trihydroxy-5beta-cholan-24-oic acid Methyl ester",0,0.005361,0,
1469,Negative,"3alpha,6beta,7alpha-Trihydroxy-5beta-cholan-24-oic acid Methyl ester",0,0.00499,0,
1470,Negative,"3alpha,6alpha,7beta-Trihydroxy-5beta-cholan-24-oic acid Methyl ester",0,0.004754,0,
1471,Negative,"3alpha,6alpha,7alpha-Trihydroxy-5beta-cholan-24-oic acid Methyl ester",0,0.004861,0,
1472,Negative,6beta-Hydroxy-5alpha-cholan-24-oic acid Methyl ester,0,0.015624,0,
1473,Negative,6alpha-Hydroxy-5alpha-cholan-24-oic acid Methyl ester,0,0.087988,0,
1474,Negative,"3beta,6beta-Dihydroxy-5alpha-cholan-24-oic acid Methyl ester",0,0.010269,0,
1475,Negative,"3beta,6alpha-Dihydroxy-5alpha-cholan-24-oic acid Methyl ester",0,0.064431,0,
1476,Negative,"3alpha,6beta-Dihydroxy-5alpha-cholan-24-oic acid Methyl ester",0,0.009363,0,
1477,Negative,"3alpha,6alpha-Dihydroxy-5alpha-cholan-24-oic acid Methyl ester",0,0.020474,0,
1478,Negative,"3beta,7beta,12beta-Trihydroxy-5beta-cholan-24-oic acid Methyl ester",0,0.004645,0,
1479,Negative,"3beta,7beta,12alpha-Trihydroxy-5beta-cholan-24-oic acid Methyl ester",0,0.00468,0,
1480,Negative,"3beta,7alpha,12beta-Trihydroxy-5beta-cholan-24-oic acid Methyl ester",0,0.004685,0,
1481,Negative,"3alpha,7beta,12beta-Trihydroxy-5beta-cholan-24-oic acid Methyl ester",0,0.004539,0,
1482,Negative,"3beta,7alpha,12alpha-Trihydroxy-5beta-cholan-24-oic acid Methyl ester",0,0.004643,0,
1483,Negative,"3alpha,7beta,12alpha-Trihydroxy-5beta-cholan-24-oic acid Methyl ester",0,0.004453,0,
1484,Negative,Lagocholic Acid Methyl ester,0,0.004652,0,
1485,Negative,"3alpha,7alpha,12alpha-Trihydroxy-5beta-cholan-24-oic acid Methyl ester",0,0.004461,0,
1486,Negative,"7beta,12beta-Dihydroxy-5beta-cholan-24-oic acid Methyl ester",0,0.004841,0,
1487,Negative,"7alpha,12beta-Dihydroxy-5beta-cholan-24-oic acid Methyl ester",0,0.006136,0,
1488,Negative,"7beta,12alpha-Dihydroxy-5beta-cholan-24-oic acid Methyl ester",0,0.005125,0,
1489,Negative,"7alpha,12alpha-Dihydroxy-5beta-cholan-24-oic acid Methyl ester",0,0.00732,0,
1490,Negative,7beta-Hydroxy-5beta-cholan-24-oic acid Methyl ester,0,0.024247,0,
1491,Negative,7alpha-Hydroxy-5beta-cholan-24-oic acid Methyl ester,0,0.024454,0,
1492,Negative,"3beta,7beta-Dihydroxy-5beta-cholan-24-oic acid Methyl ester",0,0.005149,0,
1493,Negative,"3alpha,7beta-Dihydroxy-5beta-cholan-24-oic acid Methyl ester",0,0.005985,0,
1494,Negative,"3beta,7alpha-Dihydroxy-5beta-cholan-24-oic acid Methyl ester",0,0.005807,0,
1495,Negative,"3alpha,7alpha-Dihydroxy-5beta-cholan-24-oic acid Methyl ester",0,0.022571,0,
1496,Negative,"3beta,12beta-Dihydroxy-5beta-cholan-24-oic acid Methyl ester",0,0.004852,0,
1497,Negative,"3alpha,12beta-Dihydroxy-5beta-cholan-24-oic acid Methyl ester",0,0.004646,0,
1498,Negative,"3beta,12alpha-Dihydroxy-5beta-cholan-24-oic acid Methyl ester",0,0.005526,0,
1499,Negative,"3alpha,12alpha-Dihydroxy-5beta-cholan-24-oic acid Methyl ester",0,0.005723,0,
1500,Negative,12beta-Hydroxy-5beta-cholan-24-oic acid Methyl ester,0,0.010653,0,
1501,Negative,12alpha-Hydroxy-5beta-cholan-24-oic acid Methyl ester,0,0.03283,0,
1502,Negative,3beta-Hydroxy-5beta-cholan-24-oic acid Methyl ester,0,0.082602,0,
1503,Negative,Lithocholic Acid methyl ester,0,0.014402,0,
1504,Negative,"3beta,7beta,12beta-Trihydroxy-5alpha-cholan-24-oic acid Methyl ester",0,0.004744,0,
1505,Negative,"3beta,7beta,12alpha-Trihydroxy-5alpha-cholan-24-oic acid Methyl ester",0,0.02195,0,
1506,Negative,"3beta,7alpha,12beta-Trihydroxy-5alpha-cholan-24-oic acid Methyl ester",0,0.005766,0,
1507,Negative,"3alpha,7beta,12beta-Trihydroxy-5alpha-cholan-24-oic acid Methyl ester",0,0.008144,0,
1508,Negative,"3beta,7alpha,12alpha-Trihydroxy-5alpha-cholan-24-oic acid Methyl ester",0,0.010552,0,
1509,Negative,"3alpha,7beta,12alpha-Trihydroxy-5alpha-cholan-24-oic acid Methyl ester",0,0.019064,0,
1510,Negative,"3alpha,7alpha,12beta-Trihydroxy-5alpha-cholan-24-oic acid Methyl ester",0,0.006993,0,
1511,Negative,"3alpha,7alpha,12alpha-Trihydroxy-5alpha-cholan-24-oic acid Methyl ester",0,0.006324,0,
1512,Negative,"7beta,12beta-Dihydroxy-5alpha-cholan-24-oic acid Methyl ester",0,0.005498,0,
1513,Negative,"7alpha,12beta-Dihydroxy-5alpha-cholan-24-oic acid Methyl ester",0,0.005094,0,
1514,Negative,"7beta,12alpha-Dihydroxy-5alpha-cholan-24-oic acid Methyl ester",0,0.004974,0,
1515,Negative,"7alpha,12alpha-Dihydroxy-5alpha-cholan-24-oic acid Methyl ester",0,0.00668,0,
1516,Negative,"3beta,12beta-Dihydroxy-5alpha-cholan-24-oic acid Methyl ester",0,0.004097,0,
1517,Negative,"3alpha,12beta-Dihydroxy-5alpha-cholan-24-oic acid Methyl ester",0,0.005272,0,
1518,Negative,"3beta,12alpha-Dihydroxy-5alpha-cholan-24-oic acid Methyl ester",0,0.005943,0,
1519,Negative,"3alpha,12alpha-Dihydroxy-5alpha-cholan-24-oic acid Methyl ester",0,0.00585,0,
1520,Negative,"3beta,7beta-Dihydroxy-5alpha-cholan-24-oic acid Methyl ester",0,0.004501,0,
1521,Negative,"3alpha,7beta-Dihydroxy-5alpha-cholan-24-oic acid Methyl ester",0,0.006403,0,
1522,Negative,"3beta,7alpha-Dihydroxy-5alpha-cholan-24-oic acid Methyl ester",0,0.006051,0,
1523,Negative,"3alpha,7alpha-Dihydroxy-5alpha-cholan-24-oic acid Methyl ester",0,0.004375,0,
1524,Negative,12beta-Hydroxy-5alpha-cholan-24-oic acid Methyl ester,0,0.010949,0,
1525,Negative,12alpha-Hydroxy-5alpha-cholan-24-oic acid Methyl ester,0,0.004758,0,
1526,Negative,7beta-Hydroxy-5alpha-cholan-24-oic acid Methyl ester,0,0.004129,0,
1527,Negative,7alpha-Hydroxy-5alpha-cholan-24-oic acid Methyl ester,0,0.012662,0,
1528,Negative,3beta-Hydroxy-5alpha-cholan-24-oic acid Methyl ester,0,0.004836,0,
1529,Negative,3alpha-Hydroxy-5alpha-cholan-24-oic acid Methyl ester,0,0.005115,0,
1530,Negative,3alpha-Hydroxy-5alpha-cholan-24-oic acid Methyl ester,0,0.004952,0,
1531,Negative,Isoxaflutole,0,0.439388,0,
1532,Negative,Aldrin,0,0.030021,0,
1533,Negative,Anilofos,0,0.005704,0,
1534,Negative,Azoxystrobin,0,0.046406,0,
1535,Negative,beta-Chlorfenvinphos,0,0.004525,0,
1536,Negative,alpha-Chlorfenvinphos,0,0.012009,0,
1537,Negative,"p,p'-DDT",0,0.007316,0,
1538,Negative,"O,P'-DDT",0,0.207379,0,
1539,Negative,"(5S,11S)-5,11-dimethylpentacosane",0,0.004539,0,
1540,Negative,"(5S,11R)-5,11-dimethylpentacosane",0,0.004693,0,
1541,Negative,"(5R,11S)-5,11-dimethylpentacosane",0,0.004542,0,
1542,Negative,"(5R,11R)-5,11-dimethylpentacosane",0,0.004542,0,
1543,Negative,DEHP,0,0.004833,0,
1544,Negative,Comnostin,0,0.055685,0,
1545,Negative,(22Alpha)-hydroxy-campest-4-en-3-one,0,0.062417,0,
1546,Negative,Ferulic acid 4-O-glucuronide,0,0.442337,0,
1547,Negative,Isradipine,0,0.018227,0,
1548,Negative,5beta-Coprostanol,0,0.539077,0,
1549,Negative,107941 cholesterol offRI,0,0.019234,0,
1550,Negative,Cholic acid,0,0.023936,0,
1551,Negative,Chenodeoxycholic acid,0,0.038627,0,
1552,Negative,"N,N'a^E=bis(4a^E=bromophenyl)formamidine",0,0.004045,0,
1553,Negative,S-Adenosyl-L-methionine,0,0.005524,0,
1554,Negative,alpha-Tocopherol,0,0.004737,0,
1555,Negative,"O-((1S,2R,(4A)R,8S,(8A)R)-METHYL 1,2,3,5,6,7,8,(8A)-OCTAHYDRO-8-HYDROXY-2-METHYLNAPHTHALEN-4((4A)H)-ONE-1-CARBOXYLATE-8-YL) THIOCARBOXYIMIDAZOLE",0,0.034106,0,
1556,Negative,4-(PENTAFLUOROBENZOYL)-1-OXA-3-PHENYL-2-AZACYCLOPENT-2-EN-5-ONE,0,0.004482,0,
1557,Negative,TETRADECAMETHYLHEXASILANE,0,0.008092,0,
1558,Negative,HEXAPHENYLETHANE,0,0.006134,0,
1559,Negative,3-ISOPROPENYL-6-METHYL-5-(6-METHYL-2-METHYLENE-1-TRIMETHYLSILYLMETHYL-5-HEPTENYL)CYCLOHEXANONE,0,0.004849,0,
1560,Negative,"1-FORMYL-8-(TRIISOPROPYLSILYL)OXY-2-METHYL-1BETA,2ALPHA,(4A)ALPHA,5,6,7,8BETA,(8A)BETA-OCTAHYDRONAPHTHALENE",0,0.01096,0,
1561,Negative,"1-HYDROXYMETHYL-8-(TRIISOPROPYLSILYL)OXY-2-METHYL-1BETA-2ALPHA-(4A)BETA,5,6,7,8BETA,(8A)BETA-OCTAHYDRONAPHTHALENE",0,0.004342,0,
1562,Negative,"(2,4,6-TRIMETHYLBENZOYL)TRIPHENYLSILANE",0,0.007599,0,
1563,Negative,"4,4'-BIS(CHLOROMETHYLPHENYLSILYL)BIPHENYL",0,0.004695,0,
1564,Negative,"1-PHENYL-1-(PENTAMETHYLCYCLOPENTA-2,4-DIENYL)DIBENZOSILACYCLOPENTADIENE",0,0.004521,0,
1565,Negative,TRANS-1-(DIETHYL(2-PHENYLETHENYL)SILYL-2-(DIETHYL)BENZENE,0,0.014575,0,
1566,Negative,T2 TOXIN,0,0.004842,0,
1567,Negative,CHOLIC ACID,0,0.009596,0,
1568,Negative,"(2S,2AR,5AS)-1-BENZOYL-3,5-DIOXO-2,4-DIPHENYL-1,2,3,4,5,6-HEXAHYDROPYRROLO(3,4-C)PYRROLE",0,0.004847,0,
1569,Negative,"(2AR,5AR,6S)-6-TRIMETHYLSILYL-3,5-DIOXO-2,4-DIPHENYL-3,4,5,6-TETRAHYDROPYRROLO(3,4-C)PYRROLE",0,0.004793,0,
1570,Negative,"(2S,2AR,5AS,6R)-1-BENZOYL-6-TRIMETHYLSILYL-3,5-DIOXO-2,4-DIPHENYL-1,2,3,4,5,6-HEXAHYDROPYRROLO(3,4-C)PYRROLE",0,0.006255,0,
1571,Negative,"(2AR,5AS,6R)-2,4-DIPHENYL-6-TRIMETHYLSILYL-3,5-DIOXO-3,4,5,6-TETRAHYDROPYRROLO(3,4-C)PYRROLE",0,0.005067,0,
1572,Negative,"(2S,2AR,5AS)-6-TRIMETHYLSILYL-3,5-DIOXO-4-PHENYL-1,2,3,4,5,6-HEXAHYDROPYRROLO(3,4-C)PYRROLE",0,0.006438,0,
1573,Negative,"4H,5H-3-METHOXYCARBONYL-4-(1-METHOXYCARBONYLPYRROL-2-YL)METHYLENE-1-PHENYLPYRAZOL-5-ONE",0,0.007715,0,
1574,Negative,"3,4-BIS(METHOXYCARBONYL)-1-METHYL-2,5-DIPHENYL-3-PYRROLINE",0,0.018567,0,
1575,Negative,"1-BENZYL-3,4-BIS(METHOXYCARBONYL)-2-PHENYL-3-PYRROLINE",0,0.007084,0,
1576,Negative,"(E.E)-(1'R,2'S,5'R)-8'-BETA-NAPHTHYLMENTHYL-5-PHENYL-2,4-PENTADIENOATE",0,0.004142,0,
1577,Negative,"METHYL 2-(N-((BORNANE-10,2-SULTAM)-12-CARBAMOYL)AMINO)-4-METHYL-4-PENTENOATE",0,0.00546,0,
1578,Negative,"1,2,2,2-(TETRAMETHYL)-1,1-DI(1-NAPHTHYL)DISILANE",0,0.008787,0,
1579,Negative,"1,4-BIS(METHLPHENYLSILYL)NAPHTHALENE",0,0.089553,0,
1580,Negative,"1,2,2,2-TETRAMETHYL-1,1-DI(2-NAPHTHYL)DISILANE",0,0.060748,0,
1581,Negative,8-(TRIMETHYLSILYL)-1-(METHYL(1-NAPHTHYL)SILYL)NAPHTHALENE,0,0.004874,0,
1582,Negative,"2,7-BIS(METHYLPHENYLSILYL)NAPHTHALENE",0,0.024988,0,
1583,Negative,"2,6-BIS(METHYLPHENYLSILYL)NAPHTHALENE",0,0.009563,0,
1584,Negative,"4,4'-(PENTAMETHYLDISILANYL)BIPHENYLENE",0,0.025101,0,
1585,Negative,"1,5-BIS(METHYLPHENYLSILYL)NAPHTHALENE",0,0.317447,0,
1586,Negative,"2,7-BIS(CHLOROMETHYLPHENYLSILYL)NAPHTHALENE",0,0.011706,0,
1587,Negative,"1,2-DI(BETA-NAPHTHYL)TETRAMETHYLDISILANE",0,0.014959,0,
1588,Negative,"1,4-BIS(1-PHENYLTETRAMETHYLDISILANYL)BENZENE",0,0.010286,0,
1589,Negative,"1,3-BIS(1-PHENYLTETRAMETHYLDISILANYL)BENZENE",0,0.013895,0,
1590,Negative,"1,2-DI(5-BROMOTHIENYL)TETRAMETHYLDISILANE",0,0.008914,0,
1591,Negative,"5,5'-BIS(PENTAMETHYLDISILANYL)-2,2'-BITHIOPHENE",0,0.004998,0,
1592,Negative,"1,3,5-TRIS(CHROLODIMETHYLSILYL)BENZENE",0,0.004379,0,
1593,Negative,"2,3-BIS(TRIMETHYLSILYL)OCTAMETHYLTETRASILANE",0,0.004985,0,
1594,Negative,"1,1,2,2-TETRAKIS(TRIMETHYLSILYL)-1,2-DISILACYCLOPENTANE",0,0.00748,0,
1595,Negative,"1-PHENYL-1,2-BIS(TRIMETHYLSILYL)-1-SILAINDENE",0,0.040055,0,
1596,Negative,"(TRIMETHYL-1,1-DIPHENYLDISILANYL)TRIMETHYLSILYLACETYLENE",0,0.006148,0,
1597,Negative,"1,4-BIS(METHYLDIPHENYLSILYL)-2,3-DIMETHYL-2-BUTENE",0,0.004397,0,
1598,Negative,"1,2-DIMETHYLTETRAPHENYLDISILANE",0,0.004617,0,
1599,Negative,DI(2-(5-BROMOTHIENYL))DIMETHYLSILANE,0,0.004196,0,
1600,Negative,"2,5-DI(CHLOROMETHYLPHENYLSILYL)FURAN",0,0.028791,0,
1601,Negative,"1,2-DI(DEUTERIOETHYNYL)-1,1,2,2-TETRAPHENYL-DISILANE",0,0.020628,0,
1602,Negative,"1,2-DIETHYNYL-1,1,2,2-TETRAPHENYLDISILANE",0,0.005404,0,
1603,Negative,DI(4-BROMOPHENYL)METHYLPHENYLSILANE,0,0.003993,0,
1604,Negative,"1-METHYL-2-MESITYL-1,1,2-TRIPHENYLDISILANE",0,0.00915,0,
1605,Negative,2-(PHENYLETHYNYL)-2-(PARA-TOLYL)-HEXAMETHYLTRISILANE,0,0.054272,0,
1606,Negative,2(ISOBUTYLMETHYL(2-NAPHTHYLSILYL))-1-(TRIMETHYLSILYL)NAPHTHALENE,0,0.01324,0,
1607,Negative,1-(PENTAMETHYLDISILANYL)-4-(1-PHENYLTETRAMETHYLDISILANYL)BUT-1-EN-3-YNE,0,0.00616,0,
1608,Negative,"1,4-BIS(CHLOROMETHYLPHENYLSILYL)BENZENE",0,0.008028,0,
1609,Negative,"1,1,2,2,5,5,6,6-OCTETHYL-1,2,5,6-TETRASILACYCLOOCTA-3,7-DIYNE",0,0.09507,0,
1610,Negative,"1-(META-TOLYL)-1,2-BIS(TRIMETHYLSILYL)-1-SILAINDENE",0,0.00568,0,
1611,Negative,"1,1-DIMETHYL-4-TRIMETHYLSILYL-5-PHENYL-3-ORTHO-TOLYL-1,3-DISILACYCLOPENT-4-ENE",0,0.009683,0,
1612,Negative,"3,4-DIMETHYL-6-(2,5-DIMETHYLPHENYL)-6-PHENYL-1,1-BIS(TRIMETHYLSILYL)-1-SILACYCLOHEX-3-ENE",0,0.058271,0,
1613,Negative,"1,1,3,3-TETRAMETHYL-2-MESITYL-1,3-DIPHENYLTRISILANE",0,0.005086,0,
1614,Negative,DI(5-(2-BROMOTHIENYL))METHYLPHENYLSILANE,0,0.004336,0,
1615,Negative,6-(ISOBUTYLDIMETHYLSILYL)-2-(PENTAMETHYLDISILANYL)-5-(TRIMETHYLSILYL)NAPHTHALENE,0,0.013263,0,
1616,Negative,5-DEUTERIO-6-HYDRO-7-(HYDROXYDIMETHYLSILYL)-3-(PENTAMETHYLDISILANYL)-6-(TRIMETHYLSILYL)NAPHTHALENE,0,0.007198,0,
1617,Negative,"1,4-BIS(CHLOROMETHYLPHENYLSILYL)NAPHTHALENE",0,0.071986,0,
1618,Negative,"1,2-BIS(1-NAPHTHYL)TETRAMETHYLDISILANE",0,0.005018,0,
1619,Negative,PHENYL(1-PHENYLETHYL)BIS(TRIMETHYLSILYL)SILANE,0,0.004591,0,
1620,Negative,"1,5-BIS(CHLOROMETHYLPHENYLSILYL)NAPHTHALENE",0,0.005136,0,
1621,Negative,3-PHENYLDECAMETHYLPENTASILANE,0,0.007208,0,
1622,Negative,"2,3-DIHYDRO-1,1,3,3-TETRAMETHYL-1,3-DISILAPHENALENE-2-SPIRO-1',2'-DIHYDRONAPHTHALENE",0,0.00537,0,
1623,Negative,"3,4 DIMETHYL-6-(2-METHYLPHENYL)-6-PHENYL-1,1-BIS(TRIMETHLSILYL)-1-SILACYCLOHEX-3-ENE",0,0.008458,0,
1624,Negative,"(2,2,2-TRIMETHYL-1-PHENYL-1-(ORTHO-TOLYL)DISILANYL)(TRIMETHYLSILYL)ACETYLENE",0,0.006668,0,
1625,Negative,"TETRA(N-BUTYL)-1,2-DICHLORODISILANE",0,0.004402,0,
1626,Negative,"7,8-DIHYDRO-2-(PENTAMETHYLDISILANYL)-7,8-(1,1,3,3-TETRAMETHYL-2-OXA-1-SILA-1,3-PROPANEDIYL)-7-(TRIMETHYLSILYL)NAPHTHALENE",0,0.015753,0,
1627,Negative,"1,5-BIS(ETHOXYMETHYLPHENYLSILYL)NAPHTHALENE",0,0.006771,0,
1628,Negative,ETHINYLESTRADIOL-3-TMS,0,0.020252,0,
1629,Negative,STIGMASTEROL ACETATE,0,0.017,0,
1630,Negative,"(8S,9S,10R,11S,13S,14S,17R)-11,17-dihydroxy-17-(2-hydroxyacetyl)-10,13-dimethyl-2,6,7,8,9,11,12,14,15,16-decahydro-1H-cyclopenta[a]phenanthren-3-one",0,0.004686,0,
1631,Negative,(-)-RIBOFLAVIN,0,0.00546,0,
1632,Negative,"1,1'-DIANTHRIMIDE",0,0.010018,0,
1633,Negative,"4,7-DI(PARA-ETHOXYPHENYL)-1,2,5-THIADIAZOLO(3,4-C)PYRIDAZINE",0,0.00492,0,
1634,Negative,"BUTYL 4,7-DI(PARA-ETHOXYPHENYL)-1,2,5-THIADIAZOLO(3,4-C)PYRIDINE-6-CARBOXYLATE",0,0.004905,0,
1635,Negative,"ETHYL 4,7-DI(PARA-ETHOXYPHENYL)-1,2,5-THIADIAZOLO(3,4-C)PYRIDINE-6-CARBOXYLATE",0,0.004809,0,
1636,Negative,"4,7-DI(PARA-METHOXYPHENYL)-6-(PYRIDIN-4-YL)-1,2,5-THIADIAZOLO(3,4-C)PYRIDINE",0,0.004834,0,
1637,Negative,"4,7-DI(PARA-ETHOXYPHENYL)-6-(ORTHO-CHLOROPHENYL)-1,2,5-THIADIAZOLO(3,4-C)PYRIDINE",0,0.00429,0,
1638,Negative,"1,4,9,14,19-PENTAOXO-1,4,6,7,8,9,14,15,16,17-DECAHYDRO-7,16-METHANODINAPHTHO(2,3-A:2',3'-F)CYCLODECENE",0,0.007319,0,
1639,Negative,"5,18,19-TRIOXO-5,6,7,8,15,16,17,18-OCTAHYDRO-7,16-METHANODINAPHTHO(2,3-A:2',3'-F)CYCLODECENE",0,0.004717,0,
1640,Negative,"5,18-DIOXO-5,6,7,8,15,16,17,18-OCTAHYDRO-7,16-METHANODINAPHTHO(2,3-A:2',3'-F)CYCLODECENE",0,0.005231,0,
1641,Negative,"5,9,14,18-TETRAOXO-5,6,7,8,9,14,15,16,17,18-DECAHYDRO-7,16-METHANODINAPHTHO(2,3-A:2'3'-F)CYCLODECENE",0,0.00463,0,
1642,Negative,"1,4,9,14-TETRAOXO-1,4,6,7,8,9,14,15,16,17-DECAHYDRO-7,16-METHANODINAPHTHO(2,3-A:2',3'-F)CYCLODECENE",0,0.004934,0,
1643,Negative,"4,7-DI(4-ETHOXYPHENYL)-6-(4-METHOXYPHENYL)-1,2,5-THIADIAZOLO(3,4-C)PYRIDINE",0,0.004553,0,
1644,Negative,"4,7-DI(4-METHOXYPHENYL)-6-(3,4-DIMETHOXYPHENYL)-1,2.5-THIADIAZOLO(3,4-C)PYRIDINE",0,0.004516,0,
1645,Negative,"4,7-DI(4-ETHOXYPHENYL)-6-PHENYL-1,2,5-THIADIAZOLO(3,4-C)PYRIDINE",0,0.004479,0,
1646,Negative,"4,7-DI(4-METHOXYPHENYL)-6-(2-METHOXYPHENYL)-1,2,5-THIADIAZOLO(3,4-C)PYRIDINE",0,0.004914,0,
1647,Negative,"SYN-15-TERT-BUTYL-18-METHOXY-5,6,7,9-TETRAFLUORO-2,11-DITHIA(3.3)METACYCLOPHANE 2,2,11,11-TETRAOXIDE",0,0.004994,0,
1648,Negative,"SYN-15-TERT-BUTYL-18-METHOXY-2,11-DITHIA-5,6,7,9-TETRAFLUORO(3.3)METACYCLOPHANE",0,0.005845,0,
1649,Negative,"ANTI-5,8,13,16-TETRAFLUORO-4,6,12,14-TETRAMETHOXY(2.2)METACYCLOPHANE",0,0.005047,0,
1650,Negative,"3,4-DI(4-ETHOXYBENZOYL)-1,2,5-THIADIAZOLE",0,0.005352,0,
1651,Negative,"2,2',3,3',4,4',6,6'-OCTA-ORTHO-METHYL-TREHALOSE",0,0.005511,0,
1652,Negative,A-D-GALACTOSE PENTAACETATE,0,0.00407,0,
1653,Negative,B-D-GLUCOSE PENTAACETATE,0,0.004519,0,
1654,Negative,A-D-GLUCOSE PENTAACETATE,0,0.004812,0,
1655,Negative,"2,2',3,3',4,4',6,6'-OCTA-ORTHO-[D3]METHYL-TREHALOSE-D24",0,0.004679,0,
1656,Negative,B-D-GALACTOSE PENTAACETATE,0,0.004743,0,
1657,Negative,"3,3',5,5'-TETRA-METHYL-4,4'-DICYCLOPROPYL-METHYLOXY-BIPHENYL",0,0.028063,0,
1658,Negative,17ALPHA-ACETOXY-PROGESTERONE,0,0.006665,0,
1659,Negative,1-DEHYDROTESTOSTERONE BENZOATE,0,0.005599,0,
1660,Negative,DEOXYCORTICOSTERONE ACETATE,0,0.059232,0,
1661,Negative,5ALPHA-ANDROSTAN-17BETA-OL-3-ONE BENZOATE,0,0.004713,0,
1662,Negative,8-METHOXY-2-METHYL-6-METHYLENE-7-(TRIMETHYLSILYL)METHYL-2-PENTADECENE,0,0.004753,0,
1663,Negative,ERGOSTEROL,0,0.157026,0,
1664,Negative,"1,4-BIS(TRIMETHYLSTANNYL)-2-BUTENYLENE",0,0.007444,0,
1665,Negative,"2-METHYL-1,4-BIS(TRIMETHYLSTANNYL)-2-BUTENE",0,0.007864,0,
1666,Negative,"1,3-DIBENZYL-2H-PYRIMIDO(1,2-A)(1,3,5)TRIAZINE-2,4,8(1H,3H)-TRIONE",0,0.006227,0,
1667,Negative,"2,4-DIBENZYL-1H-(1,3,5)TRIAZINO(1,2-A)QUINOLINE-1,3,6(2H,4H)-TRIONE",0,0.005024,0,
1668,Negative,PHENYLISOCYANATE-CYCLICTRIMER,0,0.004197,0,
1669,Negative,"2,4-DIBENZYL-4,4A-DIHYDRO-1H-(1,3,5)TRIAZINO(1,2-A)QUINOLINE-1,3,6(2H,5H)-TRIONE",0,0.004267,0,
1670,Negative,BETA-SITOSTANYL ACETATE,0,0.010434,0,
1671,Negative,ALPHA-SPINASTEROL ACETATE,0,0.153092,0,
1672,Negative,"2,3,7-TRIACETOXY-5-(1,1-DIMETHYL-2-OXOPROPYL)TROPONE",0,0.005925,0,
1673,Negative,"2-ACETOXY-3,7-DIBROMO-5-ISOPROPYLTROPONE",0,0.019306,0,
1674,Negative,"2-ACETOXY-5,7-DIBROMO-4-ISOPROPYLTROPONE",0,0.023314,0,
1675,Negative,"3,4,5,6-TETRAACETOXY-2,7-DIBROMOTROPONE",0,0.021079,0,
1676,Negative,"2,3,5,7-TETRAACETOXY-4,6-DIBROMOTROPONE",0,0.00803,0,
1677,Negative,HEXAACETOXYTROPONE,0,0.011075,0,
1678,Negative,"2,3,4,6,7-PENTAACETOXYTROPONE",0,0.009535,0,
1679,Negative,"2,5-BIS(2,5-DIMETHOXYBENZYLOXY)TROPONE",0,0.004201,0,
1680,Negative,"4,6-BIS(BROMOCHLOROMETHYL)-2,5-DIMETHOXYTROPONE",0,0.01838,0,
1681,Negative,"BIS(2-HYDROXY-6-(2-HYDROXYETHOXY)-5-OXO-1,3,6-CYCLOHEPTATRIENYL)METHANE",0,0.004338,0,
1682,Negative,"BIS(3,3-DIMETHOXY-4,7-DIOXO-1,5-CYCLOHEPTADIENYL)METHANE",0,0.037064,0,
1683,Negative,"(2E,6E,10E,15E)-6,10-BIS(TRIMETHYLSILYLMETHYL)-2,6,10,14-HEXADECATETRAENE",0,0.005002,0,
1684,Negative,BETA-SITOSTEROL,0,0.010674,0,
1685,Negative,DIOCTYL ADIPATE,0,0.005201,0,
1686,Negative,KETOEMBLIDE,0,0.013659,0,
1687,Negative,BENSULIDE,0,0.007774,0,
1688,Negative,"(1R(*),2R(*),3R(*),6S(*),7R(*),9R(*),10S(*),11Z,14R(*))-6-ACETOXYEUNICELLA-11-ENE-3,7-DIOL",0,0.013544,0,
1689,Negative,"(1S,2S,3E,7S,8R,11S,12Z)-7-ACETOXY-2,17-DIHYDROXY-8,11-EPIDIOXYCEMBRA-3,12,15-TRIENE",0,0.004027,0,
1690,Negative,"(1S,2S,3E,7S,8R,10E,12Z)-7-ACETOXY-8,11-EPOXYCEMBRA-3,10,12,15-TETRAEN-17,2-OLIDE",0,0.00901,0,
1691,Negative,"(1S,2S,3E,7S,8R,11S,12Z)-7-ACETOXY-8,11-DIHYDROXYCEMBRA-3,12,15-TRIEN-17,2-OLIDE",0,0.010829,0,
1692,Negative,"(1S,2S,3E,7E,11E,13S)-13-ACETOXYCEMBRA-3,7,11,15-TETRAEN-17,2-OLIDE",0,0.005153,0,
1693,Negative,"(10E,14E)-5-ACETOXY-6,7-EPOXY-6,10,14-TRIMETHYL-3-METHYLENE-3A,6,7,8,9,12,13,15A-OCTAHYDROCYCLOTETRADECA(B)FURAN-2(3H),5(4H)-DIONE",0,0.004152,0,
1694,Negative,7ALPHA-ACETOXYSARCOPHYTOLIDE,0,0.004371,0,
1695,Negative,"(1S,2S,3E,7E,11E)-2,17-DIACETOXYCEMBRA-3,7,11,15-TETRAENE",0,0.018079,0,
1696,Negative,"(1S,2R,3E,7E,11E)-2,17-DIACETOXYCEMBRA-3,7,11,15-TETRAENE",0,0.14159,0,
1697,Negative,LOBOHEDLEOLIDE PRYAZOLINE METHYL ESTER,0,0.023887,0,
1698,Negative,"O,O-DIETHYL S-(6-CHLOROBENZOXZAOLON-3-YL)METHYL PHOSPHORODITHIOATE",0,0.004981,0,
1699,Negative,"6,7,8,9,10,10-HEXACHLORO-1,5,5A,6,9,9A-HEXAHYDRO-6,9-METHANO-2,4,3-BENZODIOXATHIEPIN3-OXIDE",0,0.004454,0,
1700,Negative,LYCORINE DIACETATE,0,0.004652,0,
1701,Negative,"ETHYL 3-((E)-5-ETHOXYCARBONYL-4-PENTENYL)-6,6-ETHYLENDIOXY-3,4,4A,5,6,7,8,8A-OCTAHYDRONAPHTHALEN-1(2H)-ONE-4-CARBOXYLATE",0,0.004375,0,
1702,Negative,"2-ACETOXY-4-BENZOYL-2,6-DIPHENYL-2H-PYRAN",0,0.00482,0,
1703,Negative,"CIS-5-(6-CARBOXYHEXYL)-TRANS-4-(CIS-1-OCTENYL)-2,REF.-3-DIPHENYLISOXAZOLIDINE",0,0.004829,0,
1704,Negative,"CIS-5-(6-FORMYLHEXYL)-TRANS-4-(CIS-1-OCTENYL)-2,REF.-3-DIPHENYLISOXAZOLIDINE",0,0.004974,0,
1705,Negative,"CIS-5-(6-(1,3-DIOXAN-2-YL)HEXYL)-TRANS-4-FORMYL-2,REF.-3-DIPHENYLISOXAZOLIDINE",0,0.005021,0,
1706,Negative,"CIS-5-(6-(1,3-DITHIAN-2-YL)HEXYL)-TRANS-4-FORMYL-2,REF.-3-DIPHENYLISOXAZOLIDINE",0,0.004311,0,
1707,Negative,"4-ETHOXYCARBONYL-5-METHYL-6-PHENYL-2-(PARA-TOLYL)PERHYDROPYRROLO(3,4-C)PYRROLE-1,3-DIONE (3A,4-TRANS-6,6A-CIS)",0,0.007847,0,
1708,Negative,"4-METHOXYCARBONYL-5-PHENYL-2-(PARA-TOLYL)PERHYDROPYRROLO(3,4-C)PYRROLE-1,3-DIONE (3A,4-CIS)",0,0.0043,0,
1709,Negative,"4-METHOXYCARBONYL-6-ETHYL-5-PHENYL-2-(PARA-TOLYL)PERHYDROPYRROLO(3,4-C)PYRROLE-1,3-DIONE (3A,4-CIS-6,6A-TRANS)",0,0.00534,0,
1710,Negative,"4-ETHOXYCARBONYL-5-METHYL-6-(1-PROPENYL)-2-(PARA-TOLYL)PERHYDROPYRROLO(3,4-C)PYRROLE-1,3-DIONE",0,0.004691,0,
1711,Negative,"4-ETHOXYCARBONYL-5-METHYL-6-(1-PROPENYL)-2-(PARA-TOLYL)PERHYDROPYRROLO(3,4-C)PYRROLE-1,3-DIONE (3A,4-TRANS-6,6A-CIS)",0,0.004297,0,
1712,Negative,"4-METHOXYCARBONYL-5,6-DIPHENYL-2-(PARA-TOLYL)PERHYDROPYRROLO(3,4-C)PYRROLE-1,3-DIONE(3A,4-TRANS-6,6A-CIS)",0,0.005076,0,
1713,Negative,"4-METHOXYCARBONYL-5,6-DIPHENYL-2-(PARA-TOLYL)PERHYDROPYRROLO(3,4-C)PYRROLE-1,3-DIONE(3A,4-CIS-6,6A-TRANS)",0,0.004528,0,
1714,Negative,1-(4-BENZYLOXY-3-METHOXYPHENYL)-5-HYDROXYDECAN-3-ONE,0,0.004524,0,
1715,Negative,"1,1'-METHYLENEDI(DIMETHYLPYRROLIDINE-3,4-DICARBOXYLATE) (3,4-TRANS)",0,0.022515,0,
1716,Negative,"5,5'-METHYLENEDI(2-PARA-TOLYLPERHYDROPYRROLO(3,4-C)PYRROLE-1,3-DIONE)",0,0.004434,0,
1717,Negative,"2,8-DIACETOXYETHYL-2,8-DIMETHYL-6-HEXYL-3,4,9,10-TETRAHYDRO-2H,8H-BENZO(1,2-B:3,4-B')DIPYRAN",0,0.07526,0,
1718,Negative,"6-ACETOXY-3,4-DIHYDRO-2,5,7,8-TETRAMETHYL-2-(4,8,12-TRIMETHYLTRIDECAN-1-YL)-2H-1-BENZOPYRANE",0,0.008873,0,
1719,Negative,"2-(3-(1-METHYLETHYLAMINO)-2-HYDROXYPROPYLOXYETHYL)-2,5,7,8-TETRAMETHYL-6-(3-PYRIDINECARBOXY)-3,4-DIHYDRO-2HBENZOPYRAN",0,0.650806,0,
1720,Negative,"3,7,11,15-TETRAMETHYLHEXADECANE-1,2,3-TRIOL TRIACETATE",0,0.00437,0,
1721,Negative,"2,6,10,15,19,23-PENTAMETHYL-2,6,18,22-TETRACOSATETRAEN-10,15-DIOL",0,0.005551,0,
1722,Negative,"1-TRIDEUTERIOMETHYL-4(6-(3,7-DIMETHYL-2,6-OCTADIENYL-10-HYDROXY-5,9-DIMETHYL-1-OXO-DECA-4-EN-1-YL)-PIPERADINE",0,0.004889,0,
1723,Negative,"1-METHYL-4-(6-(3,7-DIMETHYL-2,6-OCTADIENYL)-10-HYDROXY-5,9-DIMETHYL-1-OXO-DECA-4-EN-1-YL)-PIPERADINE",0,0.02021,0,
1724,Negative,"2-ACETOXYETHYL-2,8-DIMETHYL-6-HEXYL-8-(2-HYDROXYETHYL)-3,4,9,10-TETRAHYDRO-2H,8H-BENZO(1,2-B:3,4-B')DIPYRAN",0,0.638971,0,
1725,Negative,"2,6,10,13,17,21-HEXAMETHYL-11-HENICOSEN-10,13-DIOL",0,0.004475,0,
1726,Negative,"1,5-DIMETHYL-2-ISOPENTYLHEXYL TETRADECANOATE",0,0.00425,0,
1727,Negative,"3,4-DIHYDRO-2-(4-BENZYL-1-PIPERADYL)-ETHYL-6-HYDROXY-2,5,7,8-TETRAMETHYL-2H-1-BENZOPYRAN",0,0.005398,0,
1728,Negative,"2-(N-(2-CARBOXYPHENYL)ACETAMIDE-1-XY)-3,4-DIHYDRO-6-METHOXY-2,5,7,8-TETRAMETHYL-2H-1-BENZOPYRAN",0,0.005728,0,
1729,Negative,"1-METHYL-4-(11-(1,1-DIMETHYLETHOXYCARBONYL)-5,9-DIMETHYL-UNDECA-4,8-DIENOYL)-PIPERADINE",0,0.028723,0,
1730,Negative,"4,5-DEHYDRO-6-HYDROXY-3-OXO-CHOLANIC ACID",0,0.00975,0,
1731,Negative,"N-(3,7,11,15-TETRAMETHYL-2,6,10,14-HEXADECATETRAEN-1-YL)-EPSILON-CAPROLACTAM",0,0.028719,0,
1732,Negative,"6-ACETOXY-2,5,7,8-TETRAMETHYL-2-(2-PHENYLTHIOETHYL)-3,4-DIHYDRO-2H-1-BENZOPYRAN",0,0.016331,0,
1733,Negative,"3,4-DIHYDRO-6-HYDROXY-2,5,7,8-TETRAMETHYL-2-(2-BENZIMIDAZOLETHIO)ETHYL-2H-1-BENZOPYRAN",0,0.015661,0,
1734,Negative,"4-METHYL-1-(5,9-DIMETHYL-1-OXO-10-TRIMETHYLSILOXY-4,8-UNDECADIEN-1-YL)-PIPERADINE",0,0.006319,0,
1735,Negative,"7-ACETOXY-2-(2-ACETOXYETHYL)-6-HEXYL-3,4-DIHYDRO-2-METHYL-2H-1-BENZOPYRAN",0,0.070613,0,
1736,Negative,"2,3-DIHYDROXY-3,7,11,15-TETRAMETHYLHEXADECAN-1-OL NITRATE",0,0.004161,0,
1737,Negative,"7,12-DIHYDROXYPREGNA-1,4-DIENE-3-ONE-20-CARBOXYLIC ACID",0,0.006696,0,
1738,Negative,"3,7,11,15-TETRAMETHYL-1-(4-METHYLPYPERADINO)-HEXADECA-2,6,10,14-TETRAENE",0,0.004718,0,
1739,Negative,"3,7,11,15-TETRAMETHYL-1-(2-OXOPYPERIDINO)-HEXADECA-2,6,10,14-TETRAENE",0,0.003974,0,
1740,Negative,DIOCTYL ADIPATE,0,0.007124,0,
1741,Negative,"2-ISOPROPYL-1,5,9-TRIMETHYLDECANYL 2-ETHYLHEXANOATE",0,0.00426,0,
1742,Negative,"6-HYDROXY-3,4-DIHYDRO-2-(3-ISOPROPYLAMINO-2-HYDROXYPROPYLOXY)ETHYL-2H-1-BENZOPYRAN",0,0.005251,0,
1743,Negative,"3,7,11,15-TETRAMETHYL-2,6,10,14-HEXADECATETRAENE-1-OL TRIMETHYLSILYL ETHER",0,0.004142,0,
1744,Negative,20-CARBOXY-11-HYDROXY-3-OXO-PREGNANE,0,0.034659,0,
1745,Negative,"1-OXO-1-PYRRORIDINO-ICOSA-2,4-DIENE",0,0.052121,0,
1746,Negative,PREDNISOLONE,0,0.02755,0,
1747,Negative,"6-ACETOXY-3,4-DIHYDRO-2,5,7,8-TETRAMETHYL-2H-1-BENZOPYRAN-2-BUTENOIC ACID ETHYL ESTER",0,0.009104,0,
1748,Negative,1-BENZYL-1-(3-PYRIDINO)-2-(N-PHTHALIMIDO)-ETHYLAMINE,0,0.005282,0,
1749,Negative,"1,1,1-TRIDEUTERIOMETHYL-4-(5,9-DIMETHYL-11-METHOXYCARBONYL-1-OXOUNDECA-4,8-DIENYL)-PIPERADINE",0,0.011066,0,
1750,Negative,PENTAERYTHRITOL TETRAACRYLIC ACID ESTER,0,0.004978,0,
1751,Negative,CYCLOCYMOPOL,0,0.044357,0,
1752,Negative,TETRAHYDROCORTICOSTERONE,0,0.016826,0,
1753,Negative,TETRAHYDROCORTISONE,0,0.004433,0,
1754,Negative,"3ALPHA,17ALPHA,21-TRIHYDROXYPREGN-20-ONE",0,0.00737,0,
1755,Negative,ALDOSTERONE,0,0.005281,0,
1756,Negative,SQUALENE,0,0.008039,0,
1757,Negative,DESMOSTEROL,0,0.024087,0,
1758,Negative,MEVINOLINE,0,0.00617,0,
1759,Negative,MEVINOLINE,0,0.005271,0,
1760,Negative,"ERGSTA-4,24(28)-DIEN-3-ONE",0,0.007153,0,
1761,Negative,ERGOSTERIN,0,0.019218,0,
1762,Negative,CONDRILLASTEROL,0,0.005425,0,
1763,Negative,22-DIHYDRO-25-DEHYDROCHONDRILLASTEROL,0,0.035182,0,
1764,Negative,22-DIHYDROCHONDRILLASTEROL,0,0.087394,0,
1765,Negative,3-(DIETHOXYPHOSPHORYL)METHYL-5-PHENYLSULFONYL-2-ISOXAZOLINE,0,0.006545,0,
1766,Negative,METHYL TRICOSANOATE,0,0.004931,0,
1767,Negative,METHYL DOCOSANOATE,0,0.004381,0,
1768,Negative,TETRACOSANOIC ACID,0,0.00447,0,
1769,Negative,HEXACOSANE,0,0.004744,0,
1770,Negative,PENTACOSANE,0,0.004947,0,
1771,Negative,BIS(DI-4-METHOXYPHENYLMETHYL) ETHER,0,0.008708,0,
1772,Negative,BIS(4-TERT-BUTYLDIMETHYLSILOXY)BENZYL ETHER,0,0.012489,0,
1773,Negative,"2,3,4,5,6-PENTAFLUOROBENZALDEHYDE 2',3',4',5',6'-PENTAFLUOROBENZYLOXIME",0,0.007222,0,
1774,Negative,"PYRUVALDEHYDE BIS(O-2,3,4,5,6-PENTAFLUOROBENZYLOXIME)",0,0.195777,0,
1775,Negative,"GLYOXAL BIS(O-2,3,4,5,6-PENTAFLUOROBENZYLOXIME)",0,0.065214,0,
1776,Negative,"TETRADECANAL O-2,3,4,5,6-PENTAFLUOROBENZYLOXIME",0,0.004905,0,
1777,Negative,"TRIDECANAL O-2,3,4,5,6-PENTAFLUOROBENZYLOXIME",0,0.004726,0,
1778,Negative,"DODECANAL O-2,3,4,5,6-PENTAFLUOROBENZYLOXIME",0,0.004427,0,
1779,Negative,"UNDECANAL O-2,3,4,5,6-PENTAFLUOROBENZYLOXIME",0,0.006749,0,
1780,Negative,"DECANAL O-2,3,4,5,6-PENTAFLUOROBENZYLOXIME",0,0.005173,0,
1781,Negative,"3,7-DIMETHYL-6-OCTENYL TETRADECANOATE",0,0.004409,0,
1782,Negative,STIGMASTEROL,0,0.112838,0,
1783,Negative,STIGMASTERONE,0,0.011899,0,
1784,Negative,DIHYDROLANOSTEROL,0,0.007746,0,
1785,Negative,24-METHYLENECHOLESTEROL,0,0.004091,0,
1786,Negative,LANOSTEROL,0,0.050772,0,
1787,Negative,ISOFUCOSTEROL,0,0.103435,0,
1788,Negative,CLIONASTERYL-ACETATE,0,0.004942,0,
1789,Negative,PHYLLOQUINONE OXIDE,0,0.053927,0,
1790,Negative,HEPTACOSANE,0,0.00462,0,
1791,Negative,(Z)-9-HEPTACOSENE,0,0.004865,0,
1792,Negative,PENTACOSANE,0,0.004359,0,
1793,Negative,NONACOSANE,0,0.006689,0,
1794,Negative,"(6Z,9Z)-6,9-HENTRIACONTADIENE",0,0.006599,0,
1795,Negative,TRIACONTANE,0,0.004425,0,
1796,Negative,OCTACOSANE,0,0.005014,0,
1797,Negative,HEXACOSANE,0,0.004571,0,
1798,Negative,DODECYL DODECANOATE,0,0.004531,0,
1799,Negative,DODECYL OCTADECANOATE,0,0.004801,0,
1800,Negative,"3-PYRIDYLMETHYL OCTADECA-9,12,15-TRIENOATE",0,0.008942,0,
1801,Negative,3-PYRIDYLMETHYL OCTADEC-9-ENOATE,0,0.026051,0,
1802,Negative,3-PYRIDYLMETHYL OCTADECANOATE,0,0.020953,0,
1803,Negative,"N-EICOSA-5,8,11,14-TETRAENOYLPYRROLIDINE",0,0.181996,0,
1804,Negative,"3-PYRIDYLMETHYL OCTADECA-9,12-DIENOATE",0,0.722936,0,
1805,Negative,"(4AS,5S,8AS)-(-)-8ABETA-METHOXYMETHOXYMETHYL-5BETA-METHYL-5ALPHA-(4-METHYL-3-PENTENYL)-3,4,4A,5,6,7,8,8A-OCTAHYDRONAPHTHALEN-1(2H)-ONE 1-ETHYLENE ACETAL",0,0.127817,0,
1806,Negative,"METHYL (2XI,4AS,5S,8AS)-2,5BETA-DIMETHYL-8ABETA-METHOXYMETHOXYMETHYL-5ALPHA-(4-METHYL-3-PENTENYL)-3,4,4A,5,6,7,8,8A-OCTAHYDRONAPHTHALEN-1-OXO-2-CARBOXYLATE",0,0.025894,0,
1807,Negative,"METHYL (2XI,4AS,5S,8AS)-(-)-8ABETA-METHOXYMETHOXYMETHYL-5BETA-METHYL-5ALPHA-(4-METHYL-3-PENTENYL)-3,4,4A,5,6,7,8,8A-OCTAHYDRONAPHTHALEN-1-OXO-2-CARBOXYLATE",0,0.342664,0,
1808,Negative,"(1XI,2R,4AS,5S,8AS)-(+)-1-(3,3-ETHYLENEDIOXYMETHYL)-1-HYDROXY-2ALPHA,5BETA,8ABETA-TRIMETHYLDECAHYDRONAPHTHALENE",0,0.005462,0,
1809,Negative,"ETHYL (4'AS,5'S,8'AS)-E-(+)-3-METHYL-5-((5'ALPHA-(4'-METHYL-3'-PENTENYL)-2',5'BETA,8'ABETA-TRIMETHYL-3',4',4'A,5',6',7',8',8'A-OCTAHYDRONAPHTHALENYL)-2-PENTENOATE",0,0.009854,0,
1810,Negative,"(4'AS,5'S,8'AS)-E-(+)-3-METHYL-5-((5'ALPHA-(4'-METHYL-3'-PENTENYL)-2',5'BETA,8'ABETA,TRIMETHYL-3',4',4'A,5',6',7',8',8'A-OCTAHYDRONAPHTHALENYL))-2-PENTENOIC ACID",0,0.014857,0,
1811,Negative,"6,6'-DIBROMOINDIGOTIN",0,0.008898,0,
1812,Negative,2-HEPTAFLUOROPROPYL-5-TRIFLUOROMETHYLBENZMIDAZOLE,0,0.005285,0,
1813,Negative,N-ACETYLGLYCYLGLYCYLISOLEUCYLGLYCINE METHYL ESTER,0,0.008255,0,
1814,Negative,N-ACETYLALANYLPHENYLALANYLALANINE METHYL ESTER,0,0.008005,0,
1815,Negative,N-ACETYLVALYLPHENYLALANYLALANINE METHYL ESTER,0,0.011965,0,
1816,Negative,N-ACETYLVALYLGLYCYLGLYCYLVALINE METHYL ESTER,0,0.094209,0,
1817,Negative,"2,4,6-TRIS(TRIMETHYLSILOXY)BENZOIC ACID TRIMETHYLSILYL ESTER",0,0.005451,0,
1818,Negative,"3,4,5-TRIS(TRIMETHYLSILOXY)BENZOIC ACIDTRIMETHYLSILYL ESTER",0,0.008235,0,
1819,Negative,"2,3,4-TRIS(TRIMETHYLSILOXY)BENZOIC ACID TRIMETHYLSILYL ESTER",0,0.004754,0,
1820,Negative,"2,6-BIS(TRIMETHYLSILOXY)PYRIMIDINE-4-CARBOXYLIC ACID TRIMETHYLSILYL ESTER",0,0.005712,0,
1821,Negative,"1,3,5-PENTANETRICARBOXYLIC ACID TRIS(TRIMETHYLSILYL) ESTER",0,0.231274,0,
1822,Negative,3-NITROPHTHALIC ACID BIS(TRIMETHYLSILYL) ESTER,0,0.004368,0,
1823,Negative,D-12-TRIMETHYLSILOXY-CIS-9-OCTADECENOICACID TRIMETHYLSILYL ESTER,0,0.006005,0,
1824,Negative,"2-TRIMETHYLSILOXY-1,2,3-PROPANETRICARBOXYLIC ACID TRIS(TRIMETHYLSILYL) ESTER",0,0.009254,0,
1825,Negative,ADIPIC ACID DI-2-ETHYLHEXYL ESTER,0,0.004631,0,
1826,Negative,"(2S,3S)-3-BENZYLOXY-4-(TERT-BUTYLDIMETHYLSILYLOXY)BUTAN-1,2-DIOL ISOPROPYLIDENE ACETAL",0,0.00488,0,
1827,Negative,"(2S,3S)-4-BENZYLOXY-1-(TERT-BUTYLDIMETHYLSILYLOXY)-2-METHOXYETHOXYMETHOXY-3-METHYLBUTANE",0,0.004417,0,
1828,Negative,(6R)-6-(TERT-BUTYLDIMETHYLSILYLOXY)-8-PIVALOYLOXY-2-METHYLOCT-2-ENE,0,0.00492,0,
1829,Negative,"(3S,4R,5S)-4-(TERT-BUTYLDIMETHYLSILYLOXY)-1,1-DIBROMO-3,5-DIMETHYL-1-HEPTENE",0,0.014658,0,
1830,Negative,(4R)-1-ACETOXY-4-(TERT-BUTYLDIMETHYLSILYLOXY)-5-PIVALOYLOXYHEXENE,0,0.004722,0,
1831,Negative,(3S)-3-(TERT-BUTYLDIMETHYLSILYLOXY)-5-TOSYLPENTANOL,0,0.007289,0,
1832,Negative,"CHOLESTA-3,5-DIEN-7-ONE",0,0.116764,0,
1833,Negative,"CHOLESTAN-3,6-DIONE",0,0.034771,0,
1834,Negative,5-HYDROXY-1-(4-HYDROXY-3-METHOXYPHENYL)TETRADECAN-3-ONE,0,0.004558,0,
1835,Negative,5-ACETOXY-1-(4-ACETOXY-3-METHOXYPHENYL)DECAN-3-ONE,0,0.020075,0,
1836,Negative,"2-METHYLSULFONYLMETHYL-3,4,5-TRIACETOXYBENZYL METHYL ETHER",0,0.004661,0,
1837,Negative,"3-METHOXY-2,6-DIMETHYL-(6R)-((2R)-2-METHYLBUTYRYLOXY)-5-(4-NITROBENZOYLOXY)-2,4-CYCLOHEXADIEN-1-ONE",0,0.004361,0,
1838,Negative,"5-(2-ACETOXYETHYLAMINO)-3-METHOXY-2,6-DIMETHYL-(6R*)-((2R*)-2-METHYLBUTYRYLOXY)-2,4-CYCLOHEXADIEN-1-ONE",0,0.013216,0,
1839,Negative,"2-CYCLOHEXYL-5-(2-(6-METHYL-3-PYRIDYL)ETHYL)-1,2,3,4-TETRAHYDRO-GAMMA-CARBOLINE",0,0.007335,0,
1840,Negative,"2-(2-AMINO-2-METHYLPROPYL)-1-METHYL-3-(1,2,2,6,6-PENTAMETHYL-1,2,3,6-TETRAHYDRO-4-PYRIDYL)INDOLE",0,0.008417,0,
1841,Negative,"8-METHOXY-5-(2-(6-METHYL-3-PYRIDYL)ETHYL)-2-PROPYL-1,2,3,4-TETRAHYDRO-GAMMA-CARBOLINE",0,0.013137,0,
1842,Negative,"ETHYL 1-(3-(3,5-DINITROBENZAMIDO)BUTYL)-2-METHYLINDOLE-3-CARBOXYLATE",0,0.005219,0,
1843,Negative,"2-(3-DIPROPYLAMINOPROPIONYL)-5,7-DIMETHYL-1,2,3,4-TETRAHYDROPYRIMIDO(1,6-A)INDOLE",0,0.006564,0,
1844,Negative,"DIMETHYL 1-(3-(3,5-DINITROBENZAMIDO)PROPYL)INDOLE-2,3-DICARBOXYLATE",0,0.00502,0,
1845,Negative,"8-BROMO-2-METHYL-5-(2-(6-METHYL-3-PYRIDYL)ETHYL)-1,2,3,4-TETRAHYDRO-GAMMA-CARBOLINE",0,0.004551,0,
1846,Negative,"(4AS,5S)-(+)-1,4ABETA-DIMETHYL-5BETA((P-BROMOBENZOYL)OXY)-4,4A,5,6,7,8-HEXAHYDRONAPHTHALEN-2(3H)-ONE",0,0.005689,0,
1847,Negative,"1,1'-BINAPHTHYL-2,2'-BISACRYLATE",0,0.004666,0,
1848,Negative,"(1R,2S,5R)-5-METHYL-2-(1-METHYL-1-(2'-NAPHTHYL)ETHYL)-CYCLOHEXANE-1-YL BENZOATE",0,0.004917,0,
1849,Negative,"LABDA-7,14-DIEN-13(R)-OL-BETA-D-FUCOPYRANOSIDE 3,4-O-ISOPROPYLIDENE DERIVATIVE (3,3,3,4,4,4-D6)",0,0.00407,0,
1850,Negative,"LABDA-7,14-DIEN-13(R)-OL-ALPHA-L-RHAMNOPYRANOSIDE 2,3-O-ISOPROPYLIDENE DERIVATIVE (2,2,2,3,3,3-D6)",0,0.004081,0,
1851,Negative,"LABDA-7,14-DIEN-13(R)-OL-BETA-D-FUCOPYRANOSIDE 3,4-O-ISOPROPYLIDENE DERIVATIVE",0,0.004357,0,
1852,Negative,"LABDA-7,14-DIEN-13(R)-OL-ALPHA-L-RHAMNOPYRANOSIDE 2,3-O-ISOPROPYLIDENE DERIVATIVE",0,0.004252,0,
1853,Negative,"LABDA-7,14-DIEN-13(R)-OL-ALPHA-L-6-DEOXYIDOPYRANOSIDE",0,0.004185,0,
1854,Negative,"LABDA-7,14-DIEN-13(R)-OL-BETA-D-FUCOPYRANOSIDE",0,0.003994,0,
1855,Negative,"LABDA-7,14-DIEN-13(R)-OL-ALPHA-L-RHAMNOPYRANOSIDE",0,0.004024,0,
1856,Negative,DIOCTYL PHTHALATE,0,0.004417,0,
1857,Negative,ESTRADIOL DI-TRIMETHYLSILYL ETHER,0,0.037513,0,
1858,Negative,VITAMIN K1,0,0.019114,0,
1859,Negative,VITAMIN K1,0,0.004919,0,
1860,Negative,VITAMIN K2,0,0.234303,0,
1861,Negative,BETA-SITOSTERYL TRIMETHYLSILYL ETHER,0,0.337713,0,
1862,Negative,STIGMASTERYL TRIMETHYLSILYL ETHER,0,0.420909,0,
1863,Negative,1-MONOOLEIN,0,0.010454,0,
1864,Negative,MONOSTEARIN,0,0.005588,0,
1865,Negative,BIS(2-BUTOXYETHYL) PHTHALATE,0,0.004881,0,
1866,Negative,DINONYL PHTHALATE,0,0.005709,0,
1867,Negative,TRIFLUOPROMAZINE,0,0.005276,0,
1868,Negative,THIORIDAZINE,0,0.021526,0,
1869,Negative,THIOPROPERAZINE,0,0.006968,0,
1870,Negative,TRIFLUOPROMAZINE,0,0.005399,0,
1871,Negative,THIORIDAZINE,0,0.007782,0,
1872,Negative,TRIFLUOPERAZINE,0,0.005156,0,
1873,Negative,PROCHLORPERAZINE,0,0.009846,0,
1874,Negative,PERICYAZINE,0,0.016608,0,
1875,Negative,THIOPROPERAZINE,0,0.008384,0,
1876,Negative,STIGMASTEROL TMS ETHER,0,0.347031,0,
1877,Negative,SITOSTEROL,0,0.036703,0,
1878,Negative,SITOSTEROL ACETATE,0,0.006525,0,
1879,Negative,CAMPESTEROL,0,0.010269,0,
1880,Negative,GLYCEROL TRIHEXANOATE,0,0.004784,0,
1881,Negative,"(2S,2'R)-N,N'-DICARBOBENZOXY-2,2'-BIPYRROLIDINE",0,0.004421,0,
1882,Negative,"(2S)-N-TERT-BUTOXYCARBONYL-2-(1,4-DIMETHANESULFONYLOXYBUTYL)PYRROLIDINE",0,0.004586,0,
1883,Negative,(2S)-N-TERT-BUTOXYCARBONYL-2-(1-AZIDO-4-(2-TETRAHYDROPYRANYLOXY)BUTYL)PYRROLIDINE,0,0.016338,0,
1884,Negative,"ETHYL (4R*,5R*)-(E)-4-(2'-TETRAHYDROPYRANYL)OXY-5-(TERT-BUTYLDIMETHYLSILYL)OXY-2-HEXENOATE",0,0.005293,0,
1885,Negative,"5-(3-ETHYLENEDIOXYBUTYL)-1-(4-METHYL-3-PENTENYL)-(1BETA,4ABETA),6-TRIMETHYL-1,2,3,4,4A,7,8,8A-OCTAHYDRONAPHTHALENE",0,0.042737,0,
1886,Negative,"(TERT-BUTYL)(2-(3,5-DITRIMETHYLSILYLOXYPHENYL)-2-TRIMETHYLSILYLOXYETHYL)AMINE",0,0.242582,0,
1887,Negative,"10-ISOPROPYL-3,3-DIMETHYL-11-PHENYL-2,3,4,5,10,11-HEXAHYDRO-1H-DIBENZO(B,E)(1,4)-DIAZEPIN-1-ONE",0,0.061754,0,
1888,Negative,"3-(2-BENZOYLAMINOPHENYLTHIO)-5,5-DIMETHYL-1-CYCLOHEXANONE",0,0.004915,0,
1889,Negative,"DIMETHYL 2-BENZYL-2-(3,4-DIMETHOXYPHENYL)MALONATE",0,0.158663,0,
1890,Negative,"1-ACETOXY-3-(2-CHLORO-3,4-DIMETHOXYPHENYL)-4-PHENYL-2-BUTANONE",0,0.011219,0,
1891,Negative,1-(2-HYDROXY-3-METHOXYPHENYL)-12-PHENYLDODECANE,0,0.004046,0,
1892,Negative,TRIMETHYLSILYL OCTADECANOATE,0,0.108585,0,
1893,Negative,"1,3-DI(4-BROMOPHENYL)BENZO(F)QUINAZOLINE",0,0.091513,0,
1894,Negative,2-(4-(4-PHENOXYPHENYL)-6-PHENYL-2-PYRIMIDINYLAMINO)BENZOIC ACID METHYL ESTER,0,0.006807,0,
1895,Negative,"1,3-DI(3,4-DIMETHOXYPHENYL)BENZO(F)QUINAZOLINE",0,0.00655,0,
1896,Negative,2-(4-(4-NITROPHENYL)-6-PHENYL-2-PYRIMIDINYLAMINO)BENZOIC ACID METHYL ESTER,0,0.011643,0,
1897,Negative,2-(4-(4-METHOXYPHENYL)-6-PHENYL-2-PYRIMIDINYLAMINO)BENZOIC ACID METHYL ESTER,0,0.00461,0,
1898,Negative,2-(4-(4-METHOXYPHENYL)-6-PHENYL-2-PYRIMIDINYLAMINO)BENZOIC ACID,0,0.007667,0,
1899,Negative,"1,3-DI(2-METHOXYPHENYL)BENZO(F)QUINAZOLINE",0,0.01997,0,
1900,Negative,"METHYL 2-(4,6-DIPHENYL-2-PYRIMIDINYLAMINO)BENZOATE",0,0.101374,0,
1901,Negative,"9,11-DIPHENYLBENZO(E)PYRIMIDO(4,5-B)INDOLE",0,0.006138,0,
1902,Negative,"2-METHOXY-4-PHENETHYL-5,6-DIPHENYLPYRIMIDINE",0,0.031439,0,
1903,Negative,"2-METHOXY-4,5-DIPHENYL-6-STYRYLPYRIMIDINE",0,0.197668,0,
1904,Negative,"4,5-DIPHENYL-6-STYRYL-1,2-DIHYDROPYRIMIDIN-2-ONE",0,0.01553,0,
1905,Negative,"2-(2-HYDROXYPHENYL)-4-PHENYL-5,6-DIHYDROBENZO(H)QUINAZOLINE",0,0.005909,0,
1906,Negative,BIS(O-FLUOROPHENYL)MERCURY,0,0.004408,0,
1907,Negative,ETHYL 2-ETHOXYCARBONYL-3-(1-BENZYLOXYETHYL)HEPTANOATE,0,0.007227,0,
1908,Negative,"METHYL 9,10-BIS(TRIMETHYLSILOXY)OCTADEC-12(Z)-ENOATE",0,0.025789,0,
1909,Negative,"METHYL 12,13-BIS(TRIMETHYLSILOXY)OCTADEC-9(Z)-ENOATE",0,0.064264,0,
1910,Negative,2-(4-BROMOPHENYL)-2-OXOETHYL 12-OXODODEC-9(Z)-ENOATE,0,0.005333,0,
1911,Negative,"14-(2-(TERT-BUTYLDIMETHYLSILOXY)ETHYL)-6,10,14-TRIMETHYLCYCLOTETRADECA-2(E),6(E),10(E)-TRIENONE",0,0.007806,0,
1912,Negative,"N,N,N',N'-TETRAKIS(TRIMETHYLSILYL)-',4-PHENYLENEDIAMINE",0,0.006641,0,
1913,Negative,1-PENTAMETHYLDISILANYLOXY-4-PENTAMETHYLDISILANYLBENZENE,0,0.00621,0,
1914,Negative,"FLUOROISOPROPYL(2,4,6-TRI-TERT-BUTYLPHENYL)SILANOL",0,0.006082,0,
1915,Negative,"1,1-BIS(TERT-BUTYLDIMETHYLSILYL)-2,2-BIS(TRIMETHYLSILYL)ETHYLENE",0,0.006045,0,
1916,Negative,"1,1,2,2,5,5,6,6,9,9,10,10-DODECAMETHYL-1,2,5,6,9,10-HEXASILA-3,7,11-CYCLODODECATRIYNE",0,0.009896,0,
1917,Negative,"2,2,5,5,7,7,10,10,12,12,15,15-DODECAMETHYL-1,6,11-TRIOXA-2,5,7,10,12,15-HEXASILA-3,8,13-CYCLOPENTADECATRIYNE",0,0.009887,0,
1918,Negative,"2-ETHYL-1,1,2,3,3-PENTAMETHYL-4,5-DIPHENYL-1,2,3-TRISILACYCLOPENT-4-ENE",0,0.116486,0,
1919,Negative,"(6E,10E)-1-ACETOXY-14-(1-HYDROXY-1-METHYLETHYL)-2,3-EPOXY-3,7,11-TRIMETHYLCYCLOTETRADECADIENE",0,0.026129,0,
1920,Negative,"(6E,10E)-1-AETOXY-14-(1-METHYL-1,2-EPOXYETHYL)-2,3-EPOXY-3,7,11-TRIMETHYLCYCLOTETRADECADIENE",0,0.00533,0,
1921,Negative,"(2E,6E,10E)-1-(2-OXA-3-OXO-4,7,7-TRIMETHYL-BICYCLO(2,2,1)HEPTANECARBONYLOXY)-14-ISOPROPENYL-3,7,11-TRIMETHYLCYCLOTETRADECATRIENE",0,0.004821,0,
1922,Negative,"(2E,6E,10E)-1-(2ALPHA-ISOPROPYL-5BETA-METHYLCYCLOHEXOXYACETYLOXY)-14-ISOPROPENYL-3,7,11-TRIMETHYLCYCLOTETRADECATRIENE",0,0.004601,0,
1923,Negative,"4-BROMOBENZOYLMETHYL (12Z,15Z)-9,10-EPOXYOCTADECADIENOATE",0,0.006659,0,
1924,Negative,"4-BROMOBENZOYLMETHYL (9Z,15Z)-12,13-EPOXYOCTADECADIENOATE",0,0.008986,0,
1925,Negative,"4-BROMOBENZOYLMETHYL (9Z,12Z)-15,16-EPOXYOCTADECADIENOATE",0,0.005962,0,
1926,Negative,"3-ETHOXY-6-(1,5-DIHYDROXY-5-METHYL-4-PHENYLTHIOHEXYL)-2-CYCLOHEXEN-1-ONE",0,0.004692,0,
1927,Negative,"4-BROMOBENZOYLMETHYL(12Z)-9,10-EPOXYOCTAD",0,0.009516,0,
1928,Negative,7-METHOXY-3-TETRADECANYL-2-OXAINDAN-1-ONE,0,0.004325,0,
1929,Negative,"N-ISOBUTYL 9-(PARA-PHENOXYPHENYL)-2,4-NONADIENAMIDE",0,0.043087,0,
1930,Negative,"ETHYL 9-(PARA-PHENOXYPHENYL)-2,4-NONADIENOATE",0,0.015903,0,
1931,Negative,"3,6-DIMETHOXY-2-(10-PENTADECENYL)PHENOL",0,0.005873,0,
1932,Negative,2-HYDROXY-5-METHOXY-3-(10-PENTADECENYL)-PARA-BENZOQUINONE,0,0.006761,0,
1933,Negative,ETHYL2-METHOXY-6(1-PENTDECENYL)BENZOATE,0,0.004748,0,
1934,Negative,ETHYL 2-METHOXY-6-PENTADECYLBENZOATE,0,0.005987,0,
1935,Negative,"2-(2,2-DIMETHYL-4,6-DIOXO-6-PHENYLHEXYL)BENZOTHIAZOLE",0,0.004721,0,
1936,Negative,"1,2-DIMETHOXYCARBONYL-3-OXO-5-PHENYL-4,5-DEHYDROPIPERIDINO(2,1,6-CD)INDOLIZINE",0,0.034864,0,
1937,Negative,"1,1-BIS(PARA-CHLOROPHENYL)-1-CHLORO-2,2,2-TRICHLOROETHANE",0,0.211273,0,
1938,Negative,"2-(N,N-DI(TRIMETHYLSILYL)AMINO)ETHYLPHOSPHONIC ACID DI(TRIMETHYLSILYL) ESTER",0,0.104895,0,
1939,Negative,N-ACETYL-O-TRIMETHYLSILYLSPHINGATRIENE,0,0.068604,0,
1940,Negative,DIBUTYL 1-(N-TRIFLUOROACETYLAMINO)PENTYLPHOSPHONATE,0,0.240635,0,
1941,Negative,DIBUTYL 1-(N-TRIFLUOROACETYLAMINO)PENTYLPHOSPHONATE,0,0.010349,0,
1942,Negative,DIBUTYL 3-METHYL-1-(N-TRIFLUOROACETYLAMINO)BUTYLPHOSPHONATE,0,0.008693,0,
1943,Negative,DIBUTYL 1-(N-TRIFLUOROACETYLAMINO)BUTYLPHOSPHONATE,0,0.013389,0,
1944,Negative,DIBUTYL 1-(N-TRIFLUOROACETYLAMINO)BUTYLPHOSPHONATE,0,0.011086,0,
1945,Negative,"1,3-DI-O-TRIMETHYLSILYLOCTADECASPHINGANINE",0,0.006507,0,
1946,Negative,5-ALPHA-CHOLESTAN-3-ALPHA-YL BENZOATE,0,0.019428,0,
1947,Negative,5-ALPHA-CHOLESTAN-3-BETA-YL BENZOATE,0,0.03125,0,
1948,Negative,(3-PYRIDYL)METHYL 12-EICOSENOATE,0,0.009511,0,
1949,Negative,"(3-PYRIDYL)METHYL (Z,Z)-9,12-OCTADECDIENOATE",0,0.008591,0,
1950,Negative,(3-PYRIDYL)METHYL (Z)-9-OCTADECENOATE,0,0.034765,0,
1951,Negative,(3-PYRIDYL)METHYL OCTADECANOATE,0,0.008017,0,
1952,Negative,(3-PYRIDYL)METHYL 4-ETHYL-14-METHYLPENTADECANOATE,0,0.016437,0,
1953,Negative,"1,3,4,5,6-PENTA-O-ACETYL-2-O-METHYLHEXITOL(1-D)",0,0.004496,0,
1954,Negative,"1,2,5-TRI-O-ACETYL-3,4,6-TRI-O-METHYLHEXITOL (1-D)",0,0.004361,0,
1955,Negative,"1,4,5-TRI-O-ACETYL-3,6-DI-O-METHYL-2-N-METHYLACETAMIDO-2-DEOXYHEXITOL (1-D)",0,0.004415,0,
1956,Negative,"1,5-DI-O-ACETYL-3,4,6-TRI-O-METHYL-2-N-METHYLACETAMIDO-2-DEOXYHEXITOL (1-D)",0,0.005702,0,
1957,Negative,"1,3,5,6-TETRA-O-ACETYL-2,4-DI-O-METHYLHEXITOL (1-D)",0,0.004366,0,
1958,Negative,"1,2,4,5-TETRA-O-ACETYL-3,6-DI-O-METHYLHEXITOL (1-D)",0,0.004205,0,
1959,Negative,"1,5,6-TRI-O-ACETYL-2,3,4-TRI-O-METHYLHEXITOL (1-D)",0,0.050591,0,
1960,Negative,2-METHYL-3-OXO-5-(TETRAHYDROPYRAN-2-YLOXYMETHYL)TETRADECAN-5-OLIDE,0,0.004457,0,
1961,Negative,2-METHYL-5-(TETRAHYDR0PYRAN-2-YLOXYMETHYL)-2-TETRADECEN-5-OLIDE,0,0.004632,0,
1962,Negative,HEXADECYLPYRIDINIUM BROMIDE,0,0.004805,0,
1963,Negative,ETHYLHEXADECYLDIMETHYLAMMONIUM BROMIDE,0,0.005907,0,
1964,Negative,3-METHYL-N-OCTADECYL-2-PYRROLIDONE,0,0.06953,0,
1965,Negative,5-METHYL-N-OCTADECYL-2-PYRROLIDONE,0,0.14142,0,
1966,Negative,STIGMASTEROL,0,0.016397,0,
1967,Negative,CHOLESTANE,0,0.004972,0,
1968,Negative,"2,8-DITRIMETHYLSILYLOXY-4-QUINOLINECARBOXYLIC ACID TRIMETHYLSILYL ESTER",0,0.007827,0,
1969,Negative,2-(3-(3-TRIMETHYLSILYLOXYBENZOYL)PHENYL)PROPIONIC ACID TRIMETHYLSILYL ESTER,0,0.01036,0,
1970,Negative,"2-(2-BUTYL-5-METHYL-1,3,2-DIOXABOROLANE-4-YL)METHOXY-N-(2-ETHYLAMINOETHYL)-4-QUINOLINECARBOXAMIDE",0,0.005753,0,
1971,Negative,CITRIC ACID-TETRA-TMS,0,0.05783,0,
1972,Negative,BIS(PENTAFLUOROPHENYL)-TRICHLOROPHOSPHORANE,0,0.005983,0,
1973,Negative,CARBETHYL SALICYLATE,0,0.005265,0,
1974,Negative,DRAMAMINE,0,0.004833,0,
1975,Negative,THIOPROPAZATE,0,0.044979,0,
1976,Negative,ANILERIDINE,0,0.008833,0,
1977,Negative,8-ACETOXY-2-CHLOROPROMAZINE,0,0.006019,0,
1978,Negative,3-ACETOXY-2-CHLOROPROMAZINE,0,0.004792,0,
1979,Negative,MELLARIL,0,0.007266,0,
1980,Negative,"2-(2,3-DITRIMETHYLSILYLOXYBUTOXY)-N-(2-(DIMETHYLAMINO)ETHYL)-4-QUINOLINECARBOXAMIDE",0,0.004406,0,
1981,Negative,3-TRIMETHYLSILYLOXYCHOLEST-5-ENE,0,0.006061,0,
1982,Negative,2-(3-TRIMETHYLSILYLOXYBUTOXY)-N-(2-ETHYLAMINO)ETHYL)-3-PYRIDINECARBOXAMIDE,0,0.007427,0,
1983,Negative,"2-(2-BUTYL-5-METHYL-1,3,2-DIOXABOROLAN-4-YL)METHOXY-N-(2-ETHYLAMINOETHYL)-4-QUINOLINECARBOXAMIDE",0,0.00524,0,
1984,Negative,2-(3-HYDROXYBUTOXY)-N-(2-(DIETHYLAMINO)ETHYL)-4-QUINOLINECARBOXAMIDE,0,0.004217,0,
1985,Negative,2-(2-TRIMETHYLSILYLOXYETHOXY)-4-QUINOLINECARBOXYLIC ACID TRIMETHYLSILYL ESTER,0,0.089522,0,
1986,Negative,N-(2-BUTOXY-4-QUINOLINECARBONYL)GLYCINE TRIMETHYLSILYL ESTER,0,0.103916,0,
1987,Negative,"2,6-DITRIMETHYLSILYLOXY-4-QUINOLINECARBOXYLIC ACID TRIMETHYLSILYL ESTER",0,0.005793,0,
1988,Negative,2-TRIMETHYLSILYLOXY-N-(2-(DIETHYLAMINO)ETHYL)-4-QUINOLINECARBOXAMIDE,0,0.009214,0,
1989,Negative,1-ACETYLLYSERGIC ACID DIETHYLAMIDE,0,0.010248,0,
1990,Negative,2-BROMOLYSERGIC ACID DIETHYLAMIDE,0,0.009166,0,
1991,Negative,"PERFLUORO-1,1-DIMETHYLCYCLOPENTANE",0,0.004799,0,
1992,Negative,"2-(2-HYDROXY-3,5-DIPENTYL)PHENYL-BENZOTRIAZOLE",0,0.004701,0,
1993,Negative,4-DODECYLOXY-2-HYDROXY-BENZOPHENONE,0,0.009443,0,
1994,Negative,"2-(2-HYDROXY-3,5-DI-TERT-BUTYL)PHENYL-5-CHLOROBENZOTRIAZOLE",0,0.00553,0,
1995,Negative,"4,4'-THIO-BIS(3-METHYL-6-TERT-BUTYLPHENOL)",0,0.005122,0,
1996,Negative,"4,4'-METHYLENE BIS(2,6-DI-TERT-BUTYLPHENOL)",0,0.006467,0,
1997,Negative,METHYL 2-O-CHLOROBENZOYL-4-CHLORO-N-METHYLOXALONILATE,0,0.069956,0,
1998,Negative,2-(3-(4-TRIMETHYLSILYLOXYBENZOYL)PHENYL)PROPIONIC ACID TRIMETHYLSILYL ESTER,0,0.040308,0,
1999,Negative,3-TRIMETHYLSILYLOXYCHOLEST-5-ENE,0,0.005447,0,
2000,Negative,CHOLESTEROL,0,0.012665,0,
2001,Negative,"2-(2,3-DITRIMETHYLSILYLOXYBUTOXY)-N-(2-(DIETHYLAMINO)ETHYL)-3-PYRIDINECARBOXAMIDE",0,0.004784,0,
2002,Negative,"2-(2,3-DITRIMETHYLSILYLOXYBUTOXY)-N-(2-(ETHYLAMINO)ETHYL)-3-PYRIDINECARBOXAMIDE",0,0.015208,0,
2003,Negative,2-(3-TRIMETHYLSILYLOXYBUTOXY)-N-(2-(ETHYLAMINO)ETHYL)-3-PYRIDINECARBOXAMIDE,0,0.004481,0,
2004,Negative,2-(3-TRIMETHYLSILYLOXYBUTOXY)-N-(2-(DIETHYLAMINO)ETHYL)-3-PYRIDINECARBOXAMIDE,0,0.004486,0,
2005,Negative,4-(3-(4-(3-TRIMETHYLSILYLOXYBUTOXY)PHENOXY)PROPYL)MORPHOLINE,0,0.004679,0,
2006,Negative,4-(3-(4-(2-TRIMETHYLSILYLOXYETHOXY)PHENOXY)PROPYL)MORPHORINE,0,0.004684,0,
2007,Negative,2-(3-HYDROXYBUTOXY)-N-(2-DIETHYLAMINOETHYL)-4-QUINOLINECARBOXAMIDE,0,0.005187,0,
2008,Negative,2-(2-TRIMETHYLSILYLOXYETHOXY)-N-(2-(ETHYLAMINO)ETHYL)-4-QUINOLINECARBOXAMIDE,0,0.063446,0,
2009,Negative,2-(2-TRIMETHYLSILYLOXYETHOXY)-4-QUINOLINECARBOXYLIC ACID TRIMETHYLSILYL ESTER,0,0.276972,0,
2010,Negative,N-(2-BUTOXY-4-QUINOLINECARBONYL)GLYCINE TRIMETHYLSILYL ESTER,0,0.038972,0,
2011,Negative,2-(2-TRIMETHYLSILYLOXYETHOXY)-N-(2-(DIETHYLAMINO)ETHYL)-4-QUINOLINECARBOXAMIDE,0,0.004158,0,
2012,Negative,"2,6-DITRIMETHYLSILYLOXY-4-QUINOLINECARBOXYLIC ACID TRIMETHYLSILYL ESTER",0,0.041188,0,
2013,Negative,"2,8-DITRIMETHYLSILYLOXY-4-QUINOLINECARBOXYLIC ACID TRIMETHYLSILYL ESTER",0,0.035689,0,
2014,Negative,2-(3-TRIMETHYLSILYLOXYBUTOXY)-4-QUINOLINECARBOXYLIC ACID TRIMETHYLSILYL ESTER,0,0.007255,0,
2015,Negative,2-TRIMETHYLSILYLOXY-N-(2-(DIETHYLAMINO)ETHYL)-4-QUINOLINECARBOXAMIDE,0,0.005541,0,
2016,Negative,CHOLESTEROL,0,0.00895,0,
2017,Negative,COPROSTEROL,0,0.004824,0,
2018,Negative,CHOLESTANOL,0,0.004786,0,
2019,Negative,DIBUTOXYETHOXYETHYL ADIPATE,0,0.005342,0,
2020,Negative,OCTYL DECYL ADIPATE,0,0.004572,0,
2021,Negative,DIISODECYL ADIPATE,0,0.004832,0,
2022,Negative,DIN-DECYL ADIPATE,0,0.005351,0,
2023,Negative,DI(2-ETHYL HEXYL) ADIPATE,0,0.005901,0,
2024,Negative,DI(2-ETHYLHEXYL)AZELATE,0,0.004575,0,
2025,Negative,TRIBUTOXYETHYL PHOSPHATE,0,0.0055,0,
2026,Negative,TRIS(2-ETHYLHEXYL)PHOSPHATE,0,0.004405,0,
2027,Negative,TRIETHYLENE GLYCOL DIPELARGONATE,0,0.004311,0,
2028,Negative,TRIETHYLENE GLYCOL DI-2-ETHYLHEXANOATE,0,0.004516,0,
2029,Negative,DIETHYLENE GLYCOL DIPELARGONATE,0,0.004287,0,
2030,Negative,PROPYLENE GLYCOL DILAURATE,0,0.005019,0,
2031,Negative,2-BUTOXYETHYL STEARATE,0,0.005086,0,
2032,Negative,DIBUTOXYETHYL SEBACATE,0,0.00454,0,
2033,Negative,DIBENZYL SEBACATE,0,0.006553,0,
2034,Negative,DIOCTYL SEBACATE,0,0.00657,0,
2035,Negative,"TRIBUTYL 2-CARBOXYMETHYL-1,2,3-PROPANE TRICARBOXYLATE",0,0.004589,0,
2036,Negative,TRIBUTYL CITRATE,0,0.004627,0,
2037,Negative,METHOXYETHYL 12-CARBOXYMETHYL-9-OCTADECENOATE,0,0.009971,0,
2038,Negative,BUTYL 12-CARBOXYMETHYL-9-OCTADECENOATE,0,0.004285,0,
2039,Negative,METHYL 12-CARBOXYMETHYL-9-OCTADECENOATE,0,0.004315,0,
2040,Negative,ISOOCTYL PALMITATE,0,0.004135,0,
2041,Negative,TETRAHYDROFURFURYL 9-OCTADECENOATE,0,0.00445,0,
2042,Negative,2-BUTOXYETHYL 9-OCTADECENOATE,0,0.012351,0,
2043,Negative,DIBUTOXYETHYL PHTHALATE,0,0.004686,0,
2044,Negative,DI-ISODECYL PHTHALATE,0,0.004068,0,
2045,Negative,ISOOCTYL ISODECYL PHTHALATE,0,0.004676,0,
2046,Negative,BUTYL ISODECYL PHTHALATE,0,0.004211,0,
2047,Negative,DI-N-OCTYL PHTHALATE,0,0.004675,0,
2048,Negative,DI(2-ETHYL HEXYL)ISOPHTHALATE,0,0.004426,0,
2049,Negative,DI(2-ETHYL HEXYL)PHTHALATE,0,0.004546,0,
2050,Negative,DI-O-BENZAMIDODIPHENYL DISULFIDE,0,0.007509,0,
2051,Negative,"BIS(2,4-DINITROPHENYL)ETHER",0,0.00451,0,
2052,Negative,"5,5'-DIVALERYL-2,2'-SPIROBIINDAN",0,0.011534,0,
2053,Negative,TRIFLUOPERAZINE,0,0.025096,0,
2054,Negative,"PIMINODINE ALVODINE,PIMADIN,CIMAPON",0,0.007762,0,
2055,Negative,DIOCTYL ADIPATE,0,0.004436,0,
2056,Negative,"CHOLESTA-3,5-DIENE",0,0.009537,0,
2057,Negative,DIOCTYL PHTHALATE,0,0.004164,0,
2058,Negative,ACETOPHENAZINE,0,0.072117,0,
2059,Negative,CAPTODIAMINE,0,0.005685,0,
2060,Negative,MECLIZINE,0,0.69738,0,
2061,Negative,HYDROXYZINE TRANQUIZINE,0,0.033855,0,
2062,Negative,BUCLIZINE,0,0.00502,0,
2063,Negative,DECAFLUOROBENZOPHENONE,0,0.004314,0,
2064,Negative,"1-METHYLAMINO-9,10-DIPHENYL-ANTHRACENE",0,0.14604,0,
2065,Negative,"1,4-DIBENZOXYANTHRACENE",0,0.004928,0,
2066,Negative,"2-ACETOXY-1-ACETYL-3,6-DI-TERT-BUTYLMERCAPTO-4-PHENYL-1,2,3,6-TETRAHYDROPYRIDINE",0,0.005512,0,
2067,Negative,"2-ACETOXY-1-ACETYL-4-TERT-BUTYL-3,6-DI-TERT-BUTYLMERCAPTO-1,2,3,6-TETRAHYDROPYRIDINE",0,0.010891,0,
2068,Negative,"1-ACETYL-4-TERT-BUTYL-2,3,6-TRI-TERT-BUTYLMERCAPTO-1,2,3,6-TETRAHYDROPYRIDINE",0,0.005326,0,
2069,Negative,"2-ACETOXY-1-ACETYL-3,6-DI-TERT-BUTYLMERCAPTO-4-METHYL-1,2,3,6-TETRAHYDRO-PYRIDINE",0,0.004292,0,
2070,Negative,"2-ACETOXY-1-ACETYL-3,6-DI-TERT-BUTYLMERCAPTO-1,2,3,6-TETRAHYDRO-PYRIDINE",0,0.004518,0,
2071,Negative,"2-ETHOXY-3-BENZOYL-2,4-DIPHENYL-2H-1-BENZOPYRAN",0,0.101112,0,
2072,Negative,"3-BENZOYL-2,2,4-TRIPHENYL-2H-1-BENZOPYRAN",0,0.310818,0,
2073,Negative,"ETHYL 2-ETHOXY-2,4-DIPHENYL-2H-1-BENZOPYRAN-3-CARBOXYLATE",0,0.344372,0,
2074,Negative,"1,2,3',4,6-PENTA-O-ACETYL-3-DEOXY-3-C-HYDROXYMETHYL-ALPHA-D-GLUCOPYRANOSE",0,0.037746,0,
2075,Negative,"1,3,4,5,7-PENTA-O-ACETYL-2,6-ANHYDRO-D-GLYCERO-D-GULO-HEPTITOL",0,0.004844,0,
2076,Negative,"(22R,25S)-22,26-EPIMINO-5ALPHA-CHOLEST-5-EN-3BETA-OL",0,0.004441,0,
2077,Negative,"(22R,25S)-22,26-EPIMINO-5ALPHA-CHOLESTAN-3BETA-OL",0,0.004666,0,
2078,Negative,STIGMASTEROL,0,0.042751,0,
2079,Negative,STIGMASTERONE,0,0.006948,0,
2080,Negative,Chelidonin,0,0.008119,0,
2081,Negative,NARCOTINE,0,0.004702,0,
2082,Negative,NARCEINE,0,0.008422,0,
2083,Negative,INDOMETHACIN,0,0.004428,0,
2084,Negative,TRI-(2-BUTOXYETHYL)-PHOSPHATE,0,0.00507,0,
2085,Negative,"1,1-BIS(4-CHLOROPHENYL)-2,2,2-TRICHLOROETHANE",0,0.679513,0,
2086,Negative,METHYCHLOTHIAZIDE,0,0.005276,0,
2087,Negative,2-CHLORO-10-(3-(4-METHYL-1-PIPERAZINYL)PROPYL)PHENOTHIAZINE,0,0.74428,0,
2088,Negative,DIPHENOXYLATE,0,0.029013,0,
2089,Negative,THIOPROPERAZINE,0,0.058271,0,
2090,Negative,PIPAMAZINE,0,0.051023,0,
2091,Negative,PERPHENAZINE,0,0.02955,0,
2092,Negative,PERICYAZINE,0,0.009711,0,
2093,Negative,FLUPHENAZINE,0,0.005716,0,
2094,Negative,TARTARIC ACID-TETRA-TMS,0,0.005565,0,
2095,Negative,GLYCEROPHOSPHORIC ACID-TETRA-TMS,0,0.760979,0,
2096,Negative,"17ALPHA-HYDROXYPROGESTERONE 3,20-BIS(O-METHYLOXIME)",0,0.004701,0,
2097,Negative,TRIMETHYLSILYL BETA-SITOSTEROL,0,0.00778,0,
2098,Negative,TRIMETHYLSILYL STIGMASTEROL,0,0.029612,0,
2099,Negative,TRIMETHYLSILYL FUCOSTEROL,0,0.017603,0,
2100,Negative,TRIMETHYLSILYL 24-METHYLENECHOLESTEROL,0,0.040644,0,
2101,Negative,TRIMETHYLSILYL CHOLESTEROL,0,0.020441,0,
2102,Negative,STIGMASTEROL,0,0.012317,0,
2103,Negative,METHYL 2-TRIMETHYLSILOXY-TETRACOSANOATE,0,0.018525,0,
2104,Negative,METHYL 2-TRIMETHYLSILOXY-DOCOSANOATE,0,0.004613,0,
2105,Negative,METHYL 2-TRIMETHYLSILOXY-EICOSANOATE,0,0.005632,0,
2106,Negative,METHYL 2-TRIMETHYLSILOXY-OCTADECANOATE,0,0.00605,0,
2107,Negative,METHYL 2-TRIMETHYLSILOXY-HEXADECANOATE,0,0.017813,0,
2108,Negative,METHYL 2-TRIMETHYLSILOXY-TETRACOSANOATE,0,0.173805,0,
2109,Negative,METHYL 2-TRIMETHYLSILOXY-DOCOSANOATE,0,0.024366,0,
2110,Negative,METHYL 2-TRIMETHYLSILOXY-EICOSANOATE,0,0.006028,0,
2111,Negative,METHYL 2-TRIMETHYLSILOXY-OCTADECANOATE,0,0.063711,0,
2112,Negative,METHYL 2-TRIMETHYLSILOXY-HEXADECANOATE,0,0.184105,0,
2113,Negative,METHYL 15-TETRACOSENOATE,0,0.004336,0,
2114,Negative,BUTYL N-TRIFLUOROACETYL 1-AMINOBUTYLPHOSPHONATE,0,0.014726,0,
2115,Negative,"3,4-DIHYDROXYHYDROCINNAM1C AC1D-TRI-TMS",0,0.361898,0,
2116,Negative,4-HYDROXY-3-METHOXYMANDELIC ACID-TRI-TMS,0,0.011514,0,
2117,Negative,"PROGESTERONE 3,20-BIS(O-METHYLOXIME)",0,0.0053,0,
2118,Negative,"3,17BETA-DI-O-TRIMETHYLSILYLESTRADIOL",0,0.366991,0,
2119,Negative,"3,17ALPHA-DI-O-TRIMETHYLSILYLESTRADIOL",0,0.148465,0,
2120,Negative,3-O-TRIMETHYLSILYLESTRONE 17-(O-METHYL)OXIME,0,0.005568,0,
2121,Negative,5-ALPHA-CHOLESTANE,0,0.021435,0,
2122,Negative,"STIGMASTA-5,24(28)-DIEN-3-OL ACETATE",0,0.007137,0,
2123,Negative,DIHYDROCHOLESTEROL ACETATE,0,0.119278,0,
2124,Negative,CHOLESTEROL ACETATE,0,0.009701,0,
2125,Negative,STIGMASTEROL ACETATE,0,0.013986,0,
2126,Negative,BETA-SITOSTEROL-METHYL ETHER,0,0.060307,0,
2127,Negative,FUCOSTEROL METHYL ETHER,0,0.024918,0,
2128,Negative,DIHYDROCHOLESTEROL METHYL ETHER,0,0.011218,0,
2129,Negative,CHOLESTEROL METHYL ETHER,0,0.010928,0,
2130,Negative,ERGOSTEROL-TRIMETHYLSILYL-ETHER,0,0.029862,0,
2131,Negative,LANOSTEROL-TRIMETHYLSILYL-ETHER,0,0.072806,0,
2132,Negative,DIHYDROCHOLESTEROL-TRIMETHYLSILYL-ETHER,0,0.018404,0,
2133,Negative,STIGMAST-5-EN-3BETA-OL,0,0.007246,0,
2134,Negative,LANOST-8-EN-3-OL,0,0.006191,0,
2135,Negative,"LANOSTA-8,24-DIEN-3-OL",0,0.008197,0,
2136,Negative,"ERGOSTA-5,24(28)-DIEN-3-OL",0,0.006036,0,
2137,Negative,DIHYDROCHOLESTEROL,0,0.118556,0,
2138,Negative,CHOLESTEROL,0,0.007366,0,
2139,Negative,"1-OCTADECYL-2,3-DI-TRIMETHYLSILYL GLYCEROL",0,0.004474,0,
2140,Negative,"1-HEXADECYL-2,3-DITRIMETHYLSILYLGLYCEROL",0,0.004674,0,
2141,Negative,"1-TETRADECYL-2,3-DITRIMETHYLSILYLGLYCEROL",0,0.004981,0,
2142,Negative,"HEXADECYL-2,3-DI-O-ACETYLGLYCEROL",0,0.004403,0,
2143,Negative,"1-HEXADECYL-2,3-DI-O-ACETHYL GLYCEROL",0,0.004169,0,
2144,Negative,"1-O-1'-TETRADECENYL-2,3-DI-O-ACETYL GLYCEROL",0,0.004693,0,
2145,Negative,"1-TETRADECYL-2,3-DI-O-ACETHYL GLYCEROL",0,0.004521,0,
2146,Negative,"1,3-DI-O-TRIMETHYLSILYL TETRADECASPHINGANINE",0,0.004566,0,
2147,Negative,"1,3-DI-O-TRIMETHYLSILYL DODECASPHINGANINE",0,0.135842,0,
2148,Negative,"1,3-DI-O-TRIMETHYLSILYL TETRADECASPHINGANINE",0,0.004474,0,
2149,Negative,"1,3-DI-O-TRIMETHYLSILYL DODECASPHINGANINE",0,0.012815,0,
2150,Negative,METHYL 2-HYDROXYTETRACOSANOATE,0,0.004284,0,
2151,Negative,METHYL 2-HYDROXYDOCOSANOATE,0,0.004747,0,
2152,Negative,METHYL TETRACOSANOATE,0,0.011194,0,
2153,Negative,METHYL DOCOSANOATE,0,0.013424,0,
2154,Negative,TRIACONTANE,0,0.004857,0,
2155,Negative,OCTACOSANE,0,0.006264,0,
2156,Negative,ALPHA-(4-DIMETHYLAMINOPHENYL)-OMEGA-(9-PHENANTHRYL)OCTANE,0,0.004324,0,
2157,Negative,ALPHA-(4-DIMETHYLAMINOPHENYL)-OMEGA-(9-PHENANTHRYL)HEPTANE,0,0.005146,0,
2158,Negative,ALPHA-(4-DIMETHYLAMINOPHENYL)-OMEGA-(9-PHENANTHRYL)HEXANE,0,0.004658,0,
2159,Negative,ALPHA-(4-DIMETHYLAMINOPHENYL)-OMEGA-(9-PHENANTHRYL)PENTANE,0,0.004294,0,
2160,Negative,ALPHA-(4-DIMETHYLAMINOPHENYL)-OMEGA-(9-PHENANTHRYL)BUTANE,0,0.00471,0,
2161,Negative,N-ACETYL-GLYCYL-VALYL-LEUCYL-ALANINE METHYL ESTER,0,0.004449,0,
2162,Negative,N-ACETYL-ALANYL-VALYL-LEUCYL-ALANINE METHYL ESTER,0,0.004529,0,
2163,Negative,"2,5-BIS(TRIMETHYLSILYLMETHYL)-5-HYDROXY-8-ISOPROPYL-1,4,4A,5,6,7,8,8A-OCTAHYDRONAPHTHALENE",0,0.004753,0,
2164,Negative,"(4S,5S)-2,2-DIMETHYL-4,5-BIS(TOSYLOXYMETHYL)-1,3-DIOXOLANE",0,0.012924,0,
2165,Negative,"(4R)-1,1-DIBROMO-4-(TERT-BUTYLDIMETHYLSILOXY)-7-METHYL-1,7-OCTADIENE",0,0.01009,0,
2166,Negative,(3R)-4-(METHOXYMETHYL-THIO)-3-(N-METHOXYMETHYL-N-TOSYL)AMINOBUTAN-2-ONE,0,0.007294,0,
2167,Negative,1-IODO-2-TRIMETHYLSILOXYCYCLODODECANE,0,0.006192,0,
2168,Negative,2-IODO-1-PHENOXY-3-TRIMETHYLSILOXYPROPANE,0,0.004874,0,
2169,Negative,"3,5-DI-TERT-BUTYL-N,N-BIS(TERT-BUTYLDIMETHYLSILYL)ANILINE",0,0.00875,0,
2170,Negative,15-TETRACOSENOIC ACID METHYL ESTER,0,0.025421,0,
2171,Negative,13-DOCOSENOIC ACID METHYL ESTER,0,0.014484,0,
2172,Negative,TETRAPHENYLTIN,0,0.004929,0,
2173,Negative,TRIPHENYLTIN CHLORIDE,0,0.006797,0,
2174,Negative,"3,4-CTMP TFA derivative",0,0.034929,0,
2175,Negative,Flutoprazepam,0,0.004423,0,
2176,Negative,U-51754,0,0.004445,0,
2177,Negative,3-Methyl butyryl fentanyl,0,0.005484,0,
2178,Negative,M-144,0,0.848001,0,
2179,Negative,meta-fluoro Furanyl fentanyl 3-furancarboxamide,0,0.009395,0,
2180,Negative,Thiophene fentanyl 3-thiophenecarboxamide,0,0.009598,0,
2181,Negative,Vinpocetine,0,0.072809,0,
2182,Negative,Isopropyl U-47700,0,0.007391,0,
2183,Negative,cis-3-Methyl Butyryl fentanyl,0,0.015441,0,
2184,Negative,1-Demethyl Phenazolam,0,0.007281,0,
2185,Negative,Norpseudoephedrine bis-TBDMS Derivative,0,0.004301,0,
2186,Negative,para-Chlorobutyryl fentanyl,0,0.005666,0,
2187,Negative,Cathinone HFBA Derivative,0,0.00489,0,
2188,Negative,Etodesnitazene,0,0.395645,0,
2189,Negative,meta-fluoro Methoxyacetyl fentanyl,0,0.055268,0,
2190,Negative,Methoxyacetyl fentanyl-d5,0,0.006054,0,
2191,Negative,Sufentanil-d5,0,0.004853,0,
2192,Negative,Flubromazolam-d4,0,0.005431,0,
2193,Negative,Meclizine,0,0.062799,0,
2194,Negative,Phenylpiperazine-HFBA Derivative,0,0.004646,0,
2195,Negative,Cyclopropyl fentanyl,0,0.04167,0,
2196,Negative,Fenofibrate,0,0.615547,0,
2197,Negative,.beta.-hydroxy Fentanyl,0,0.004861,0,
2198,Negative,para-Fluoro Cyclopentyl fentanyl,0,0.008057,0,
2199,Negative,cis-3-Methyl Thiofentanyl,0,0.005309,0,
2200,Negative,Oliceridine,0,0.005623,0,
2201,Negative,D8-THC isovalerate,0,0.037974,0,
2202,Negative,N-(1-Phenethyl-4-piperidyl)-N-phenethylpropanamide,0,0.009119,0,
2203,Negative,5-cyano Isotodesnitazene,0,0.004835,0,
2204,Negative,Phentermine HFBA Derivative,0,0.005544,0,
2205,Negative,25B-NBF,0,0.005471,0,
2206,Negative,AH 7959,0,0.008448,0,
2207,Negative,Canrenone,0,0.004803,0,
2208,Negative,para-Fluoro Valeryl fentanyl,0,0.005069,0,
2209,Negative,5-Methyl Etodesnitazene,0,0.007927,0,
2210,Negative,1cP-MiPLA,0,0.512044,0,
2211,Negative,(N-Phenyl-N-[1-(2-phenylethyl)-4-piperidinyl]propanethioamide),0,0.00734,0,
2212,Negative,Fentanyl Carbamate,0,0.016202,0,
2213,Negative,2-fluoro Viminol,0,0.941672,1,
2214,Negative,Carfentanil,0,0.013082,0,
2215,Negative,3'-Methoxy metodesnitazene,0,0.009129,0,
2216,Negative,Sufentanil,0,0.010935,0,
2217,Negative,ortho-Fluoroacetyl fentanyl,0,0.005915,0,
2218,Negative,ortho-methyl Phenyl fentanyl,0,0.004593,0,
2219,Negative,Cannabigerol dimethyl ether,0,0.016663,0,
2220,Negative,R-6890,0,0.004357,0,
2221,Negative,Methedrone-HFBA Derivative,0,0.004857,0,
2222,Negative,para-Fluorofentanyl,0,0.010383,0,
2223,Negative,Phenyl fentanyl,0,0.005004,0,
2224,Negative,3'-Methyl Fentanyl,0,0.004429,0,
2225,Negative,N-desethyl Isotonitazene-d7,0,0.840527,0,
2226,Negative,Fentanyl meta tolyl analog,0,0.004227,0,
2227,Negative,Heptanoyl fentanyl,0,0.005876,0,
2228,Negative,N-Pyrrolidino Etodesnitazene,0,0.006867,0,
2229,Negative,Ethoxyacetyl fentanyl,0,0.006277,0,
2230,Negative,Dextromoramide,0,0.468229,0,
2231,Negative,AL-NBF-imine,0,0.004598,0,
2232,Negative,Pseudoephedrine-HFBA Derivative,0,0.004375,0,
2233,Negative,Gidazepam,0,0.007739,0,
2234,Negative,Norpseudoephedrine TPC Derivative,0,0.005786,0,
2235,Negative,Isotodesnitazene,0,0.644518,0,
2236,Negative,meta-Methyl Furanyl fentanyl,0,0.02503,0,
2237,Negative,Pivaloyl fentanyl,0,0.005256,0,
2238,Negative,meta-Methylfentanyl,0,0.004738,0,
2239,Negative,.alpha.-Methyl Butyryl fentanyl,0,0.005332,0,
2240,Negative,para-Fluorobutyryl fentanyl,0,0.009922,0,
2241,Negative,para-chloro Acrylfentanyl,0,0.004974,0,
2242,Negative,para-Methyl Butyryl fentanyl,0,0.02929,0,
2243,Negative,N-Benzyl phenyl norfentanyl,0,0.00916,0,
2244,Negative,N-Benzyl para-fluoro Norfentanyl,0,0.004174,0,
2245,Negative,"N-((1R,2R)-2-(dimethylamino)cyclohexyl)-3,4-dichloro-N-methylbenzsulfonamide",0,0.005296,0,
2246,Negative,(R)-HHC methyl carbonate,0,0.008308,0,
2247,Negative,25D-NB4OMe Acetyl derivative,0,0.006254,0,
2248,Negative,Perampanel,0,0.528235,0,
2249,Negative,N-desethyl Metonitazene,0,0.053853,0,
2250,Negative,Cannabidivarin diacetate,0,0.007106,0,
2251,Negative,N-Pyrrolidino Etonitazene,0,0.004538,0,
2252,Negative,3-Furanyl fentanyl-d5,0,0.005471,0,
2253,Negative,Etizolam,0,0.006481,0,
2254,Negative,1'-Hydroxy Midazolam,0,0.064633,0,
2255,Negative,Eszopiclone,0,0.004522,0,
2256,Negative,para-Fluoroacetyl fentanyl,0,0.004519,0,
2257,Negative,2-Methylmethcatinone-HFBA Derivative,0,0.006669,0,
2258,Negative,trans-3-Methyl Thiofentanyl,0,0.008282,0,
2259,Negative,"2',3'-dimethoxy Fentanyl",0,0.004647,0,
2260,Negative,Trimethobenzamide,0,0.011454,0,
2261,Negative,5-Methyl metodesnitazene,0,0.006544,0,
2262,Negative,para-bromo 4-ANPP,0,0.004381,0,
2263,Negative,"N,N-dimethylamino 4'-hydroxy Nitazene",0,0.005407,0,
2264,Negative,Ethyleneoxynitazene,0,0.005247,0,
2265,Negative,4-Chloromethamphetamine HFBA derivative,0,0.715955,0,
2266,Negative,.beta.-Benzopinacolone,0,0.012806,0,
2267,Negative,Metonitazene-d3,0,0.006865,0,
2268,Negative,ortho-Methyl Cyclopropyl fentanyl,0,0.012369,0,
2269,Negative,Ocfentanil-d5,0,0.005208,0,
2270,Negative,ortho-Methylfentanyl,0,0.004637,0,
2271,Negative,Salvinorin B,0,0.004643,0,
2272,Negative,"2',6'-Dimethoxy Fentanyl",0,0.006754,0,
2273,Negative,iso-AL-LAD,0,0.274919,0,
2274,Negative,Pyrazolam,0,0.094701,0,
2275,Negative,(.+/-.)-cis-3-methyl Thiofentanyl,0,0.004395,0,
2276,Negative,Halazepam,0,0.051772,0,
2277,Negative,MDMA TPC Derivative,0,0.022943,0,
2278,Negative,3-hydroxy Phenazepam,0,0.007788,0,
2279,Negative,Phenylacetyl fentanyl,0,0.007867,0,
2280,Negative,Fentanyl-d5,0,0.005736,0,
2281,Negative,Clostebol Acetate,0,0.005099,0,
2282,Negative,Speciociliatine,0,0.033263,0,
2283,Negative,[2-propen-2-yl]-Delta8-THC,0,0.006717,0,
2284,Negative,4'-Fluorofentanyl,0,0.00483,0,
2285,Negative,ATM4 4-acetoxy analog,0,0.809795,0,
2286,Negative,N-Desethyl metonitazene,0,0.019348,0,
2287,Negative,"2',5'-Dimethoxyfentanyl",0,0.004374,0,
2288,Negative,Fentanyl propyl analog,0,0.004397,0,
2289,Negative,30C-NBOMe,0,0.00438,0,
2290,Negative,4-Fluoromethcathinone HFBA Derivative,0,0.005386,0,
2291,Negative,ortho-Methylfentanyl-d5,0,0.005867,0,
2292,Negative,3-Fluoromethcathinone HFBA Derivative,0,0.004443,0,
2293,Negative,ortho-fluoro Furanyl fentanyl 3-furancarboxamide,0,0.008726,0,
2294,Negative,6.alpha.-Naltrexol,0,0.004675,0,
2295,Negative,ortho-Methyl Acrylfentanyl,0,0.006559,0,
2296,Negative,N-benzyl meta-fluoro Norfentanyl,0,0.006599,0,
2297,Negative,Colchicine,0,0.005204,0,
2298,Negative,LSD TMS Derivative,0,0.008159,0,
2299,Negative,para-methoxy Acrylfentanyl,0,0.011955,0,
2300,Negative,meta-Fluoroisobutyryl fentanyl,0,0.004861,0,
2301,Negative,Trazodone,0,0.008893,0,
2302,Negative,meta-fluoro Furanyl fentanyl,0,0.004258,0,
2303,Negative,NNDEPITMA,0,0.378341,0,
2304,Negative,meta-Fluoro Valeryl fentanyl,0,0.005462,0,
2305,Negative,para-Hydroxy Butyryl fentanyl,0,0.030232,0,
2306,Negative,Ostarine,0,0.004971,0,
2307,Negative,para-methyl Furanyl fentanyl,0,0.0113,0,
2308,Negative,meta-Fluoroacetyl fentanyl,0,0.004113,0,
2309,Negative,Cannabinol Acetate,0,0.047804,0,
2310,Negative,Testosterone Isobutyrate,0,0.010446,0,
2311,Negative,Nifedipine,0,0.01466,0,
2312,Negative,25B-NBOMe,0,0.004593,0,
2313,Negative,"3', 4', 5'-Trimethoxycocaine",0,0.004912,0,
2314,Negative,ortho-Fluorofentanyl,0,0.004971,0,
2315,Negative,4-phenyl U-51754,0,0.006853,0,
2316,Negative,Atabrine,0,0.039945,0,
2317,Negative,meta-Methyl Methoxyacetyl fentanyl,0,0.009157,0,
2318,Negative,"N-((1R,2R)-2-(dimethylamino)cyclohexyl)-3,4-dichlorobenzsulfonamide",0,0.005486,0,
2319,Negative,Bromazolam-d5 (Not certified by NIST),0,0.027999,0,
2320,Negative,2'-Methyl Fentanyl,0,0.02905,0,
2321,Negative,Ethylbromazolam,0,0.008993,0,
2322,Negative,ALD-52,0,0.007161,0,
2323,Negative,para-Fluoro Tetrahydrofuran fentanyl,0,0.004556,0,
2324,Negative,Docosapentaenoic Acid methyl ester,0,0.004324,0,
2325,Negative,4-Benzyloxyindol-diisopropylglyoxylamide,0,0.029919,0,
2326,Negative,Acetylcodeine,0,0.004529,0,
2327,Negative,Phenethyl 4-ANPP,0,0.193896,0,
2328,Negative,Loratadine,0,0.027937,0,
2329,Negative,Clonazolam,0,0.004876,0,
2330,Negative,"N,N-Diethyl-2-(1-pentyl-1H-indol-3-yl)-4-thiazol-methanamine",0,0.125764,0,
2331,Negative,ortho-Methoxy-Butyryl fentanyl,0,0.008248,0,
2332,Negative,2F-Viminol,0,0.011536,0,
2333,Negative,25B-NBF-imine,0,0.008724,0,
2334,Negative,9(R)-Hexahydrocannabiphorol,0,0.08486,0,
2335,Negative,2-fluoro MT-45,0,0.005508,0,
2336,Negative,Famprofazone,0,0.00713,0,
2337,Negative,p-Fluorofentanyl,0,0.006996,0,
2338,Negative,Benzyl Carfentanil,0,0.01097,0,
2339,Negative,para-Fluorobutyryl fentanyl-d7,0,0.004194,0,
2340,Negative,Codeine TMS Derivative,0,0.004759,0,
2341,Negative,U-49900,0,0.004582,0,
2342,Negative,25T2-NB4OMe,0,0.009973,0,
2343,Negative,1P-MiPLA,0,0.409717,0,
2344,Negative,Valeryl fentanyl,0,0.068958,0,
2345,Negative,4'-methyl Fentanyl,0,0.004917,0,
2346,Negative,ortho-Fluoro Acrylfentanyl,0,0.00928,0,
2347,Negative,"2'-Fluoro, ortho-fluoro-cis-3-methyl Fentanyl",0,0.048229,0,
2348,Negative,Methacrylfentanyl,0,0.011037,0,
2349,Negative,Solifenacin,0,0.087789,0,
2350,Negative,Isovaleryl fentanyl,0,0.005677,0,
2351,Negative,Tioconazole,0,0.017644,0,
2352,Negative,"2'-fluoro, ortho-fluoro (.+/-.)-trans-3-methyl Fentanyl",0,0.028247,0,
2353,Negative,"4'-fluoro, ortho-fluoro (.+/-.)-cis-3-methyl Fentanyl",0,0.020436,0,
2354,Negative,"Di[1-(3,4-methylenedioxyphenyl)-2-propyl]methylamine",0,0.004573,0,
2355,Negative,Nabilone,0,0.055752,0,
2356,Negative,"2',5'-dimethoxy Fentanyl",0,0.004803,0,
2357,Negative,para-Methoxy-Butyrylfentanyl-d7 (Not Certified by NIST),0,0.051341,0,
2358,Negative,Nandrolone Cypionate,0,0.006449,0,
2359,Negative,"8,9-dihydro CBDP",0,0.800148,0,
2360,Negative,Griseofulvin-d3 (Not Certified by NIST),0,0.004521,0,
2361,Negative,25T-NBOMe,0,0.004549,0,
2362,Negative,.alpha.'-methoxy Fentanyl,0,0.00513,0,
2363,Negative,FIBF,0,0.010451,0,
2364,Negative,para-Fluorofentanyl-d5 (Not Certified by NIST),0,0.005905,0,
2365,Negative,Cannabidiolic Acid,0,0.228384,0,
2366,Negative,Pyrazolam-d7,0,0.005553,0,
2367,Negative,Dioctyl phthalate,0,0.004795,0,
2368,Negative,N-Pyrrolidino 4'-hydroxy Nitazene,0,0.005508,0,
2369,Negative,3'-fluoro ortho-Fluorofentanyl,0,0.004663,0,
2370,Negative,JW 618,0,0.878864,0,
2371,Negative,D6-Testosterone Enanthate,0,0.018164,0,
2372,Negative,a-methyl Butyryl fentanyl,0,0.006093,0,
2373,Negative,Anandamide,0,0.004202,0,
2374,Negative,4-Methyl Fentanyl,0,0.007844,0,
2375,Negative,AH 8507,0,0.005958,0,
2376,Negative,a'-methyl Butyryl fentanyl previously named (2-methyl) Butyryl fentanyl,0,0.006944,0,
2377,Negative,(.+/-.)-trans-3-methyl Thiofentanyl,0,0.006027,0,
2378,Negative,delta-9-Tetrahydrocannabinol-TMS,0,0.009928,0,
2379,Negative,para-methyl Methoxyacetyl fentanyl,0,0.0886,0,
2380,Negative,meta-Fluorobutyryl fentanyl,0,0.005308,0,
2381,Negative,Morphine mono-TMS derivative,0,0.004403,0,
2382,Negative,Quazepam,0,0.004655,0,
2383,Negative,Org 27759,0,0.199596,0,
2384,Negative,Cloniprazepam,0,0.004442,0,
2385,Negative,Ephedrine HFBA Derivative,0,0.004274,0,
2386,Negative,N-(3-ethylindole) Norfentanyl,0,0.004825,0,
2387,Negative,Docosatetraenylethanolamide,0,0.004589,0,
2388,Negative,"L-759,633",0,0.005648,0,
2389,Negative,.alpha.-Methylfentanyl,0,0.005261,0,
2390,Negative,Arachidonoyl ethanolamide (AEA),0,0.00578,0,
2391,Negative,Clonitazene,0,0.102372,0,
2392,Negative,ortho-methyl Acrylfentanyl,0,0.005079,0,
2393,Negative,N-Benzyl meta-fluoro Norfentanyl,0,0.004395,0,
2394,Negative,N-Pyrrolidino 5-Amino Protodesnitazene,0,0.242691,0,
2395,Negative,Testosterone Hemisuccinate,0,0.037805,0,
2396,Negative,Methamphetamine HFBA Derivative,0,0.004546,0,
2397,Negative,9(S)-Hexahydrocannabinol-C8,0,0.018031,0,
2398,Negative,Boldenone Benzoate,0,0.004161,0,
2399,Negative,Indapamide,0,0.007199,0,
2400,Negative,Trazodone-d6 (HCl),0,0.004949,0,
2401,Negative,para-fluoro Furanyl fentanyl,0,0.004248,0,
2402,Negative,Brotizolam,0,0.005016,0,
2403,Negative,D8-THCH Acetate,0,0.012223,0,
2404,Negative,para-fluoro Cyclopentyl fentanyl,0,0.005262,0,
2405,Negative,4-Phenyl U-51754,0,0.004649,0,
2406,Negative,Formebolone,0,0.009184,0,
2407,Negative,"2',3'-Dimethoxy Fentanyl",0,0.005362,0,
2408,Negative,Tetrahydrothiophene fentanyl,0,0.0047,0,
2409,Negative,2-Furanyl fentanyl,0,0.03247,0,
2410,Negative,Fenethylline,0,0.005831,0,
2411,Negative,Dromostanolone Propionate,0,0.034282,0,
2412,Negative,para-Methoxy Valeryl fentanyl,0,0.013725,0,
2413,Negative,ortho-methoxy-Butyryl fentanyl,0,0.025752,0,
2414,Negative,Sesquicannabigerol,0,0.152889,0,
2415,Negative,Pseudoephedrine bis-TBDMS Derivative,0,0.005291,0,
2416,Negative,ortho-methyl Furanyl fentanyl,0,0.020804,0,
2417,Negative,(.+/-.)-cis-3-methyl Fentanyl,0,0.012579,0,
2418,Negative,para-Methyl Tetrahydrofuran fentanyl,0,0.302538,0,
2419,Negative,"3',4'-dimethoxy Fentanyl",0,0.005093,0,
2420,Negative,"2'-Fluoro, ortho-fluoro-trans-3-methyl Fentanyl",0,0.085096,0,
2421,Negative,Dexamethasone,0,0.004939,0,
2422,Negative,N-acetyl-2C-I,0,0.05338,0,
2423,Negative,para-methyl Tetrahydrofuran fentanyl,0,0.073195,0,
2424,Negative,4-Fluorobutyrylfentanyl,0,0.005709,0,
2425,Negative,Methcathinone TPC Derivative,0,0.010484,0,
2426,Negative,para-Toluoyl fentanyl,0,0.014971,0,
2427,Negative,Trazodone-d6,0,0.004652,0,
2428,Negative,"cis-4,10,13,16-Docosatetraenoic Acid methyl ester",0,0.004165,0,
2429,Negative,9(R)-Hexahydrocannabinol Acetate,0,0.013503,0,
2430,Negative,delta-8-THC Acetate,0,0.011535,0,
2431,Negative,para-Methylfentanyl-d5,0,0.012676,0,
2432,Negative,Ephedrine-TPC Derivative,0,0.005689,0,
2433,Negative,Nandrolone TMS Derivative,0,0.0094,0,
2434,Negative,meta-fluoro Valeryl fentanyl,0,0.004881,0,
2435,Negative,Fentanyl meta methylphenyl analog,0,0.006752,0,
2436,Negative,Flurazepam,0,0.005296,0,
2437,Negative,"2',6'-dimethoxy Fentanyl",0,0.005358,0,
2438,Negative,nor-Mephedrone-HFBA Derivative,0,0.004385,0,
2439,Negative,Lysergic Acid TBDMS Derivative,0,0.106373,0,
2440,Negative,Butyryl fentanyl-d5,0,0.004625,0,
2441,Negative,ortho-fluoro Acrylfentanyl,0,0.004987,0,
2442,Negative,9(S)-Hexahydrocannabiphorol acetate,0,0.016419,0,
2443,Negative,Arachidonoyl Ethanolamide,0,0.004406,0,
2444,Negative,"3,4-CTMP Acetyl derivative",0,0.015832,0,
2445,Negative,Phenyl fentanyl-d5 (Not certified by NIST),0,0.007614,0,
2446,Negative,1(S)-Tetrahydrocannabidiphorol,0,0.073636,0,
2447,Negative,Clotrimazole,0,0.032978,0,
2448,Negative,4-Methoxypropylamphetamine PFP Derivative,0,0.004611,0,
2449,Negative,DDT,0,0.132347,0,
2450,Negative,"N-formyl-di[1-(3,4-methylenedioxyphenyl)-2-propyl]amine",0,0.053469,0,
2451,Negative,2C-T-NBOMe,0,0.004659,0,
2452,Negative,Furanyl fentanyl 3-furancarboxamide isomer-d5,0,0.004244,0,
2453,Negative,1(R)-Tetrahydrocannabidiphorol,0,0.070469,0,
2454,Negative,Haloperidol,0,0.004099,0,
2455,Negative,Cyclohexyl fentanyl,0,0.015509,0,
2456,Negative,3-Fluorofentanyl,0,0.007997,0,
2457,Negative,D8-iso-THC Acetate,0,0.08159,0,
2458,Negative,N-(1-phenethyl-4-piperidyl)-N-benzylpropanamide,0,0.007743,0,
2459,Negative,N-benzyl Furanyl norfentanyl,0,0.004123,0,
2460,Negative,.beta.-Hydroxythioacetylfentanyl,0,0.004827,0,
2461,Negative,Crotonyl fentanyl,0,0.008367,0,
2462,Negative,Cathine TPC derivative,0,0.029635,0,
2463,Negative,D9-THC-methylcarbonate,0,0.013802,0,
2464,Negative,Phenazepam-d4,0,0.004945,0,
2465,Negative,2'-methyl Fentanyl,0,0.010964,0,
2466,Negative,para-Methyl Acrylfentanyl,0,0.011229,0,
2467,Negative,Clidinium,0,0.004141,0,
2468,Negative,Furanyl fentanyl 3-furancarboxamide isomer,0,0.016174,0,
2469,Negative,Naltrexone-d3,0,0.004608,0,
2470,Negative,Anileridine,0,0.025564,0,
2471,Negative,para-Fluoro Furanyl fentanyl 3-furancarboxamide isomer,0,0.004134,0,
2472,Negative,Deschloro W-19,0,0.004182,0,
2473,Negative,Naltrexone-d4,0,0.004443,0,
2474,Negative,Flubromazolam,0,0.019794,0,
2475,Negative,"4'-Fluoro, ortho-fluoro-trans-3-methyl Fentanyl",0,0.038571,0,
2476,Negative,3'-methyl Fentanyl,0,0.004639,0,
2477,Negative,delta-9-THC Acetate,0,0.053278,0,
2478,Negative,para-Chlorofentanyl,0,0.004936,0,
2479,Negative,9(S)-Hexahydrocannabiphorol methyl ether,0,0.012826,0,
2480,Negative,1P-LSD,0,0.014641,0,
2481,Negative,N-benzyl para-fluoro Cyclopropyl norfentanyl,0,0.018139,0,
2482,Negative,Ambroxol,0,0.01764,0,
2483,Negative,6.beta.-Naltrexol-d3,0,0.004369,0,
2484,Negative,ortho-Methyl Furanyl fentanyl,0,0.015173,0,
2485,Negative,W-19-d4,0,0.004958,0,
2486,Negative,Acetyl fentanyl 4-methylphenethyl analog-d5,0,0.007056,0,
2487,Negative,Phenazolam,0,0.006218,0,
2488,Negative,Piminodine,0,0.009899,0,
2489,Negative,3'-methoxy Metodesnitazene,0,0.054781,0,
2490,Negative,Cyclopentyl fentanyl-d5,0,0.061024,0,
2491,Negative,(.+/-.)-11-nor-9-carboxy-delta 9-THC,0,0.005974,0,
2492,Negative,5-cyano Protodesnitazene,0,0.024402,0,
2493,Negative,Methenolone Acetate,0,0.005252,0,
2494,Negative,Methionitazene,0,0.005016,0,
2495,Negative,25N-NBOMe,0,0.004598,0,
2496,Negative,para-methyl Acrylfentanyl,0,0.011552,0,
2497,Negative,Trenbolone Enanthate,0,0.009754,0,
2498,Negative,para-Methyl Cyclopropyl fentanyl,0,0.031934,0,
2499,Negative,Metonitazene,0,0.005993,0,
2500,Negative,Donepezil,0,0.100768,0,
2501,Negative,Senecioylfentanyl,0,0.006203,0,
2502,Negative,1cP-LSD,0,0.877593,0,
2503,Negative,N-benzyl para-fluoro Norfentanyl,0,0.006725,0,
2504,Negative,Terazosin,0,0.080594,0,
2505,Negative,para-Fluoro Methoxyacetyl fentanyl,0,0.005395,0,
2506,Negative,"N,N-Dimethylamino Etonitazene",0,0.004991,0,
2507,Negative,Rilmazolam,0,0.006296,0,
2508,Negative,Tigloyl fentanyl,0,0.007493,0,
2509,Negative,Heroin RM,0,0.00457,0,
2510,Negative,.DELTA.8-THC Acetate,0,0.005772,0,
2511,Negative,meta-Fluorofentanyl,0,0.004721,0,
2512,Negative,O6-monoacetylmorphine TMS derivative,0,0.004554,0,
2513,Negative,D8-THC methyl carbonate,0,0.015803,0,
2514,Negative,W-15-d4,0,0.004361,0,
2515,Negative,Phenazepam,0,0.118466,0,
2516,Negative,N-Piperidinyl 4'-hydroxy Nitazene,0,0.004472,0,
2517,Negative,ortho-Fluorobutyryl fentanyl,0,0.005747,0,
2518,Negative,para-fluoro Cyclopropyl fentanyl,0,0.00566,0,
2519,Negative,meta-methyl Methoxyacetyl fentanyl,0,0.076234,0,
2520,Negative,Ethylene Nitazene,0,0.18168,0,
2521,Negative,Brucine,0,0.024849,0,
2522,Negative,para-fluoro Tetrahydrofuran fentanyl,0,0.005421,0,
2523,Negative,N-desethyl Protonitazene,0,0.007575,0,
2524,Negative,Etodesnitazene-d5,0,0.037113,0,
2525,Negative,Methoxyacetyl fentanyl,0,0.005941,0,
2526,Negative,3'-Fluorofentanyl,0,0.005636,0,
2527,Negative,ortho-fluoro Valeryl fentanyl,0,0.01684,0,
2528,Negative,Ocfentanil,0,0.005391,0,
2529,Negative,"4'-fluoro, para-fluoro (.+/-.)-cis-3-methyl Fentanyl",0,0.014485,0,
2530,Negative,N-Desethyl protonitazene,0,0.007061,0,
2531,Negative,para-Chloro Acrylfentanyl,0,0.005448,0,
2532,Negative,10(S)-hydroxy-9(R)-Hexahydrocannabihexol,0,0.005579,0,
2533,Negative,D9-THCB Acetate,0,0.037345,0,
2534,Negative,25P-NBOMe,0,0.090674,0,
2535,Negative,Delta9-THCH Acetate,0,0.908894,1,
2536,Negative,para-Chloro Cyclopropyl fentanyl,0,0.004615,0,
2537,Negative,2-Fluoromethamphetamine HFBA Derivative,0,0.004269,0,
2538,Negative,ortho-Fluoroisobutyryl fentanyl,0,0.011386,0,
2539,Negative,U-69593,0,0.005087,0,
2540,Negative,.beta.-Hydroxyfentanyl,0,0.005396,0,
2541,Negative,"3,4-Methylenedioxyamphetamine HFBA Derivative",0,0.008797,0,
2542,Negative,4'-Methyl acetyl fentanyl-d5,0,0.004531,0,
2543,Negative,para-fluoro Acrylfentanyl,0,0.006206,0,
2544,Negative,Docosahexaenoic Acid methyl ester,0,0.004018,0,
2545,Negative,Hydromorphone TMS derivative,0,0.004857,0,
2546,Negative,.beta.-Hydroxythiofentanyl,0,0.005546,0,
2547,Negative,para-fluoro Furanyl fentanyl 3-furancarboxamide isomer,0,0.004335,0,
2548,Negative,MT-45-d11 (hydrochloride),0,0.00484,0,
2549,Negative,Hexanoyl fentanyl,0,0.025969,0,
2550,Negative,para-chloro Cyclobutyl fentanyl,0,0.0074,0,
2551,Negative,"4'-Fluoro, para-fluoro-trans-3-methyl Fentanyl",0,0.125343,0,
2552,Negative,Bipiperidinyl 4-ANPP,0,0.027781,0,
2553,Negative,3-CAF,0,0.093274,0,
2554,Negative,Carmagerol,0,0.080312,0,
2555,Negative,Prednisolone (or breakdown product),0,0.00445,0,
2556,Negative,25T7-NBOMe,0,0.087985,0,
2557,Negative,D8-THC butyrate,0,0.013366,0,
2558,Negative,.alpha.'-methyl Butyryl fentanyl,0,0.019828,0,
2559,Negative,Cyclobutyl fentanyl,0,0.004671,0,
2560,Negative,Ketanserin,0,0.010173,0,
2561,Negative,para-fluoro Valeryl fentanyl,0,0.005524,0,
2562,Negative,Tetrahydrofuran fentanyl,0,0.192646,0,
2563,Negative,Fentanyl methylene homolog,0,0.017758,0,
2564,Negative,Fluadinazolam,0,0.025207,0,
2565,Negative,Doxapram,0,0.142096,0,
2566,Negative,para-methyl Isobutyryl fentanyl,0,0.004813,0,
2567,Negative,N-benzyl para-fluoro norfentanyl,0,0.004776,0,
2568,Negative,Norephedrine TPC Derivative,0,0.084044,0,
2569,Negative,Norcocaine TMS Derivative,0,0.00417,0,
2570,Negative,Paynantheine,0,0.009104,0,
2571,Negative,"SL-651,498",0,0.015149,0,
2572,Negative,Cathinone TPC derivative,0,0.029484,0,
2573,Negative,N-(MDA) Fentanyl,0,0.004844,0,
2574,Negative,PMMA-HFBA Derivative,0,0.004177,0,
2575,Negative,D9-THC Propionate,0,0.038392,0,
2576,Negative,"4'-Fluoro, ortho-fluoro-cis-3-methyl Fentanyl",0,0.027159,0,
2577,Negative,"3',5'-Dimethoxy Fentanyl",0,0.005867,0,
2578,Negative,Phenyl U-47700,0,0.005286,0,
2579,Negative,25B-NBOMe (exempt solution),0,0.012778,0,
2580,Negative,meta-Chlorofentanyl,0,0.007352,0,
2581,Negative,Testosterone Valerate,0,0.00454,0,
2582,Negative,"N,N-Dimethylamido-despropionyl fentanyl",0,0.004794,0,
2583,Negative,para-chloro Cyclopropyl fentanyl,0,0.006883,0,
2584,Negative,para-chloro Valeryl fentanyl,0,0.005609,0,
2585,Negative,Nandrolone Benzoate,0,0.011527,0,
2586,Negative,Zopiclone,0,0.004945,0,
2587,Negative,para-methoxy Acetyl fentanyl,0,0.004463,0,
2588,Negative,Delta9-THC Acetate,0,0.086489,0,
2589,Negative,para-methyl Butyryl fentanyl,0,0.027969,0,
2590,Negative,MT-45-d11,0,0.004675,0,
2591,Negative,N-desmethyl Rilmazolam,0,0.006561,0,
2592,Negative,Phenyl fentanyl-d5,0,0.004639,0,
2593,Negative,Ephedrine bis-TBDMS Derivative,0,0.004297,0,
2594,Negative,4'-hydroxy Nitazene,0,0.048572,0,
2595,Negative,3-Methylmethcathinone-HFBA Derivative,0,0.009421,0,
2596,Negative,Mitragynine,0,0.007024,0,
2597,Negative,meta-fluoro Acrylfentanyl,0,0.005039,0,
2598,Negative,Heroin-d9,0,0.004946,0,
2599,Negative,Psilocin di-TMS derivative,0,0.004954,0,
2600,Negative,CBDP,0,0.016097,0,
2601,Negative,ORG 28611,0,0.771719,0,
2602,Negative,"4'-fluoro, para-fluoro (.+/-.)-trans-3-methyl Fentanyl",0,0.905052,1,
2603,Negative,Mephedrone-HFBA Derivative,0,0.00635,0,
2604,Negative,Thiethylperazine,0,0.029241,0,
2605,Negative,para-fluoro Crotonyl fentanyl,0,0.012154,0,
2606,Negative,.beta.-methyl Fentanyl,0,0.004661,0,
2607,Negative,Felopidine,0,0.060196,0,
2608,Negative,o-Fluorofentanyl,0,0.005747,0,
2609,Negative,10(R)-hydroxy-9(S)-Hexahydrocannabiphorol,0,0.020852,0,
2610,Negative,Lysergic Acid TMS Derivative,0,0.012285,0,
2611,Negative,2C-D HFBA Derivative,0,0.11834,0,
2612,Negative,4-Fluoroisobutyryl fentanyl-d7 (Not Certified by NIST),0,0.003926,0,
2613,Negative,Cathine HFBA Derivative,0,0.00419,0,
2614,Negative,(.+/-.)-trans-3-methyl Fentanyl,0,0.010207,0,
2615,Negative,9(R)-Hexahydrocannabinol-C8,0,0.026507,0,
2616,Negative,10(R)-hydroxy-9(S)-Hexahydrocannabihexol,0,0.007029,0,
2617,Negative,Flurazepam-d10,0,0.009605,0,
2618,Negative,TRV-130,0,0.004112,0,
2619,Negative,25B-NB4OMe-imine,0,0.095959,0,
2620,Negative,iso-Hexahydrocannabinol acetate,0,0.01789,0,
2621,Negative,Glaucine,0,0.018206,0,
2622,Negative,Bisacodyl,0,0.007092,0,
2623,Negative,Tamoxifen,0,0.395757,0,
2624,Negative,9(R)-Hexahydrocannabinol-C9,0,0.689014,0,
2625,Negative,N-Desethyl Etonitazene,0,0.090876,0,
2626,Negative,MT-45,0,0.005253,0,
2627,Negative,Valeryl fentanyl-d5,0,0.005253,0,
2628,Negative,Methoxy U-47700,0,0.020726,0,
2629,Negative,Adinazolam,0,0.034341,0,
2630,Negative,ortho-methyl Cyclopropyl fentanyl,0,0.005595,0,
2631,Negative,"3'-fluoro, ortho-fluoro (.+/-.)-cis-3-methyl Fentanyl",0,0.011525,0,
2632,Negative,9(R)-Hexahydrocannabiphorol Acetate,0,0.618643,0,
2633,Negative,5-methyl Etodesnitazene,0,0.015366,0,
2634,Negative,1-(4-fluorobenzyl)piperazine-HFBA Derivative,0,0.159317,0,
2635,Negative,N-desethyl Etonitazene-d5,0,0.01621,0,
2636,Negative,l-Methamphetamine TPC derivative,0,0.004449,0,
2637,Negative,iso-Hexahydrocannabinol Acetate,0,0.015955,0,
2638,Negative,para-Fluoro Furanyl fentanyl,0,0.00461,0,
2639,Negative,B-Hydroxythiofentanyl-d5 (hydrochloride),0,0.004767,0,
2640,Negative,meta-Fluoro Methoxyacetyl fentanyl,0,0.005787,0,
2641,Negative,Isobutyryl fentanyl,0,0.0153,0,
2642,Negative,Thiophene fentanyl (previously Thiofuranyl fentanyl),0,0.006687,0,
2643,Negative,11-Nor-9-carboxy-delta 9-THC,0,0.004929,0,
2644,Negative,Propafenone,0,0.005589,0,
2645,Negative,.alpha.'-Methoxy Fentanyl,0,0.005959,0,
2646,Negative,Ethyl Loflazepate,0,0.021996,0,
2647,Negative,para-Chloro Methoxyacetyl fentanyl,0,0.008279,0,
2648,Negative,"2,4-Dimethyl-3,5-bis(3,4-methylenedioxyphenyl)tetrahydrofuran",0,0.007089,0,
2649,Negative,Bromazolam,0,0.00709,0,
2650,Negative,N-CBz Norfentanyl,0,0.043713,0,
2651,Negative,1P-ETH-LAD,0,0.062559,0,
2652,Negative,para-Fluoro Crotonyl fentanyl,0,0.057341,0,
2653,Negative,Brorphine,0,0.101917,0,
2654,Negative,Hydroxyzine,0,0.033876,0,
2655,Negative,ortho-Fluoro Furanyl fentanyl 3-furancarboxamide,0,0.795936,0,
2656,Negative,Mefloquine,0,0.851272,0,
2657,Negative,"4-Chloro-17.beta.-hydroxy-17-methylandrost-4-ene-3,11-dione",0,0.004144,0,
2658,Negative,25T2-NB4OMe-imine,0,0.011185,0,
2659,Negative,para-hydroxy Butyryl fentanyl,0,0.039122,0,
2660,Negative,.beta.-Methyl Fentanyl,0,0.006351,0,
2661,Negative,iso-Hexahydrocannabiphorol,0,0.049642,0,
2662,Negative,para-Chloroacetyl fentanyl,0,0.004803,0,
2663,Negative,"4'-Fluoro, para-fluoro-cis-3-methyl Fentanyl",0,0.032924,0,
2664,Negative,Heroin-d9 (Not certified by NIST),0,0.004431,0,
2665,Negative,Cannabiripsol,0,0.004432,0,
2666,Negative,Furanylfentanyl,0,0.004432,0,
2667,Negative,Lignoceric Acid,0,0.004938,0,
2668,Negative,Quetiapine,0,0.004888,0,
2669,Negative,Cyclohexyl fentanyl-d5,0,0.005738,0,
2670,Negative,3'-Fluoro ortho-Fluorofentanyl,0,0.004681,0,
2671,Negative,Cyclopropaneacetyl fentanyl,0,0.022191,0,
2672,Negative,Nitazene,0,0.004382,0,
2673,Negative,"Dimethyl-3,5-di-(3,4-methylenedioxy)phenylpyridine",0,0.235842,0,
2674,Negative,Laudanosine,0,0.012705,0,
2675,Negative,ortho-fluoro Furanyl fentanyl,0,0.004193,0,
2676,Negative,1'-hydroxy Midazolam,0,0.069094,0,
2677,Negative,Etizolam-d4,0,0.00447,0,
2678,Negative,Benzethidine,0,0.109481,0,
2679,Negative,25C-NBOMe Acetyl derivative,0,0.007356,0,
2680,Negative,Testosterone Propionate,0,0.008737,0,
2681,Negative,Bromazolam-d5,0,0.009744,0,
2682,Negative,Methandriol 3-Acetate,0,0.008662,0,
2683,Negative,.delta.-6-Testosterone Enanthate,0,0.007885,0,
2684,Negative,25E-NB-3-F Acetyl derivative,0,0.009463,0,
2685,Negative,Cannabidiol-C8,0,0.113685,0,
2686,Negative,W-19,0,0.005622,0,
2687,Negative,2'-fluoro ortho-Fluorofentanyl,0,0.00674,0,
2688,Negative,[2-propen-2-yl]-D9-THC,0,0.008061,0,
2689,Negative,Fentanyl para methylphenyl analog,0,0.005152,0,
2690,Negative,a-methyl Fentanyl,0,0.004346,0,
2691,Negative,FIBF-d7,0,0.004222,0,
2692,Negative,Hexacosane,0,0.004528,0,
2693,Negative,AL-NBF,0,0.004345,0,
2694,Negative,9(S)-Hexahydrocannabinol acetate,0,0.00692,0,
2695,Negative,25C-NB4OMe Acetyl derivative,0,0.020994,0,
2696,Negative,D8-THCB Acetate,0,0.005754,0,
2697,Negative,Fentanyl ortho tolyl analog,0,0.006204,0,
2698,Negative,Cortisone,0,0.018488,0,
2699,Negative,W-15,0,0.004258,0,
2700,Negative,Delta8-THC Acetate,0,0.009266,0,
2701,Negative,delta-9-THC-C8,0,0.005374,0,
2702,Negative,N-desethyl Isotonitazene,0,0.365734,0,
2703,Negative,Corticosterone,0,0.021723,0,
2704,Negative,para-methoxy Butyryl fentanyl previously name 4-methoxy-Butyryl fentanyl (hydrochloride),0,0.136908,0,
2705,Negative,N-Desethyl Isotonitazene,0,0.037544,0,
2706,Negative,25iP-NBOMe,0,0.008168,0,
2707,Negative,Remifentanil Acid,0,0.004344,0,
2708,Negative,(.+/-.)-cis-3-methyl Butyryl fentanyl (hydrochloride),0,0.159707,0,
2709,Negative,4-Methylethcathinone HFBA Derivative,0,0.03715,0,
2710,Negative,Propyl U-47700,0,0.005194,0,
2711,Negative,fentanyl-d5,0,0.00629,0,
2712,Negative,para-Fluorofentanyl-d5 (hydrochloride),0,0.004111,0,
2713,Negative,"Di[1-(3,4-methylenedioxyphenyl)-2-propyl]amine",0,0.004954,0,
2714,Negative,Remifentanil,0,0.004831,0,
2715,Negative,Pyridoxine tris-TMS derivative,0,0.225191,0,
2716,Negative,Bambuterol,0,0.010662,0,
2717,Negative,Phentermine TPC derivative,0,0.004299,0,
2718,Negative,7-keto Dehydroepiandrosterone Acetate,0,0.004513,0,
2719,Negative,25T2-NBOMe,0,0.009486,0,
2720,Negative,para-Chloro Cyclobutyl fentanyl,0,0.006131,0,
2721,Negative,1-demethyl Phenazolam,0,0.005085,0,
2722,Negative,Diheptyl phthalate,0,0.007401,0,
2723,Negative,Flunitazene,0,0.067678,0,
2724,Negative,para-Methoxyfentanyl,0,0.021098,0,
2725,Negative,BIM5078,0,0.004311,0,
2726,Negative,N-(6-APDB) Fentanyl,0,0.033468,0,
2727,Negative,"2'-fluoro, ortho-fluoro (.+/-.)-(cis)-3-methyl Fentanyl",0,0.010175,0,
2728,Negative,3-Methylfentanyl,0,0.012748,0,
2729,Negative,2'-Fluorofentanyl,0,0.004875,0,
2730,Negative,2-Chloroamphetamine HFBA derivative,0,0.00793,0,
2731,Negative,Testosterone Isocaproate,0,0.004611,0,
2732,Negative,Etonitazene,0,0.432367,0,
2733,Negative,para-Bromo 4-ANPP,0,0.025717,0,
2734,Negative,Mitraphylline,0,0.007916,0,
2735,Negative,Norephedrine bis-TBDMS Derivative,0,0.036735,0,
2736,Negative,para-Methoxy-Butyrylfentanyl,0,0.255992,0,
2737,Negative,di-coupled CBDP,0,0.126102,0,
2738,Negative,Cannabidiol-2TMS,0,0.566259,0,
2739,Negative,25E-NB-3-F TFA derivative,0,0.004186,0,
2740,Negative,Tianeptine,0,0.004987,0,
2741,Negative,N-pyrrolidino Fluetonitazene,0,0.004998,0,
2742,Negative,2C-E HFBA Derivative,0,0.004565,0,
2743,Negative,Testosterone Phenylpropionate,0,0.007345,0,
2744,Negative,Trifluorometonitazene,0,0.007059,0,
2745,Negative,N-Piperidinyl Isotonitazene,0,0.005319,0,
2746,Negative,Drostanolone Enanthate,0,0.00665,0,
2747,Negative,Vitamin E acetate,0,0.008077,0,
2748,Negative,Floctafenine,0,0.097627,0,
2749,Negative,Erythorbic Acid 4-TMS derivative,0,0.042189,0,
2750,Negative,Isotonitazene,0,0.006809,0,
2751,Negative,.beta.'-Phenyl fentanyl,0,0.010263,0,
2752,Negative,2-bromo LSD,0,0.093925,0,
2753,Negative,A-PONASA,0,0.059379,0,
2754,Negative,Dromostanolone Enanthate,0,0.010161,0,
2755,Negative,Perphenazine,0,0.333766,0,
2756,Negative,"3,4-Methylenedioxymethcathinone HFBA Derivative",0,0.047336,0,
2757,Negative,Rimonabant,0,0.109863,0,
2758,Negative,Fluocinolone Acetonide,0,0.049896,0,
2759,Negative,25I-NB-3-F-imine,0,0.023509,0,
2760,Negative,para-Methoxy Furanyl fentanyl,0,0.011215,0,
2761,Negative,Nefazodone,0,0.016288,0,
2762,Negative,Acetildenafil,0,0.022914,0,
2763,Negative,Lofentanil,0,0.051097,0,
2764,Negative,ortho-methoxy Furanyl fentanyl,0,0.170112,0,
2765,Negative,"3', 4', 5'-Trimethoxycinnamoylcocaine",0,0.004573,0,
2766,Negative,25T2-NB4OMe TFA derivative,0,0.004236,0,
2767,Negative,Testosterone Enanthate,0,0.009243,0,
2768,Negative,25I-NB-3-F Acetyl derivative,0,0.071931,0,
2769,Negative,JW 642,0,0.017132,0,
2770,Negative,Suvorexant,0,0.229933,0,
2771,Negative,PF-3845,0,0.066346,0,
2772,Negative,4-Methoxypropylamphetamine HFB Derivative,0,0.085246,0,
2773,Negative,2C-N HFBA Derivative,0,0.005119,0,
2774,Negative,25B-NBF TFA derivative,0,0.010912,0,
2775,Negative,DOB HFBA Derivative,0,0.004158,0,
2776,Negative,MCHB-1,0,0.407368,0,
2777,Negative,Thiothixene,0,0.011716,0,
2778,Negative,Verapamil,0,0.007744,0,
2779,Negative,2-Bromo-Lysergic Acid Diethylamide,0,0.755682,0,
2780,Negative,Trenbolone Hexahydrobenzylcarbonate,0,0.380756,0,
2781,Negative,N-Pyrrolidino Ethylene Protonitazene,0,0.004679,0,
2782,Negative,2C-T-4 HFBA Derivative,0,0.005229,0,
2783,Negative,N-(2C-iP) Fentanyl,0,0.006903,0,
2784,Negative,Nandrolone Decanoate,0,0.018133,0,
2785,Negative,25I-NB-3-F,0,0.012264,0,
2786,Negative,N-Piperidinyl Etonitazene,0,0.006827,0,
2787,Negative,W-18,0,0.007698,0,
2788,Negative,25I-NBF-imine,0,0.067395,0,
2789,Negative,Alfentanil,0,0.043403,0,
2790,Negative,N-Desmethylloperamide,0,0.004456,0,
2791,Negative,Salvinorin A,0,0.014601,0,
2792,Negative,beta'-Phenyl fentanyl,0,0.007535,0,
2793,Negative,Clindamycin,0,0.004554,0,
2794,Negative,25T2-NB4OMe Acetyl derivative,0,0.009421,0,
2795,Negative,4-DAMP,0,0.004922,0,
2796,Negative,Norverapamil,0,0.040267,0,
2797,Negative,para-Bromofentanyl,0,0.008744,0,
2798,Negative,2C-P-NBOMe-TFA,0,0.004958,0,
2799,Negative,1-Testosterone Cypionate,0,0.015156,0,
2800,Negative,para-Chloro Cyclopentyl fentanyl,0,0.022351,0,
2801,Negative,Tianeptine methyl ester,0,0.017772,0,
2802,Negative,"2,2,3,3-tetramethyl-Cyclopropyl fentanyl",0,0.099995,0,
2803,Negative,a'-methyl Etonitazene,0,0.005824,0,
2804,Negative,1S-LSD,0,0.36693,0,
2805,Negative,25C-NBOH-2TMS,0,0.008512,0,
2806,Negative,IMMA,0,0.011988,0,
2807,Negative,Bromadol,0,0.005059,0,
2808,Negative,BAY 59-3074,0,0.680758,0,
2809,Negative,para-Chloro Furanyl fentanyl 3-furancarboxamide,0,0.052176,0,
2810,Negative,Eplerenone,0,0.0051,0,
2811,Negative,"2,2,3,3-Tetramethyl-Cyclopropyl fentanyl-d5 (Not certified by NIST)",0,0.010622,0,
2812,Negative,N-(2C-E) Fentanyl,0,0.007304,0,
2813,Negative,para-chloro Cyclopentyl fentanyl,0,0.254968,0,
2814,Negative,N-(DOM) Fentanyl,0,0.010606,0,
2815,Negative,25I-NBMD,0,0.007052,0,
2816,Negative,N-(2C-D) Fentanyl,0,0.004652,0,
2817,Negative,7-hydroxy Mitragynine-d3,0,0.006792,0,
2818,Negative,Lysergic acid di-TMS derivative,0,0.790335,0,
2819,Negative,Pivoxazepam-TMS,0,0.115349,0,
2820,Negative,Morphine di-TMS derivative,0,0.739156,0,
2821,Negative,N-(2C-B) Fentanyl,0,0.005435,0,
2822,Negative,25I-NB3OMe,0,0.024407,0,
2823,Negative,25D-NB4OMe TFA derivative,0,0.010235,0,
2824,Negative,N-(2C-C) Fentanyl,0,0.004111,0,
2825,Negative,GBR 12909,0,0.00731,0,
2826,Negative,Nicomorphine,0,0.398011,0,
2827,Negative,Testosterone Cypionate,0,0.004313,0,
2828,Negative,N-Propionitrile Chlorphine,0,0.018968,0,
2829,Negative,para-methoxy Furanyl fentanyl,0,0.013322,0,
2830,Negative,N-(2C-T) Fentanyl,0,0.005356,0,
2831,Negative,Methylprednisolone Acetate,0,0.008005,0,
2832,Negative,Ziprasidone,0,0.005287,0,
2833,Negative,Nandrolone Laurate,0,0.007604,0,
2834,Negative,"2,2,3,3-Tetramethyl-Cyclopropyl fentanyl",0,0.004958,0,
2835,Negative,2C-T-2 HFBA Derivative,0,0.006758,0,
2836,Negative,(.+/-.)-.alpha.-Tocopherol,0,0.212597,0,
2837,Negative,N-(DOC) Fentanyl,0,0.025142,0,
2838,Negative,Testosterone Decanoate,0,0.006168,0,
2839,Negative,25I-NBOMe imine analog,0,0.061643,0,
2840,Negative,"N-(3,4,5-TMA) Fentanyl",0,0.026798,0,
2841,Negative,Pentylone-HFBA Derivative,0,0.930546,1,
2842,Negative,Ethylene Etonitazene,0,0.00623,0,
2843,Negative,5-Trifluoromethyl Isotonitazene,0,0.024466,0,
2844,Negative,Carvedilol,0,0.005157,0,
2845,Negative,Butylone HFBA Derivative,0,0.385011,0,
2846,Negative,N-(2C-G) Fentanyl,0,0.005435,0,
2847,Negative,Ethylone-HFBA Derivative,0,0.066617,0,
2848,Negative,Etonitazene-d5,0,0.008644,0,
2849,Negative,DOC-HFBA Derivative,0,0.004649,0,
2850,Negative,7-hydroxy Speciogynine,0,0.007697,0,
2851,Negative,meta-Methoxy Furanyl fentanyl,0,0.011324,0,
2852,Negative,Amlodipine,0,0.009141,0,
2853,Negative,Ascobic Acid TMS derivative,0,0.161908,0,
2854,Negative,meta-methoxy Furanyl fentanyl,0,0.005655,0,
2855,Negative,Diphenoxylate,0,0.07589,0,
2856,Negative,25I-NBOMe metabolite,0,0.006494,0,
2857,Negative,Diundecyl phthalate,0,0.004306,0,
2858,Negative,Cannabigerol diacetate,0,0.159365,0,
2859,Negative,25I-NBOMe 3-methoxy isomer,0,0.017982,0,
2860,Negative,N-(DOBU) Fentanyl,0,0.02847,0,
2861,Negative,cis-Bromadol,0,0.004312,0,
2862,Negative,(.+/-.)-.alpha.-Tocopherol Acetate,0,0.696044,0,
2863,Negative,4-Phenyl fentanyl,0,0.00457,0,
2864,Negative,Benzodioxole fentanyl-d5 (Not certified by NIST),0,0.004619,0,
2865,Negative,"2,3-Benzodioxole fentanyl",0,0.028128,0,
2866,Negative,25C-NB4OMe TFA derivative,0,0.004397,0,
2867,Negative,Methandriol Dipropionate,0,0.006348,0,
2868,Negative,"3,4-CTMP HFBA derivative",0,0.041038,0,
2869,Negative,2C-B HFBA Derivative,0,0.005262,0,
2870,Negative,Furosemide TMS Derivative,0,0.873746,0,
2871,Negative,Nandrolone Phenylpropionate,0,0.006108,0,
2872,Negative,N-Pyrrolidino Isotonitazene,0,0.004473,0,
2873,Negative,25B-NBF Acetyl derivative,0,0.090893,0,
2874,Negative,Pagoclone,0,0.101175,0,
2875,Negative,"5,6-dichloro Brorphine",0,0.344754,0,
2876,Negative,LH 21,0,0.084128,0,
2877,Negative,Fluetonitazene,0,0.004863,0,
2878,Negative,Chlortetracycline,0,0.20832,0,
2879,Negative,25B-N(BOMe)2,0,0.006841,0,
2880,Negative,Protonitazene,0,0.005529,0,
2881,Negative,2C-C HFBA Derivative,0,0.003966,0,
2882,Negative,Cinazepam,0,0.01037,0,
2883,Negative,25T2-NBOMe-TFA,0,0.004391,0,
2884,Negative,Isotonitazene uncyclized intermediate,0,0.005485,0,
2885,Negative,ortho-Methoxy Furanyl fentanyl,0,0.020229,0,
2886,Negative,N-Acetyl 25I-NBOMe,0,0.02312,0,
2887,Negative,N-Piperidinyl Protonitazene,0,0.005315,0,
2888,Negative,Cariprazine,0,0.010233,0,
2889,Negative,2C-T-7 HFBA Derivative,0,0.007846,0,
2890,Negative,Cisapride,0,0.445199,0,
2891,Negative,N-(2C-TFM) Fentanyl,0,0.006769,0,
2892,Negative,Triamcinolone Acetonide,0,0.004935,0,
2893,Negative,25T7-NBOMe-TFA,0,0.024381,0,
2894,Negative,Iodorphine,0,0.096811,0,
2895,Negative,para-fluoro Phenethyl 4-ANPP,0,0.009163,0,
2896,Negative,4-Fluoro-Phenethyl-4-ANPP,0,0.014406,0,
2897,Negative,Spirobrorphine,0,0.029144,0,
2898,Negative,25T4-NBOMe-TFA,0,0.006018,0,
2899,Negative,Boldenone Cypionate,0,0.004901,0,
2900,Negative,para-chloro Furanyl fentanyl 3-furancarboxamide,0,0.023518,0,
2901,Negative,Cabergoline,0,0.047363,0,
2902,Negative,"2,3 Pentylone-HFBA Derivative",0,0.131088,0,
2903,Negative,N-Desmethyl-Ioperamide,0,0.00431,0,
2904,Negative,N-Pyrrolidino Butonitazene,0,0.005322,0,
2905,Negative,Norbuprenorphine,0,0.004453,0,
2906,Negative,N-(2C-P) Fentanyl,0,0.005052,0,
2907,Negative,Clomiphene,0,0.008889,0,
2908,Negative,N-(2C-T-2) Fentanyl,0,0.189772,0,
2909,Negative,Noscapine,0,0.023198,0,
2910,Negative,BTMPS,0,0.00486,0,
2911,Negative,Glipizide,0,0.007827,0,
2912,Negative,2-Fluoro QMPSB,0,0.045123,0,
2913,Negative,Benzodioxole fentanyl-d5,0,0.021953,0,
2914,Negative,1-ethyl-Pyrrolidinylmethyl N-desalkyl Etonitazene,0,0.005354,0,
2915,Negative,1V-LSD,0,0.73871,0,
2916,Negative,Isotonitazene Uncyclized Intermediate,0,0.00562,0,
2917,Negative,Tolvaptan,0,0.038753,0,
2918,Negative,25I-NBOMe 4-methoxy isomer,0,0.006576,0,
2919,Negative,W-18-d4,0,0.011415,0,
2920,Negative,Diosgenin,0,0.007898,0,
2921,Negative,"3', 4', 5'-Trimethoxycocaethylene",0,0.004875,0,
2922,Negative,Diltiazem,0,0.005438,0,
2923,Negative,sec-Butonitazene,0,0.00431,0,
2924,Negative,Phenoxyacetyl fentanyl,0,0.006085,0,
2925,Negative,Etonitazene N-oxide,0,0.006151,0,
2926,Negative,para-Bromofentanyl (Not Certified by NIST),0,0.011833,0,
2927,Negative,N-(DOET) Fentanyl,0,0.007014,0,
2928,Negative,SER-601,0,0.815032,0,
2929,Negative,Heliomethylamine-HFBA Derivative,0,0.0084,0,
2930,Negative,Vitamin E,0,0.21775,0,
2931,Negative,N-(2C-B-fly) Fentanyl,0,0.004593,0,
2932,Negative,25I-NBF,0,0.004702,0,
2933,Negative,Boldenone Undecylenate,0,0.110137,0,
2934,Negative,iso-Butonitazene,0,0.006639,0,
2935,Negative,"Artifact of degradation of CRL-40,941",0,0.004783,0,
2936,Negative,Andarine,0,0.09764,0,
2937,Negative,Didecyl phthalate,0,0.004208,0,
2938,Negative,Terfenadine,0,0.166356,0,
2939,Negative,25B-NBOMe Acetyl derivative,0,0.009869,0,
2940,Negative,N-(2C-N) Fentanyl,0,0.00942,0,
2941,Negative,Brorphine-d7,0,0.109657,0,
2942,Negative,SR 17018,0,0.577197,0,
2943,Negative,"2,2,3,3-tetramethyl-Cyclopropyl fentanyl-d5",0,0.061846,0,
2944,Negative,25I-NB4OMe,0,0.04506,0,
2945,Negative,JZL195,0,0.025589,0,
2946,Negative,TFMPP HFBA Derivative,0,0.064694,0,
2947,Negative,Allonitazene,0,0.125112,0,
2948,Negative,Loperamide,0,0.004096,0,
2949,Negative,Sildenafil,0,0.124295,0,
2950,Negative,Fluphenazine,0,0.340454,0,
2951,Negative,Ethoxyetonitazene,0,0.005658,0,
2952,Negative,7-hydroxy Mitragynine,0,0.022677,0,
2953,Negative,Mitragynine-d3,0,0.007111,0,
2954,Negative,Methenolone Enanthate,0,0.041786,0,
2955,Negative,Nicardipine,0,0.004907,0,
2956,Negative,Flecainide,0,0.004761,0,
2957,Negative,25B-NB4OMe Acetyl derivative,0,0.010474,0,
2958,Negative,2-fluoro QMPSB,0,0.007982,0,
2959,Negative,Remimazolam,0,0.019853,0,
2960,Negative,"1-(Cyclohexylmethyl)-2-[(4-ethoxyphenyl)methyl]-N,N-diethyl-1H-benzimidazol-5-carboxamide",0,0.230154,0,
2961,Negative,Narceine,0,0.005149,0,
2962,Negative,Simvastatin,0,0.005753,0,
2963,Negative,Org 27569,0,0.046889,0,
2964,Negative,25I-NBOMe,0,0.008161,0,
2965,Negative,N-(2C-T-7) Fentanyl,0,0.005738,0,
2966,Negative,N-acetyl W-19,0,0.005529,0,
2967,Negative,N-Pyrrolidino Ethylene Isotonitazene,0,0.005365,0,
2968,Negative,Testosterone Undecanoate,0,0.007403,0,
2969,Negative,para-Chloro Furanyl fentanyl,0,0.031896,0,
2970,Negative,Dinonyl phthalate,0,0.005384,0,
2971,Negative,ortho-isopropyl Furanyl fentanyl,0,0.006763,0,
2972,Negative,Benzodioxole fentanyl,0,0.004002,0,
2973,Negative,Campesterol,0,0.008101,0,
2974,Negative,Oxytetracycline,0,0.299942,0,
2975,Negative,Trifluoperazine,0,0.169013,0,
2976,Negative,para-chloro Furanyl fentanyl,0,0.009525,0,
2977,Negative,Protonitazene-d7,0,0.00458,0,
2978,Negative,Pentafluoro furanyl fentanyl isomer 1,0,0.025893,0,
2979,Negative,"N-(2,5-DMA) Fentanyl",0,0.008835,0,
2980,Negative,JZL 195,0,0.013737,0,
2981,Negative,para-methoxy Tetrahydrofuran fentanyl,0,0.005825,0,
2982,Negative,25I-NBOMe imine,0,0.020787,0,
2983,Negative,6.alpha.-Naloxol,0,0.004252,0,
2984,Negative,7-Aminoflunitrazepam,0,0.004219,0,
2985,Negative,CF3-Etomidate,0,0.005199,0,
2986,Negative,10.alpha.-hydroxy-exo-THC,0,0.004647,0,
2987,Negative,11-hydroxy-9(R)-Hexahydrocannabinol,0,0.007136,0,
2988,Negative,10(S)-hydroxy-9(R)-Hexahydrocannabinol,0,0.004359,0,
2989,Negative,"3',4'-trimethylene-alpha-Pyrrolidinohexanophenone",0,0.008133,0,
2990,Negative,"3,4-difluoro U-50488",0,0.006145,0,
2991,Negative,8.alpha.-Hydroxy-delta-9-THC,0,0.00443,0,
2992,Negative,N-Desmethylflunitrazepam-d4,0,0.004071,0,
2993,Negative,"3,4-Difluoro Isopropyl U-47700",0,0.008078,0,
2994,Negative,NDTDI,0,0.004467,0,
2995,Negative,8a-hydroxy-Delta9-THC,0,0.004389,0,
2996,Negative,U-48520,0,0.00482,0,
2997,Negative,TH-PVP,0,0.004361,0,
2998,Negative,Furanylethyl fentanyl,0,0.007178,0,
2999,Negative,ortho-methyl 4-Anilino-1-Boc-piperidine,0,0.004548,0,
3000,Negative,4'-fluoro Diazepam,0,0.004566,0,
3001,Negative,"N,N-didesmethyl U-47700",0,0.98993,1,
3002,Negative,4'-hydroxy Desnitazene,0,0.004989,0,
3003,Negative,Linoleic Acid,0,0.004779,0,
3004,Negative,Oxazolam,0,0.009388,0,
3005,Negative,Benzoylecgonine,0,0.00702,0,
3006,Negative,LSM-775,0,0.00852,0,
3007,Negative,Testosterone,0,0.004038,0,
3008,Negative,4-AcO-DALT,0,0.004572,0,
3009,Negative,D4-iso-THC,0,0.006843,0,
3010,Negative,"3,4-Dichloro-N-cyclohexyl Methcathinone",0,0.004701,0,
3011,Negative,Pentazocine,0,0.004263,0,
3012,Negative,Flualprazolam,0,0.004441,0,
3013,Negative,CBGM,0,0.023646,0,
3014,Negative,Dehydrochloromethyl Testosterone,0,0.004139,0,
3015,Negative,Fentanyl,0,0.008052,0,
3016,Negative,Methadone,0,0.032269,0,
3017,Negative,Tetrahydrocannabivarin Acetate,0,0.00582,0,
3018,Negative,Norgestrel,0,0.006454,0,
3019,Negative,Efavirenz,0,0.004042,0,
3020,Negative,Naphyrone,0,0.004658,0,
3021,Negative,Norfluoxetine,0,0.004404,0,
3022,Negative,Fludiazepam-d4,0,0.004263,0,
3023,Negative,Nalorphine,0,0.005041,0,
3024,Negative,8-Aminoclonazolam-d4,0,0.00719,0,
3025,Negative,7-Aminoflunitrazepam-d7,0,0.004608,0,
3026,Negative,(.+/-.)-Methadone-d3,0,0.117144,0,
3027,Negative,"3,4-Difluoro U-47700",0,0.005445,0,
3028,Negative,11-hydroxy Cannabinol,0,0.033749,0,
3029,Negative,Delorazepam,0,0.01161,0,
3030,Negative,"3,4-Methylenedioxy-PV9",0,0.004495,0,
3031,Negative,MDbenzylMDMA,0,0.004147,0,
3032,Negative,9(R)-Hexahydrocannabivarin,0,0.005762,0,
3033,Negative,Naphyrone (exempt preparation),0,0.005188,0,
3034,Negative,Nordifludiazepam,0,0.004075,0,
3035,Negative,Estriol,0,0.008624,0,
3036,Negative,Hydrocodone,0,0.004512,0,
3037,Negative,Danazol,0,0.004198,0,
3038,Negative,MDAI di-TMS Derivative,0,0.025105,0,
3039,Negative,(.+/-.)-cis-Isofentanyl,0,0.005197,0,
3040,Negative,Loxapine,0,0.008469,0,
3041,Negative,Metizolam,0,0.004406,0,
3042,Negative,Desmethylsertraline,0,0.00478,0,
3043,Negative,6.beta.-Oxycodol,0,0.00425,0,
3044,Negative,Bromo-DragonFLY,0,0.006816,0,
3045,Negative,Ergonovine,0,0.014439,0,
3046,Negative,Alprazolam,0,0.005095,0,
3047,Negative,Ibogaine,0,0.004768,0,
3048,Negative,"3,4-Methylenedioxy-.alpha.-Pyrrolidinoisohexanophenone",0,0.004033,0,
3049,Negative,Praziquantel,0,0.006319,0,
3050,Negative,Dehydrocannabifuran (Dehydro-CBF),0,0.063824,0,
3051,Negative,Myclobutanil,0,0.007462,0,
3052,Negative,"4-Benzyloxy-N,N-dimethyltryptamine",0,0.008656,0,
3053,Negative,gamma-Linolenic Acid methyl ester,0,0.004047,0,
3054,Negative,"1(R),2(S)-epoxy Cannabidiol",0,0.004476,0,
3055,Negative,Despropionyl Carefentanil,0,0.069437,0,
3056,Negative,Rofecoxib,0,0.011606,0,
3057,Negative,Reboxetine,0,0.00408,0,
3058,Negative,Chlordiazepoxide,0,0.004843,0,
3059,Negative,Diclazepam,0,0.007794,0,
3060,Negative,Cannabicitran,0,0.169684,0,
3061,Negative,Bupivacaine,0,0.006236,0,
3062,Negative,4-methoxy PV8,0,0.004737,0,
3063,Negative,Fentanyl propyl acetyl analog,0,0.005027,0,
3064,Negative,"4-bromo-2,5-DMMA",0,0.005132,0,
3065,Negative,Fentanyl ortho methylphenyl acetyl analog,0,0.005437,0,
3066,Negative,2-Bromo Deschloroketamine,0,0.011288,0,
3067,Negative,2-Amino-5-bromo-2'-fluorobenzophenone,0,0.004585,0,
3068,Negative,Cannabigerorcinic Acid,0,0.00542,0,
3069,Negative,Phenylbutazone,0,0.083685,0,
3070,Negative,.DELTA.9-THCH,0,0.006978,0,
3071,Negative,4-Acetoxyindol-3-diisopropylglyoxylamide,0,0.004695,0,
3072,Negative,4-Anilino-N-phenethylpiperidine,0,0.007957,0,
3073,Negative,.delta.9-THC-d9 (Not Certified by NIST),0,0.005581,0,
3074,Negative,"Isosafrole glycol, diacetyl",0,0.004562,0,
3075,Negative,Dyclonine (or breakdown product),0,0.004648,0,
3076,Negative,N-Ethylnorpentedrone TFA derivative,0,0.00433,0,
3077,Negative,para-methyl AP-237,0,0.011422,0,
3078,Negative,3-(4-Chloro-2-methylphenyl)-2-methyl-4(3H)quinazolinone,0,0.148965,0,
3079,Negative,Piperidylthiambutene,0,0.011723,0,
3080,Negative,N-ethyl Nitrazepam,0,0.013183,0,
3081,Negative,Nandrolone Acetate,0,0.00484,0,
3082,Negative,Aminopromazine,0,0.005968,0,
3083,Negative,delta-8-THCB,0,0.010376,0,
3084,Negative,DOI,0,0.011523,0,
3085,Negative,Geranylgeranyl Alcohol,0,0.004317,0,
3086,Negative,ortho-methyl Acetyl fentanyl,0,0.004203,0,
3087,Negative,"3,4-Difluoro U-51754",0,0.014359,0,
3088,Negative,"(6aR,9R)-delta10-THC",0,0.008275,0,
3089,Negative,25C-NBOMe,0,0.329687,0,
3090,Negative,Oxymorphone,0,0.004647,0,
3091,Negative,Norpropoxyphene,0,0.004289,0,
3092,Negative,17.alpha.-methyl-.delta.-1-dihydrotestosterone,0,0.017169,0,
3093,Negative,11-Ketotestosterone,0,0.004381,0,
3094,Negative,"3,4-Dichloro-.alpha.-Pyrrolidinoisohexanophenone",0,0.010944,0,
3095,Negative,2-Methyl AP-237,0,0.028727,0,
3096,Negative,8a-hydroxy-exo-THC,0,0.004963,0,
3097,Negative,Meclonazepam,0,0.004261,0,
3098,Negative,10.alpha.-hydroxy-.DELTA.8-THC,0,0.005713,0,
3099,Negative,Norcodeine,0,0.00448,0,
3100,Negative,10.alpha.-Hydroxy-exo-THC,0,0.004211,0,
3101,Negative,Strychnine,0,0.004566,0,
3102,Negative,"6',7'-epoxy Cannabigerol",0,0.192132,0,
3103,Negative,AH 7921,0,0.00499,0,
3104,Negative,Trestolone Acetate,0,0.005383,0,
3105,Negative,9(S)-Hexahydrocannabinol-d9,0,0.005066,0,
3106,Negative,1(S)-Tetrahydrocannabidiol,0,0.019519,0,
3107,Negative,"8,9-Dihydrocannabidiol",0,0.037798,0,
3108,Negative,Hydromorphone,0,0.004507,0,
3109,Negative,Etodolac,0,0.013053,0,
3110,Negative,Mesterolone,0,0.004445,0,
3111,Negative,9(R)-Hexahydrocannabinol methyl ether,0,0.005797,0,
3112,Negative,Ethylestrenol,0,0.004818,0,
3113,Negative,Piperine,0,0.006071,0,
3114,Negative,4'-chloro Deschloroalprazolam,0,0.005195,0,
3115,Negative,(.+/-.)-11-hydroxy-delta9-THC,0,0.04672,0,
3116,Negative,Bromantane,0,0.058909,0,
3117,Negative,Cyproheptadine,0,0.005911,0,
3118,Negative,Imipramine,0,0.005687,0,
3119,Negative,Dihomo-.gamma.-Linolenic Acid methyl ester,0,0.00404,0,
3120,Negative,Norcocaethylene,0,0.005214,0,
3121,Negative,trans-Cinnamoylcocaine,0,0.004408,0,
3122,Negative,N-Phenylacetyl-L-prolylglycine ethyl ester,0,0.061867,0,
3123,Negative,JB-336,0,0.004631,0,
3124,Negative,Malathion,0,0.007956,0,
3125,Negative,11-Hydroxy-9(S)-Hexahydrocannabinol,0,0.004515,0,
3126,Negative,"3,4-dimethoxy-alpha-Pyrrolidinopentiophenone",0,0.00513,0,
3127,Negative,N-Propionyl para-fluoro norfentanyl,0,0.005413,0,
3128,Negative,Stanozolol,0,0.046851,0,
3129,Negative,2-Hydroxyethylflurazepam-d4 (Not certified by NIST),0,0.004245,0,
3130,Negative,Valdecoxib,0,0.148602,0,
3131,Negative,CBDB,0,0.063563,0,
3132,Negative,5.alpha.-Dihydro-11-keto Testosterone,0,0.004128,0,
3133,Negative,Temazepam,0,0.00767,0,
3134,Negative,Clioquinol,0,0.004082,0,
3135,Negative,iso-Hexahydrocannabinol,0,0.016546,0,
3136,Negative,25G-NBOMe,0,0.00561,0,
3137,Negative,"3,4-difluoro Isopropyl U-47700",0,0.005979,0,
3138,Negative,Letrozole,0,0.007183,0,
3139,Negative,Flavokawain B,0,0.004697,0,
3140,Negative,Bromodiphenhydramine,0,0.005295,0,
3141,Negative,25C-NB3OMe,0,0.00454,0,
3142,Negative,10(S)-Hydroxy-9(R)-hexahydrocannabinol,0,0.005386,0,
3143,Negative,GTS-21,0,0.00518,0,
3144,Negative,Acetyl-.alpha.-methyl fentanyl,0,0.005892,0,
3145,Negative,"3',4'-tetramethylene-a-Pyrrolidinobutiophenone",0,0.005483,0,
3146,Negative,1-Benzyl-4-phenyl-4-(propionyloxy)piperidine,0,0.011634,0,
3147,Negative,Dihydrocodeine,0,0.004654,0,
3148,Negative,Lorazepam,0,0.034577,0,
3149,Negative,d-Propoxyphene,0,0.016462,0,
3150,Negative,Fentanyl Methyl Carbamate,0,0.00414,0,
3151,Negative,Fluconazole,0,0.009425,0,
3152,Negative,Cannabidiol-d9,0,0.077061,0,
3153,Negative,2-hydroxyethylflurazepam,0,0.004222,0,
3154,Negative,Proparacaine,0,0.017986,0,
3155,Negative,(.+/-.)-9Beta-hydroxy Hexahydrocannabinol,0,0.005713,0,
3156,Negative,Androstanediol-3-acetate,0,0.004115,0,
3157,Negative,Dothiepin,0,0.004902,0,
3158,Negative,Methadone-d9 (Not certified by NIST),0,0.010772,0,
3159,Negative,Despropionyl-2-fluorofentanyl,0,0.006182,0,
3160,Negative,Escitalopram,0,0.01279,0,
3161,Negative,exo-THCV methyl ether,0,0.004602,0,
3162,Negative,N-Desmethylflunitrazepam,0,0.004018,0,
3163,Negative,Despropionyl (.+/-.)-cis-3-methyl fentanyl,0,0.005759,0,
3164,Negative,AH 8532,0,0.004678,0,
3165,Negative,Diazepam-d3,0,0.004445,0,
3166,Negative,3-Methyl Nimetazepam,0,0.02129,0,
3167,Negative,Alprazolam-d8,0,0.004455,0,
3168,Negative,Nitrazolam,0,0.008861,0,
3169,Negative,Olanzapine,0,0.008057,0,
3170,Negative,9(R)-Hexahydrocannabutol,0,0.012862,0,
3171,Negative,9(S)-Hexahydrocannabinol,0,0.005374,0,
3172,Negative,Linoleic Acid methyl ester,0,0.004259,0,
3173,Negative,Ethyl stearate,0,0.004788,0,
3174,Negative,Cannabinerol,0,0.007529,0,
3175,Negative,Delta8-THCH,0,0.013939,0,
3176,Negative,Desalkylgidazepam-d5,0,0.012048,0,
3177,Negative,(.+/-.)-Cannabicyclol,0,0.169882,0,
3178,Negative,"3,4-difluoro U-47700",0,0.006398,0,
3179,Negative,exo-THC,0,0.005119,0,
3180,Negative,U-47700-d6,0,0.00474,0,
3181,Negative,Mazindol (or breakdown),0,0.018538,0,
3182,Negative,N-Desmethyl AH 7921,0,0.237827,0,
3183,Negative,Delta4(8)-iso-THC,0,0.006507,0,
3184,Negative,"N-((1R,2R)-2-(dimethylamino)cyclohexyl)-4-methoxy-N-methylbenzamide",0,0.006994,0,
3185,Negative,4-Bromo-.alpha.-PVP,0,0.004587,0,
3186,Negative,Norfludiazepam,0,0.004162,0,
3187,Negative,4'-Fluoro Diazepam,0,0.005024,0,
3188,Negative,Hydroxychloroquine,0,0.047373,0,
3189,Negative,25D-NBOMe,0,0.004328,0,
3190,Negative,para-fluoro Ethyl 4-ANPP,0,0.005529,0,
3191,Negative,Dihydrotestosterone,0,0.004228,0,
3192,Negative,Flubromazepam,0,0.00604,0,
3193,Negative,Venlafaxine-d6 (Not certified by NIST),0,0.004475,0,
3194,Negative,Thonzylamine,0,0.005212,0,
3195,Negative,Ganaxolone,0,0.00492,0,
3196,Negative,Oxymetholone,0,0.004161,0,
3197,Negative,a-methyl Acetyl fentanyl,0,0.004866,0,
3198,Negative,Oleamide,0,0.005,0,
3199,Negative,Methyltestosterone,0,0.004507,0,
3200,Negative,para-Methoxy 4-ANPP,0,0.005043,0,
3201,Negative,"17.alpha.-methyl-3.alpha.,17.beta.-dihydroxy-5.alpha.-androstane",0,0.004555,0,
3202,Negative,"5-methoxy-N,N-Diethylpentylone",0,0.004116,0,
3203,Negative,Cocaine,0,0.005538,0,
3204,Negative,5'-hydroxy-9(S)-Hexahydrocannabinol,0,0.005773,0,
3205,Negative,U-47931E,0,0.004673,0,
3206,Negative,"N,N-Diethyl Hexylone",0,0.005086,0,
3207,Negative,N-butyl Pentylone-d9,0,0.004695,0,
3208,Negative,Trenbolone Acetate,0,0.005651,0,
3209,Negative,1-(4-Methoxybenzamidomethyl)-cyclohexyldimethylamine,0,0.008499,0,
3210,Negative,"(9,10a)-anti-delta-6a,7-THC",0,0.006942,0,
3211,Negative,Clobazam,0,0.004211,0,
3212,Negative,U-47109,0,0.010121,0,
3213,Negative,1-(4-Trifluoromethylbenzamidomethyl)-cyclohexyldimethylamine,0,0.004659,0,
3214,Negative,"9(S)-delta6a,10a-THC",0,0.351311,0,
3215,Negative,25E-NB-3-F-imine,0,0.006824,0,
3216,Negative,"5.alpha.-Androstan-3,17-dione",0,0.004239,0,
3217,Negative,"5-Methoxy-N,N-Diisobutyltryptamine",0,0.004754,0,
3218,Negative,Desalkylgidazepam,0,0.006709,0,
3219,Negative,Fentanyl methyl acetyl analog,0,0.096717,0,
3220,Negative,5-Fluoropentyl-3-pyridinoylindole,0,0.718242,0,
3221,Negative,Cannabihexol,0,0.235474,0,
3222,Negative,8(R)-hydroxy-9(R)-Hexahydrocannabinol,0,0.004544,0,
3223,Negative,Cannabiphorol,0,0.018652,0,
3224,Negative,Atropine,0,0.004397,0,
3225,Negative,4'-Chlorodiazepam,0,0.004594,0,
3226,Negative,Phenazocine,0,0.009343,0,
3227,Negative,Delta8-Tetrahydrocannabivarin,0,0.005153,0,
3228,Negative,Flunitrazepam-d3,0,0.00415,0,
3229,Negative,"3,4-dichloro-.alpha.-Pyrrolidinoisohexanophenone",0,0.007356,0,
3230,Negative,N-Desalkylflurazepam,0,0.005449,0,
3231,Negative,LSD-d10,0,0.053429,0,
3232,Negative,Tetrahydrogestrinone,0,0.004933,0,
3233,Negative,5a-dihydro-11-keto Testosterone,0,0.004096,0,
3234,Negative,para-methyl Acetyl fentanyl,0,0.00434,0,
3235,Negative,Cannabibutol,0,0.453479,0,
3236,Negative,9.beta.-hydroxy Hexahydrocannabinol,0,0.004943,0,
3237,Negative,9(R)-.DELTA.7-THC,0,0.005351,0,
3238,Negative,2'-Methyl Acetyl fentanyl,0,0.007473,0,
3239,Negative,Methylstenbolone,0,0.005728,0,
3240,Negative,"N-((1R,2R)-2-(dimethylamino)cyclohexyl)-2-chloronicotinamide",0,0.004851,0,
3241,Negative,N-Trichloroacetylmethamphetamine,0,0.00508,0,
3242,Negative,Mescaline NBOMe,0,0.004417,0,
3243,Negative,3-MeO-PCMMo,0,0.005216,0,
3244,Negative,"9b,10b-epoxy Hexahydrocannabinol",0,0.004347,0,
3245,Negative,Erucic Acid,0,0.00533,0,
3246,Negative,1(R)-Tetrahydrocannabidiol,0,0.015645,0,
3247,Negative,5-Benzyloxy-N-ethyl-N-methyltryptamine,0,0.005014,0,
3248,Negative,Northebaine,0,0.005323,0,
3249,Negative,CBDVQ,0,0.00427,0,
3250,Negative,Flurbiprofen,0,0.005041,0,
3251,Negative,3-methoxymethamphetamine,0,0.018519,0,
3252,Negative,5-AEDB,0,0.004656,0,
3253,Negative,5-Methoxyindole-3-carboxaldehyde,0,0.004529,0,
3254,Negative,N-Methyl MDAI,0,0.004899,0,
3255,Negative,N-acetyl-4-methylmethamphetamine,0,0.005864,0,
3256,Negative,N-formyl-1-phenylethylamine,0,0.004853,0,
3257,Negative,Diphenhydramine,0,0.00421,0,
3258,Negative,3-Fluoromethcathinone,0,0.005904,0,
3259,Negative,2-Bromoamphetamine,0,0.005171,0,
3260,Negative,Chloramphenicol,0,0.004062,0,
3261,Negative,Acrylfentanyl,0,0.004705,0,
3262,Negative,Nalbuphine,0,0.13395,0,
3263,Negative,"1-methylamino-1-(3,4-methylenedioxyphenyl)ethane",0,0.004797,0,
3264,Negative,3-methyl Fentany,0,0.011359,0,
3265,Negative,N-acetyl-4-fluoroamphetamine,0,0.004888,0,
3266,Negative,a-Humulene,0,0.004427,0,
3267,Negative,4-fluoro-.alpha.-Methylaminoisohexanophenone,0,0.004603,0,
3268,Negative,"2-Bromo-4,5-Dimethoxyphenethylamine",0,0.004608,0,
3269,Negative,Di-n-propyl phthalate,0,0.004583,0,
3270,Negative,3'-Methyl Acetyl fentanyl,0,0.005746,0,
3271,Negative,"3,4-Methylenedioxyphenylacetic acid, ethyl ester",0,0.004165,0,
3272,Negative,"3,4-Dimethyl-5-phenyloxazolidine",0,0.004796,0,
3273,Negative,N-Methyl Benzedrone,0,0.004708,0,
3274,Negative,Trimetazidine,0,0.007282,0,
3275,Negative,2C-N,0,0.004463,0,
3276,Negative,N-butylbenzylamine,0,0.005219,0,
3277,Negative,alpha-Pyrrolidinoisohexanophenone,0,0.004243,0,
3278,Negative,Theophylline,0,0.096345,0,
3279,Negative,Promazine,0,0.162694,0,
3280,Negative,2C-I HFBA Derivative,0,0.020464,0,
3281,Negative,"3,4-Methylenedioxycathinone",0,0.004922,0,
3282,Negative,4-fluoro Phenibut,0,0.004364,0,
3283,Negative,Clorexolone,0,0.009841,0,
3284,Negative,"3,4-Methylenedioxy-.alpha.-ethylmethylaminohexanophenone",0,0.006012,0,
3285,Negative,Benzyl propionate,0,0.004738,0,
3286,Negative,Arachidic Acid,0,0.012776,0,
3287,Negative,Amitriptyline-d3,0,0.02485,0,
3288,Negative,"N-benzyl-3,4-Dimethoxyamphetamine",0,0.00492,0,
3289,Negative,Desoxypipradol,0,0.004104,0,
3290,Negative,Palmitoleic Acid,0,0.004002,0,
3291,Negative,.gamma.-Linolenic Acid methyl ester,0,0.003896,0,
3292,Negative,2C-T-2,0,0.00501,0,
3293,Negative,"3-chloro-N,N-Dimethylcathinone",0,0.004779,0,
3294,Negative,Ethyl acetate,0,0.005704,0,
3295,Negative,7-hydroxy DMT,0,0.004401,0,
3296,Negative,Clodesnitazene,0,0.005453,0,
3297,Negative,4-Benzylpiperidine,0,0.004198,0,
3298,Negative,"1,4-Butanediol",0,0.006198,0,
3299,Negative,4-Benzylpyrimidine,0,0.004832,0,
3300,Negative,.alpha.-Phthalimidopropiophenone,0,0.073348,0,
3301,Negative,Phenethylbromide,0,0.005148,0,
3302,Negative,5-methoxy PiPT,0,0.011472,0,
3303,Negative,Methylmorphenate,0,0.004113,0,
3304,Negative,Methanandamide,0,0.007407,0,
3305,Negative,"1-(3,4-methylenedioxyphenyl)-1,3-dimethoxypropane",0,0.0055,0,
3306,Negative,2-Amino-3-(2-chlorobenzoyl)-5-ethylthiophene,0,0.004155,0,
3307,Negative,3-Thienoamphetamine TFA derivative,0,0.00439,0,
3308,Negative,"N-((1R,2R)-2-(dimethylamino)cyclohexyl)-N-methyl-3-pyridinecarboxamide",0,0.004347,0,
3309,Negative,"3,4-Methylenedioxy-.alpha.-pyrrolidinocyclohexanophenone",0,0.004473,0,
3310,Negative,(-) Menthol,0,0.005671,0,
3311,Negative,"3,4-Dimethylmethcathinone, N-trifluoracetyl derivative",0,0.004368,0,
3312,Negative,(.+/-.)-Methamphetamine-d5,0,0.006938,0,
3313,Negative,4-M-4-MAR,0,0.00459,0,
3314,Negative,5-methoxy DBT,0,0.031653,0,
3315,Negative,4'-fluoro-Pyrrolidinohexanophenone,0,0.004406,0,
3316,Negative,.alpha.-Pyrrolidinohexanophenone,0,0.004546,0,
3317,Negative,Tetrahydrocannabinolic Acid-2TMS,0,0.188531,0,
3318,Negative,Detomidine,0,0.004511,0,
3319,Negative,Methiopropamine 3'-thiophene isomer,0,0.004822,0,
3320,Negative,3-Fluoro-.alpha.-Pyrrolidinohexanophenone,0,0.004929,0,
3321,Negative,4-Dimethylamino-N-benzylcathinone,0,0.004718,0,
3322,Negative,Aspartame,0,0.004184,0,
3323,Negative,4-fluoro-.alpha.-Pyrrolidinoisohexanophenone,0,0.005262,0,
3324,Negative,5-Chloro AMT,0,0.004029,0,
3325,Negative,"Androsta-3,5-diene-7,17-dione",0,0.004516,0,
3326,Negative,N-Propylcathinone,0,0.004955,0,
3327,Negative,p-Tyramine,0,0.005557,0,
3328,Negative,6-APDB,0,0.004486,0,
3329,Negative,5-Androstenediol di-TMS Derivative,0,0.011565,0,
3330,Negative,BMK ethyl glycidate,0,0.005875,0,
3331,Negative,(.+/-.)-Methamphetamine-d14,0,0.009589,0,
3332,Negative,para-methyl Cyclopentyl fentanyl,0,0.008623,0,
3333,Negative,"(.+/-.)-6',7'-dihydroxy Cannabichromene",0,0.053817,0,
3334,Negative,(R)-Ketamine,0,0.004259,0,
3335,Negative,"2-Amino-2',5-dichlorobenzophenone",0,0.004688,0,
3336,Negative,Medetomidine-d3,0,0.004042,0,
3337,Negative,4-Methoxyphenylpropane-2-ol,0,0.049209,0,
3338,Negative,"2,3-Dimethoxyphenethylamine",0,0.00467,0,
3339,Negative,alpha-Hydroxyalprazolam,0,0.005931,0,
3340,Negative,N-Benzylaniline,0,0.004638,0,
3341,Negative,4-Fluorotropacocaine,0,0.00492,0,
3342,Negative,"N-ethyl-2,3-methylenedioxyphenethylamine TMS derivative",0,0.00517,0,
3343,Negative,Trans-Cinnamic Acid,0,0.005725,0,
3344,Negative,"3,4-MDPA",0,0.007163,0,
3345,Negative,"3,4-MDEA",0,0.004309,0,
3346,Negative,a-Ethyltryptamine,0,0.004617,0,
3347,Negative,3-hydroxy PCE,0,0.004153,0,
3348,Negative,Dimemebfe,0,0.005327,0,
3349,Negative,"N-acetyl-N-isopropyl-3,4-methylenedioxyamphetamine",0,0.004732,0,
3350,Negative,25D-NB4OMe,0,0.004602,0,
3351,Negative,Dimethyl fumarate,0,0.004075,0,
3352,Negative,Furanyl norfentanyl,0,0.004278,0,
3353,Negative,Phenylsalicylate,0,0.004937,0,
3354,Negative,4-Methoxypropylamphetamine TFA Derivative,0,0.004496,0,
3355,Negative,4-Fluoromethamphetamine,0,0.004587,0,
3356,Negative,Methyldienolone,0,0.004046,0,
3357,Negative,Epinephrine,0,0.004845,0,
3358,Negative,Brephedrone,0,0.035119,0,
3359,Negative,AH 7563,0,0.004268,0,
3360,Negative,Alphaprodine,0,0.004275,0,
3361,Negative,Benzylpiperazine-d7,0,0.004663,0,
3362,Negative,5-MAPDI,0,0.006477,0,
3363,Negative,Thiofentanyl,0,0.004778,0,
3364,Negative,Clortermine,0,0.004845,0,
3365,Negative,9(S)-Hexahydrocannabinol Acetate,0,0.053878,0,
3366,Negative,"N-(2,6-Dimethylphenyl)-1-piperidineacetamide",0,0.004248,0,
3367,Negative,1-(4-Methoxyphenyl)piperazine,0,0.00414,0,
3368,Negative,2C-C-NBOMe,0,0.017607,0,
3369,Negative,Desmethylclotiazepam,0,0.004438,0,
3370,Negative,Cyclobarbital,0,0.003905,0,
3371,Negative,Methohexital,0,0.004502,0,
3372,Negative,5-Methoxy-.alpha.-Ethyltryptamine,0,0.005181,0,
3373,Negative,Coluracetam,0,0.893207,0,
3374,Negative,5-Methoxy-methylone,0,0.005175,0,
3375,Negative,Mibolerone,0,0.0043,0,
3376,Negative,para-Methyl Cyclopentyl fentanyl,0,0.005816,0,
3377,Negative,Phenacetin,0,0.00415,0,
3378,Negative,3-Methylnordiazepam,0,0.004526,0,
3379,Negative,2-Methylamino-1-phenylbutane,0,0.005436,0,
3380,Negative,"N-methyl,N-acetyl-3,4-methylenedioxyphenylalanine",0,0.004158,0,
3381,Negative,Nitroglycerin,0,0.004624,0,
3382,Negative,4-fluoro-3-methyl-.alpha.-Pyrrolidinovalerophenone,0,0.004984,0,
3383,Negative,Furanyl fentanyl-d5,0,0.004227,0,
3384,Negative,"3,4-Methylenedioxyphenylacetic acid, isopropyl ester",0,0.004444,0,
3385,Negative,N-desalkyl Isotonitazene,0,0.005276,0,
3386,Negative,Orphenadrine,0,0.004648,0,
3387,Negative,4-hydroxy Xylazine,0,0.004019,0,
3388,Negative,Euphthalmine,0,0.004545,0,
3389,Negative,5-methoxy DMT-d4,0,0.153031,0,
3390,Negative,N-methyl Norcarfentanil,0,0.003957,0,
3391,Negative,.alpha.-Methyl Thiofentanyl,0,0.004372,0,
3392,Negative,"N-formyl-3,4-methylenedioxymethamphetamine",0,0.005494,0,
3393,Negative,Meptazinol,0,0.004284,0,
3394,Negative,Thienyl fentanyl,0,0.004411,0,
3395,Negative,Methamphetamine-d5,0,0.005352,0,
3396,Negative,Atomoxetine,0,0.004465,0,
3397,Negative,3-Fluoro Deschloroketamine,0,0.006639,0,
3398,Negative,Ornidazole,0,0.004457,0,
3399,Negative,(.+/-.)-threo-Methylphenidate,0,0.004488,0,
3400,Negative,Tapentadol-d3,0,0.004812,0,
3401,Negative,"N,N-Dipropyltryptamine",0,0.004746,0,
3402,Negative,Fluorolintane,0,0.004321,0,
3403,Negative,Meperidine,0,0.003873,0,
3404,Negative,4-HTMPIPO,0,0.540433,0,
3405,Negative,bk-MPA Acetyl derivative,0,0.005123,0,
3406,Negative,(.+/-.)-threo-Propylphenidate,0,0.005386,0,
3407,Negative,Dichloropane,0,0.020411,0,
3408,Negative,9(R)-delta-7-THC,0,0.009994,0,
3409,Negative,"4-Trifluoromethyl-N-((1R,2R)-2-(dimethylamino)cyclohexyl)-benzamide",0,0.518288,0,
3410,Negative,alpha-Pyrrolidinohexanophenone-d8 (Not certified by NIST),0,0.021924,0,
3411,Negative,4-Hydroxy Phencyclidine,0,0.043542,0,
3412,Negative,Isopropyl Palmitate,0,0.005616,0,
3413,Negative,2C-I,0,0.162608,0,
3414,Negative,2-MPA TFA derivative,0,0.004742,0,
3415,Negative,Pterostilbene,0,0.004805,0,
3416,Negative,25B-NB4OMe TFA derivative,0,0.028499,0,
3417,Negative,p-Tosylamide,0,0.005399,0,
3418,Negative,4-acetoxy DPT,0,0.007941,0,
3419,Negative,"3,4-Methylenedioxy-.alpha.-propylaminobutiophenone",0,0.011493,0,
3420,Negative,5-Amino-1-phenylpyrazolo-4-carbonitrile,0,0.004961,0,
3421,Negative,Estazolam,0,0.004768,0,
3422,Negative,Ecgonine Methyl Ester,0,0.00469,0,
3423,Negative,Azaprocin,0,0.005896,0,
3424,Negative,delta-Valerolactone,0,0.006139,0,
3425,Negative,Acetoxymethylketobemidone,0,0.017728,0,
3426,Negative,.alpha.-ethyl 2C-D,0,0.004435,0,
3427,Negative,"3,4-Methylenedioxy-.alpha.-Pyrrolidinocyclohexanophenone",0,0.006839,0,
3428,Negative,"5a-Androstan-3,6,17-trione",0,0.004465,0,
3429,Negative,t-BOC-4-Anilinopiperidine,0,0.004168,0,
3430,Negative,"2,3,4-Trimethoxyphenylethylamine",0,0.004346,0,
3431,Negative,3'-fluoro-a-Pyrrolidinopropiophenone,0,0.005235,0,
3432,Negative,a-Pyrrolidinohexanophenone,0,0.004195,0,
3433,Negative,2C-I-FLY,0,0.02948,0,
3434,Negative,"5(10)-Estren-3.alpha.,17.beta.-diol",0,0.004283,0,
3435,Negative,"3,4-methylenedioxy Prolintane",0,0.005016,0,
3436,Negative,Phenethyl chloride,0,0.004787,0,
3437,Negative,Pyrazinamide,0,0.004695,0,
3438,Negative,Nordiazepam Uncyclized Intermediate,0,0.004109,0,
3439,Negative,"2,4,6-Trimethoxyamphetamine",0,0.004252,0,
3440,Negative,N-sec-butyl Pentedrone,0,0.017371,0,
3441,Negative,Hexylresorcinol,0,0.006887,0,
3442,Negative,4-Methyl-.alpha.-Pyrrolidinoisohexanophenone,0,0.004414,0,
3443,Negative,6-methyl Etodesnitazene,0,0.017706,0,
3444,Negative,Zolazepam,0,0.004587,0,
3445,Negative,Camphor,0,0.004454,0,
3446,Negative,1-Testosterone,0,0.004013,0,
3447,Negative,"2,3-Pentylone isomer",0,0.005383,0,
3448,Negative,4-Fluoro-.alpha.-Methylaminoisohexanophenone,0,0.004537,0,
3449,Negative,BMPEA,0,0.005681,0,
3450,Negative,DB-MDBP,0,0.007943,0,
3451,Negative,"5-Methoxy-N,N-Dibutyltryptamine",0,0.004606,0,
3452,Negative,.alpha.-pbp,0,0.033496,0,CCC(C(=O)c1ccccc1)N1CCCC1
