Sample_Index,Sample_Name,True_Label,Pred_Prob,Pred_Label,Correct
2195,Cyclopropyl fentanyl,0.0,0.03751201,0.0,True
2271,Salvinorin B,0.0,0.036070287,0.0,True
2042,2-BUTOXYETHYL 9-OCTADECENOATE,0.0,0.03930794,0.0,True
347,21-05,0.0,0.03637776,0.0,True
1052,ab-mdmsba,1.0,0.95780987,1.0,True
212,06-10,1.0,0.93628585,1.0,True
2020,OCTYL DECYL ADIPATE,0.0,0.035815462,0.0,True
654,4-fluoro-cumyl-5-fluoro-pica,0.0,0.04805861,0.0,True
558,43-06,1.0,0.9428941,1.0,True
2130,ERGOSTEROL-TRIMETHYLSILYL-ETHER,0.0,0.035626702,0.0,True
3298,"1,4-Butanediol",0.0,0.03501009,0.0,True
2044,DI-ISODECYL PHTHALATE,0.0,0.036239102,0.0,True
3121,trans-Cinnamoylcocaine,0.0,0.035551485,0.0,True
1024,jwh-073-n-2-methylpropyl-isomer,1.0,0.03606951,0.0,False
460,33-08,0.0,0.036303826,0.0,True
110,jwh-203,0.0,0.03494322,0.0,True
3313,4-M-4-MAR,0.0,0.037216082,0.0,True
2913,Benzodioxole fentanyl-d5,0.0,0.035269067,0.0,True
157,4-fluoro-adb,0.0,0.037448965,0.0,True
3312,(.+/-.)-Methamphetamine-d5,0.0,0.036667097,0.0,True
3359,AH 7563,0.0,0.035649613,0.0,True
2310,Testosterone Isobutyrate,0.0,0.034657247,0.0,True
3371,Methohexital,1.0,0.95798403,1.0,True
763,5-fluoro BEPIRAPIM,1.0,0.95675164,1.0,True
3295,7-hydroxy DMT,1.0,0.95800316,1.0,True
824,jwh-073-n-4-hydroxybutyl-metabolite,0.0,0.035812277,0.0,True
86,PX 2,1.0,0.9581977,1.0,True
2241,para-chloro Acrylfentanyl,0.0,0.035892684,0.0,True
2864,Benzodioxole fentanyl-d5 (Not certified by NIST),1.0,0.95778614,1.0,True
3006,LSM-775,1.0,0.95513135,1.0,True
1406,Cannabigerol dimethyl ether,1.0,0.9578945,1.0,True
208,06-06,0.0,0.036740836,0.0,True
3049,Praziquantel,1.0,0.9570659,1.0,True
1904,"4,5-DIPHENYL-6-STYRYL-1,2-DIHYDROPYRIMIDIN-2-ONE",1.0,0.9582046,1.0,True
2148,"1,3-DI-O-TRIMETHYLSILYL TETRADECASPHINGANINE",0.0,0.035666812,0.0,True
43,jwh-176,1.0,0.9584814,1.0,True
3297,4-Benzylpiperidine,0.0,0.037117444,0.0,True
1008,adb-butinaata,0.0,0.036555424,0.0,True
441,31-09,0.0,0.036081582,0.0,True
1148,jwh-248,0.0,0.03623973,0.0,True
2510,.DELTA.8-THC Acetate,1.0,0.040632676,0.0,False
2021,DIISODECYL ADIPATE,0.0,0.037037335,0.0,True
2833,Nandrolone Laurate,0.0,0.036096174,0.0,True
3250,Flurbiprofen,1.0,0.95780516,1.0,True
2376,a'-methyl Butyryl fentanyl previously named (2-methyl) Butyryl fentanyl,1.0,0.94055325,1.0,True
1861,BETA-SITOSTERYL TRIMETHYLSILYL ETHER,0.0,0.039674606,0.0,True
2250,Cannabidivarin diacetate,0.0,0.03594914,0.0,True
943,mmb-chmica,1.0,0.9579932,1.0,True
2411,Dromostanolone Propionate,0.0,0.03598,0.0,True
3152,Cannabidiol-d9,0.0,0.036442865,0.0,True
1065,cumyl-einaca,1.0,0.95830476,1.0,True
2343,1P-MiPLA,0.0,0.042794384,0.0,True
42,jwh-080,1.0,0.036352914,0.0,False
2118,"3,17BETA-DI-O-TRIMETHYLSILYLESTRADIOL",0.0,0.0358235,0.0,True
260,11-08,0.0,0.13710804,0.0,True
3084,DOI,1.0,0.95839304,1.0,True
2645,.alpha.'-Methoxy Fentanyl,0.0,0.035192642,0.0,True
32,jwh-018,0.0,0.03816813,0.0,True
528,40-06,0.0,0.037019067,0.0,True
1214,5-fluoro-pb-22-n-2-fluoropentyl-isomer,0.0,0.035228953,0.0,True
3047,Ibogaine,0.0,0.03665709,0.0,True
1471,"3alpha,6alpha,7alpha-Trihydroxy-5beta-cholan-24-oic acid Methyl ester",1.0,0.9581128,1.0,True
1364,Cannabidiol,0.0,0.036085676,0.0,True
1849,"LABDA-7,14-DIEN-13(R)-OL-BETA-D-FUCOPYRANOSIDE 3,4-O-ISOPROPYLIDENE DERIVATIVE (3,3,3,4,4,4-D6)",0.0,0.03507641,0.0,True
2332,2F-Viminol,0.0,0.035336804,0.0,True
2101,TRIMETHYLSILYL CHOLESTEROL,0.0,0.049025696,0.0,True
2740,Tianeptine,0.0,0.036827173,0.0,True
2242,para-Methyl Butyryl fentanyl,1.0,0.9577606,1.0,True
369,23-07,0.0,0.036809962,0.0,True
2808,BAY 59-3074,0.0,0.034450006,0.0,True
348,21-06,1.0,0.957168,1.0,True
1939,N-ACETYL-O-TRIMETHYLSILYLSPHINGATRIENE,0.0,0.034837004,0.0,True
2697,Fentanyl ortho tolyl analog,0.0,0.03565894,0.0,True
2052,"5,5'-DIVALERYL-2,2'-SPIROBIINDAN",0.0,0.043153338,0.0,True
3066,2-Bromo Deschloroketamine,1.0,0.9582611,1.0,True
2880,Protonitazene,0.0,0.03658158,0.0,True
579,45-07,1.0,0.95820045,1.0,True
2147,"1,3-DI-O-TRIMETHYLSILYL DODECASPHINGANINE",1.0,0.9347256,1.0,True
2633,5-methyl Etodesnitazene,0.0,0.035251297,0.0,True
3438,Nordiazepam Uncyclized Intermediate,1.0,0.95799285,1.0,True
3212,U-47109,0.0,0.035640746,0.0,True
1016,adb-inaca,0.0,0.037704322,0.0,True
876,5-chloro-ab-pinaca,1.0,0.25159335,0.0,False
186,04-04,0.0,0.03554493,0.0,True
657,jwh-018-d9,1.0,0.95770633,1.0,True
3280,2C-I HFBA Derivative,0.0,0.03637744,0.0,True
1316,5-bromo-apinaca,1.0,0.9578742,1.0,True
718,4-cyano-mmb-butinaca,0.0,0.03702422,0.0,True
698,4-cyano-adb-butinaca,0.0,0.035643246,0.0,True
1264,5-fluoro-pb-22-6-hydroxyisoquinoline-isomer,0.0,0.035449993,0.0,True
1909,"METHYL 12,13-BIS(TRIMETHYLSILOXY)OCTADEC-9(Z)-ENOATE",1.0,0.038029682,0.0,False
1200,jwh-198,0.0,0.03604612,0.0,True
1705,"CIS-5-(6-(1,3-DIOXAN-2-YL)HEXYL)-TRANS-4-FORMYL-2,REF.-3-DIPHENYLISOXAZOLIDINE",0.0,0.036125693,0.0,True
665,jwh-073-n-4-hydroxybutyl-metabolite-d5,1.0,0.95776784,1.0,True
1330,5-bromo-amb-pica,0.0,0.036011063,0.0,True
1248,5f-pb-22-indazole-methylester-analogue,0.0,0.035931688,0.0,True
85,AM1235,0.0,0.036823895,0.0,True
1137,jwh-363,0.0,0.036215723,0.0,True
2054,"PIMINODINE ALVODINE,PIMADIN,CIMAPON",1.0,0.95807123,1.0,True
1729,"1-METHYL-4-(11-(1,1-DIMETHYLETHOXYCARBONYL)-5,9-DIMETHYL-UNDECA-4,8-DIENOYL)-PIPERADINE",0.0,0.035867248,0.0,True
2844,Carvedilol,0.0,0.03510186,0.0,True
493,37-01,0.0,0.035892524,0.0,True
452,32-10,1.0,0.9558007,1.0,True
998,bzo-hepoxizid,0.0,0.035694975,0.0,True
1165,jwh-053,0.0,0.037451815,0.0,True
2069,"2-ACETOXY-1-ACETYL-3,6-DI-TERT-BUTYLMERCAPTO-4-METHYL-1,2,3,6-TETRAHYDRO-PYRIDINE",0.0,0.25336227,0.0,True
47,jwh-018-benzimidazole-analog,0.0,0.035651304,0.0,True
138,Pravadoline,1.0,0.95818853,1.0,True
475,35-03,0.0,0.035842452,0.0,True
2769,JW 642,1.0,0.95739853,1.0,True
3063,Fentanyl propyl acetyl analog,1.0,0.042593714,0.0,False
863,5-fluoro-pb-22-n-2-fluoropentyl-isomer,0.0,0.035657484,0.0,True
1992,"2-(2-HYDROXY-3,5-DIPENTYL)PHENYL-BENZOTRIAZOLE",0.0,0.061053656,0.0,True
2649,Bromazolam,1.0,0.95639986,1.0,True
2861,cis-Bromadol,0.0,0.036403008,0.0,True
116,"cp-47,497",1.0,0.9584853,1.0,True
1028,jwh-203-4-chlorophenyl-isomer,0.0,0.036628168,0.0,True
3268,"2-Bromo-4,5-Dimethoxyphenethylamine",0.0,0.035550322,0.0,True
3131,CBDB,0.0,0.037215743,0.0,True
2582,"N,N-Dimethylamido-despropionyl fentanyl",1.0,0.93300617,1.0,True
3307,3-Thienoamphetamine TFA derivative,0.0,0.035432465,0.0,True
1829,"(3S,4R,5S)-4-(TERT-BUTYLDIMETHYLSILYLOXY)-1,1-DIBROMO-3,5-DIMETHYL-1-HEPTENE",1.0,0.9581943,1.0,True
1628,ETHINYLESTRADIOL-3-TMS,0.0,0.036608767,0.0,True
1347,5-fluoro-bzo-poxizid,0.0,0.036574174,0.0,True
3291,.gamma.-Linolenic Acid methyl ester,0.0,0.035814993,0.0,True
2046,BUTYL ISODECYL PHTHALATE,0.0,0.03992345,0.0,True
52,jwh-181,0.0,0.03483912,0.0,True
3048,"3,4-Methylenedioxy-.alpha.-Pyrrolidinoisohexanophenone",1.0,0.94993293,1.0,True
143,adb-chminaca,0.0,0.036323417,0.0,True
1632,"1,1'-DIANTHRIMIDE",1.0,0.9583639,1.0,True
2090,PIPAMAZINE,0.0,0.035515532,0.0,True
1978,3-ACETOXY-2-CHLOROPROMAZINE,1.0,0.9581895,1.0,True
1496,"3beta,12beta-Dihydroxy-5beta-cholan-24-oic acid Methyl ester",0.0,0.035889603,0.0,True
1959,"1,5,6-TRI-O-ACETYL-2,3,4-TRI-O-METHYLHEXITOL (1-D)",0.0,0.03700068,0.0,True
8,jwh-031,1.0,0.9575698,1.0,True
481,35-09,1.0,0.9574775,1.0,True
1288,5-fluoro-amb-metabolite-7,1.0,0.9575163,1.0,True
839,xlr-11-degradant,0.0,0.03511901,0.0,True
2322,ALD-52,0.0,0.04303339,0.0,True
2756,"3,4-Methylenedioxymethcathinone HFBA Derivative",0.0,0.037203074,0.0,True
997,mdmb-5-primebr-4en-pinaca,1.0,0.9561516,1.0,True
712,mdmb-benzica,0.0,0.037673753,0.0,True
1648,"SYN-15-TERT-BUTYL-18-METHOXY-2,11-DITHIA-5,6,7,9-TETRAFLUORO(3.3)METACYCLOPHANE",0.0,0.036241632,0.0,True
1644,"4,7-DI(4-METHOXYPHENYL)-6-(3,4-DIMETHOXYPHENYL)-1,2.5-THIADIAZOLO(3,4-C)PYRIDINE",1.0,0.9577683,1.0,True
1341,5-fluoro-mmb-p7aica,0.0,0.03506521,0.0,True
2216,Sufentanil,0.0,0.035963148,0.0,True
565,44-03,0.0,0.035514593,0.0,True
931,5-fluoro-cumyl-pinaca,0.0,0.035075128,0.0,True
254,11-02,0.0,0.044234026,0.0,True
2699,W-15,0.0,0.035416838,0.0,True
683,5-fluoro-ab-7-paica,0.0,0.03783615,0.0,True
2065,"1,4-DIBENZOXYANTHRACENE",1.0,0.707045,1.0,True
3237,9(R)-.DELTA.7-THC,0.0,0.040744323,0.0,True
198,05-06,0.0,0.036270257,0.0,True
2304,meta-Fluoro Valeryl fentanyl,0.0,0.044721562,0.0,True
3435,"3,4-methylenedioxy Prolintane",1.0,0.95814455,1.0,True
1196,jwh-200-4-hydroxyindole-metabolite,0.0,0.035823632,0.0,True
1445,(+-)-alpha-Tocopherol,0.0,0.035007447,0.0,True
3445,Camphor,0.0,0.035101112,0.0,True
38,jwh-193,0.0,0.03514406,0.0,True
2742,2C-E HFBA Derivative,0.0,0.036749367,0.0,True
1,jwh-200-5-hydroxyindole-metabolite,0.0,0.035731778,0.0,True
2462,Cathine TPC derivative,1.0,0.958269,1.0,True
18,pravadoline,0.0,0.03605404,0.0,True
853,jwh-019-n-5-hydroxyhexyl-metabolite,0.0,0.03610439,0.0,True
764,5-Fluoro-CYPPICA,1.0,0.9568817,1.0,True
1263,5-fluoro-pb-22-7-hydroxyisoquinoline-isomer,1.0,0.9581967,1.0,True
387,26-05,0.0,0.036154207,0.0,True
521,39-09,1.0,0.95418125,1.0,True
243,10-01,0.0,0.038822446,0.0,True
3406,(.+/-.)-threo-Propylphenidate,0.0,0.8383069,1.0,False
3039,(.+/-.)-cis-Isofentanyl,1.0,0.9582046,1.0,True
1090,jwh-122-7-methylnaphthyl-isomer,1.0,0.95826274,1.0,True
1551,Chenodeoxycholic acid,0.0,0.037048094,0.0,True
192,04-10,1.0,0.9575305,1.0,True
1542,"(5R,11R)-5,11-dimethylpentacosane",0.0,0.0534546,0.0,True
557,43-05,0.0,0.08317333,0.0,True
1360,Cannabigerovarin,0.0,0.034968518,0.0,True
3176,Desalkylgidazepam-d5,1.0,0.9548768,1.0,True
1989,1-ACETYLLYSERGIC ACID DIETHYLAMIDE,0.0,0.03869535,0.0,True
541,41-09,0.0,0.036704678,0.0,True
2820,Morphine di-TMS derivative,0.0,0.035254713,0.0,True
2762,Acetildenafil,1.0,0.9583873,1.0,True
699,ipdmb-fubinaca,0.0,0.0365556,0.0,True
988,ab-inaca,0.0,0.040163253,0.0,True
1379,Cannabidiol diacetate,1.0,0.93089896,1.0,True
2236,meta-Methyl Furanyl fentanyl,0.0,0.044380024,0.0,True
2234,Norpseudoephedrine TPC Derivative,0.0,0.03580207,0.0,True
752,jwh-081-3-methoxynaphthyl-isomer,0.0,0.037242234,0.0,True
2072,"3-BENZOYL-2,2,4-TRIPHENYL-2H-1-BENZOPYRAN",0.0,0.038038243,0.0,True
1636,"4,7-DI(PARA-METHOXYPHENYL)-6-(PYRIDIN-4-YL)-1,2,5-THIADIAZOLO(3,4-C)PYRIDINE",0.0,0.036780275,0.0,True
2753,A-PONASA,1.0,0.95596975,1.0,True
209,06-07,0.0,0.035457846,0.0,True
1139,jwh-309,0.0,0.03520248,0.0,True
990,adb-iata,1.0,0.9583168,1.0,True
2081,NARCOTINE,1.0,0.9421553,1.0,True
890,adb-pinaca-n-4-hydroxypentyl-metabolite,0.0,0.041458447,0.0,True
1127,jwh-424,0.0,0.03596947,0.0,True
3388,Euphthalmine,1.0,0.9575466,1.0,True
2729,2'-Fluorofentanyl,0.0,0.036458924,0.0,True
1693,"(10E,14E)-5-ACETOXY-6,7-EPOXY-6,10,14-TRIMETHYL-3-METHYLENE-3A,6,7,8,9,12,13,15A-OCTAHYDROCYCLOTETRADECA(B)FURAN-2(3H),5(4H)-DIONE",1.0,0.95789045,1.0,True
1095,jwh-098,0.0,0.036356423,0.0,True
2842,Ethylene Etonitazene,0.0,0.035138186,0.0,True
312,16-10,1.0,0.035755295,0.0,False
1814,N-ACETYLALANYLPHENYLALANYLALANINE METHYL ESTER,1.0,0.95822364,1.0,True
1106,jwh-073-2-naphthyl-n-2-methylpropyl-isomer,0.0,0.03511206,0.0,True
1744,20-CARBOXY-11-HYDROXY-3-OXO-PREGNANE,0.0,0.037315924,0.0,True
2748,Floctafenine,1.0,0.9584038,1.0,True
2275,(.+/-.)-cis-3-methyl Thiofentanyl,0.0,0.035855144,0.0,True
2110,METHYL 2-TRIMETHYLSILOXY-EICOSANOATE,0.0,0.05596671,0.0,True
2060,MECLIZINE,0.0,0.03534238,0.0,True
1007,adb-5-primebr-4en-pinaca,1.0,0.95804244,1.0,True
3390,N-methyl Norcarfentanil,1.0,0.9581854,1.0,True
274,13-02,0.0,0.03557217,0.0,True
404,28-02,1.0,0.95600516,1.0,True
1483,"3alpha,7beta,12alpha-Trihydroxy-5beta-cholan-24-oic acid Methyl ester",1.0,0.95811474,1.0,True
928,adb-chmica,0.0,0.03573007,0.0,True
1498,"3beta,12alpha-Dihydroxy-5beta-cholan-24-oic acid Methyl ester",0.0,0.036172856,0.0,True
2494,Methionitazene,1.0,0.9328266,1.0,True
2885,ortho-Methoxy Furanyl fentanyl,0.0,0.03677515,0.0,True
2167,1-IODO-2-TRIMETHYLSILOXYCYCLODODECANE,1.0,0.95838916,1.0,True
2687,2'-fluoro ortho-Fluorofentanyl,0.0,0.035795785,0.0,True
2787,W-18,0.0,0.046664007,0.0,True
1004,5-fluoro-adb-5-primebr-pinaca,1.0,0.9583198,1.0,True
894,adbica-n-5-hydroxypentyl-metabolite,1.0,0.95810384,1.0,True
1821,"1,3,5-PENTANETRICARBOXYLIC ACID TRIS(TRIMETHYLSILYL) ESTER",1.0,0.9455413,1.0,True
2684,25E-NB-3-F Acetyl derivative,0.0,0.03667505,0.0,True
2895,para-fluoro Phenethyl 4-ANPP,1.0,0.95747554,1.0,True
3117,Cyproheptadine,1.0,0.056296118,0.0,False
344,21-02,1.0,0.9508304,1.0,True
2512,O6-monoacetylmorphine TMS derivative,0.0,0.040896345,0.0,True
2606,.beta.-methyl Fentanyl,1.0,0.9577867,1.0,True
2074,"1,2,3',4,6-PENTA-O-ACETYL-3-DEOXY-3-C-HYDROXYMETHYL-ALPHA-D-GLUCOPYRANOSE",1.0,0.95790744,1.0,True
3223,Cannabiphorol,1.0,0.9576985,1.0,True
1730,"4,5-DEHYDRO-6-HYDROXY-3-OXO-CHOLANIC ACID",1.0,0.9581798,1.0,True
2017,COPROSTEROL,1.0,0.9579978,1.0,True
915,ma-chminaca,1.0,0.9545159,1.0,True
2485,W-19-d4,1.0,0.95777607,1.0,True
1438,25-08,1.0,0.9583249,1.0,True
3027,"3,4-Difluoro U-47700",0.0,0.035916485,0.0,True
1078,jwh-015,1.0,0.95809406,1.0,True
2366,Pyrazolam-d7,0.0,0.03672113,0.0,True
333,20-01,0.0,0.035050888,0.0,True
345,21-03,0.0,0.03644549,0.0,True
111,jwh-122,1.0,0.95814353,1.0,True
2149,"1,3-DI-O-TRIMETHYLSILYL DODECASPHINGANINE",1.0,0.9575657,1.0,True
2285,ATM4 4-acetoxy analog,0.0,0.03883193,0.0,True
916,mdmb-chminaca,0.0,0.03781763,0.0,True
788,Ethylbenzyl-PeGACLONE,0.0,0.03621378,0.0,True
308,16-06,1.0,0.9540687,1.0,True
570,44-08,1.0,0.9573953,1.0,True
704,cumyl-ch-megaclone,0.0,0.035483826,0.0,True
1777,"TRIDECANAL O-2,3,4,5,6-PENTAFLUOROBENZYLOXIME",0.0,0.03604029,0.0,True
2066,"2-ACETOXY-1-ACETYL-3,6-DI-TERT-BUTYLMERCAPTO-4-PHENYL-1,2,3,6-TETRAHYDROPYRIDINE",0.0,0.034724943,0.0,True
721,bzo-4en-poxizid,0.0,0.036091473,0.0,True
1295,4-cyano-cumyl-butinaca-isomer-2,0.0,0.036759876,0.0,True
1707,"4-ETHOXYCARBONYL-5-METHYL-6-PHENYL-2-(PARA-TOLYL)PERHYDROPYRROLO(3,4-C)PYRROLE-1,3-DIONE (3A,4-TRANS-6,6A-CIS)",1.0,0.958062,1.0,True
1726,"1,5-DIMETHYL-2-ISOPENTYLHEXYL TETRADECANOATE",0.0,0.03590783,0.0,True
3201,"17.alpha.-methyl-3.alpha.,17.beta.-dihydroxy-5.alpha.-androstane",0.0,0.034991954,0.0,True
363,23-01,0.0,0.036847416,0.0,True
3102,"6',7'-epoxy Cannabigerol",0.0,0.03554854,0.0,True
2281,Clostebol Acetate,0.0,0.038084436,0.0,True
2215,3'-Methoxy metodesnitazene,1.0,0.95809066,1.0,True
1414,01-04,1.0,0.09373288,0.0,False
2067,"2-ACETOXY-1-ACETYL-4-TERT-BUTYL-3,6-DI-TERT-BUTYLMERCAPTO-1,2,3,6-TETRAHYDROPYRIDINE",0.0,0.037494488,0.0,True
2300,meta-Fluoroisobutyryl fentanyl,0.0,0.036669362,0.0,True
2346,ortho-Fluoro Acrylfentanyl,0.0,0.04671516,0.0,True
2651,1P-ETH-LAD,1.0,0.9577867,1.0,True
2998,Furanylethyl fentanyl,0.0,0.03967364,0.0,True
2027,TRIETHYLENE GLYCOL DIPELARGONATE,0.0,0.036533765,0.0,True
3068,Cannabigerorcinic Acid,0.0,0.036207385,0.0,True
3100,10.alpha.-Hydroxy-exo-THC,1.0,0.9573103,1.0,True
1181,jwh-081-n-5-hydroxypentyl-metabolite,0.0,0.03659587,0.0,True
3446,1-Testosterone,0.0,0.046699096,0.0,True
2915,1V-LSD,1.0,0.9580807,1.0,True
2668,Quetiapine,0.0,0.03679453,0.0,True
121,A-834735,0.0,0.03505687,0.0,True
801,ab-005,1.0,0.9583465,1.0,True
832,jwh-210-n-5-hydroxypentyl-metabolite,0.0,0.035345875,0.0,True
310,16-08,1.0,0.82723564,1.0,True
2743,Testosterone Phenylpropionate,0.0,0.03521879,0.0,True
2714,Remifentanil,0.0,0.035101496,0.0,True
142,mmb2201,0.0,0.036754683,0.0,True
3293,"3-chloro-N,N-Dimethylcathinone",1.0,0.9571244,1.0,True
2919,W-18-d4,1.0,0.03917058,0.0,False
1805,"(4AS,5S,8AS)-(-)-8ABETA-METHOXYMETHOXYMETHYL-5BETA-METHYL-5ALPHA-(4-METHYL-3-PENTENYL)-3,4,4A,5,6,7,8,8A-OCTAHYDRONAPHTHALEN-1(2H)-ONE 1-ETHYLENE ACETAL",0.0,0.03712812,0.0,True
185,04-03,0.0,0.073040746,0.0,True
577,45-05,1.0,0.95787865,1.0,True
342,20-10,1.0,0.9367555,1.0,True
3177,(.+/-.)-Cannabicyclol,1.0,0.70914215,1.0,True
1576,"(E.E)-(1'R,2'S,5'R)-8'-BETA-NAPHTHYLMENTHYL-5-PHENYL-2,4-PENTADIENOATE",1.0,0.958148,1.0,True
1424,17-04,0.0,0.035758425,0.0,True
1994,"2-(2-HYDROXY-3,5-DI-TERT-BUTYL)PHENYL-5-CHLOROBENZOTRIAZOLE",0.0,0.036164135,0.0,True
1562,"(2,4,6-TRIMETHYLBENZOYL)TRIPHENYLSILANE",0.0,0.035731472,0.0,True
1784,DIHYDROLANOSTEROL,1.0,0.95826995,1.0,True
2248,Perampanel,0.0,0.03406065,0.0,True
170,02-08,0.0,0.036119048,0.0,True
2319,Bromazolam-d5 (Not certified by NIST),0.0,0.036145955,0.0,True
1588,"1,4-BIS(1-PHENYLTETRAMETHYLDISILANYL)BENZENE",1.0,0.94248354,1.0,True
497,37-05,1.0,0.95434415,1.0,True
3,jwh-200-7-hydroxyindole-metabolite,0.0,0.05633329,0.0,True
2205,25B-NBF,0.0,0.05809747,0.0,True
972,5-chloro-thj-018,1.0,0.95767075,1.0,True
137,MN-25,0.0,0.036611322,0.0,True
44,jwh-387,1.0,0.95763624,1.0,True
2444,"3,4-CTMP Acetyl derivative",0.0,0.42109072,0.0,True
663,4-fluoro-mdmb-butinaca-3-carboxyindazole-metabolite,0.0,0.037796523,0.0,True
1852,"LABDA-7,14-DIEN-13(R)-OL-ALPHA-L-RHAMNOPYRANOSIDE 2,3-O-ISOPROPYLIDENE DERIVATIVE",1.0,0.9567514,1.0,True
649,mmb-fubinaca,0.0,0.036018644,0.0,True
1084,"jwh-018-2-naphthyl-n-2,2-dimethylpropyl-isomer",0.0,0.035352558,0.0,True
660,ab-pinaca-3-carboxyindazole-metabolite,1.0,0.9566677,1.0,True
77,2-Fluoro NNEI,0.0,0.036296543,0.0,True
1040,rcs-8,0.0,0.03884334,0.0,True
2379,para-methyl Methoxyacetyl fentanyl,0.0,0.03558391,0.0,True
1476,"3alpha,6beta-Dihydroxy-5alpha-cholan-24-oic acid Methyl ester",0.0,0.03967494,0.0,True
1984,2-(3-HYDROXYBUTOXY)-N-(2-(DIETHYLAMINO)ETHYL)-4-QUINOLINECARBOXAMIDE,1.0,0.95700246,1.0,True
1392,Tetrahydrocannabivarin,1.0,0.95490766,1.0,True
340,20-08,0.0,0.03525115,0.0,True
1913,1-PENTAMETHYLDISILANYLOXY-4-PENTAMETHYLDISILANYLBENZENE,1.0,0.9581314,1.0,True
93,MAM2201 N-(3-fluoropentyl) isomer,0.0,0.035359554,0.0,True
1053,mdmb-butinaca-d9,0.0,0.041299354,0.0,True
2689,Fentanyl para methylphenyl analog,1.0,0.95433766,1.0,True
500,37-08,0.0,0.035098203,0.0,True
2669,Cyclohexyl fentanyl-d5,0.0,0.038997766,0.0,True
1294,adamantyl-thpinaca,1.0,0.958112,1.0,True
2601,ORG 28611,1.0,0.9309294,1.0,True
1833,"CHOLESTAN-3,6-DIONE",0.0,0.038002957,0.0,True
2939,25B-NBOMe Acetyl derivative,0.0,0.03640677,0.0,True
2387,Docosatetraenylethanolamide,0.0,0.036773987,0.0,True
1681,"BIS(2-HYDROXY-6-(2-HYDROXYETHOXY)-5-OXO-1,3,6-CYCLOHEPTATRIENYL)METHANE",0.0,0.39789587,0.0,True
1737,"7,12-DIHYDROXYPREGNA-1,4-DIENE-3-ONE-20-CARBOXYLIC ACID",0.0,0.036676407,0.0,True
74,3-fluoro NNEI,1.0,0.9584655,1.0,True
968,5-fluoro-cumyl-pica,1.0,0.9584655,1.0,True
1797,HEXACOSANE,0.0,0.0567464,0.0,True
3356,Methyldienolone,0.0,0.036166288,0.0,True
442,31-10,0.0,0.036156468,0.0,True
3097,Meclonazepam,0.0,0.034822065,0.0,True
2055,DIOCTYL ADIPATE,0.0,0.037462477,0.0,True
2569,Norcocaine TMS Derivative,0.0,0.035680838,0.0,True
1771,BIS(DI-4-METHOXYPHENYLMETHYL) ETHER,0.0,0.03901474,0.0,True
2996,U-48520,1.0,0.9581221,1.0,True
335,20-03,0.0,0.044873238,0.0,True
2155,OCTACOSANE,1.0,0.9581372,1.0,True
1439,25-09,0.0,0.03564727,0.0,True
127,(+) WIN 55212-2 (mesylate),0.0,0.034466337,0.0,True
2078,STIGMASTEROL,1.0,0.9580388,1.0,True
735,jwh-398-7-chloronaphthyl-isomer,1.0,0.9580457,1.0,True
3384,"3,4-Methylenedioxyphenylacetic acid, isopropyl ester",0.0,0.03564323,0.0,True
1843,"2-(3-DIPROPYLAMINOPROPIONYL)-5,7-DIMETHYL-1,2,3,4-TETRAHYDROPYRIMIDO(1,6-A)INDOLE",1.0,0.95457083,1.0,True
2359,"8,9-dihydro CBDP",1.0,0.957991,1.0,True
2931,N-(2C-B-fly) Fentanyl,1.0,0.95562446,1.0,True
1035,jwh-018-2naphthyl-n-1-methylbutyl-isomer,0.0,0.03599224,0.0,True
2059,CAPTODIAMINE,0.0,0.035696164,0.0,True
3239,Methylstenbolone,1.0,0.95808107,1.0,True
2497,Trenbolone Enanthate,1.0,0.92536545,1.0,True
3181,Mazindol (or breakdown),1.0,0.9581293,1.0,True
1885,"5-(3-ETHYLENEDIOXYBUTYL)-1-(4-METHYL-3-PENTENYL)-(1BETA,4ABETA),6-TRIMETHYL-1,2,3,4,4A,7,8,8A-OCTAHYDRONAPHTHALENE",0.0,0.035386406,0.0,True
3069,Phenylbutazone,0.0,0.036350824,0.0,True
1713,"4-METHOXYCARBONYL-5,6-DIPHENYL-2-(PARA-TOLYL)PERHYDROPYRROLO(3,4-C)PYRROLE-1,3-DIONE(3A,4-CIS-6,6A-TRANS)",1.0,0.95779246,1.0,True
1912,"N,N,N',N'-TETRAKIS(TRIMETHYLSILYL)-',4-PHENYLENEDIAMINE",0.0,0.035443105,0.0,True
1809,"ETHYL (4'AS,5'S,8'AS)-E-(+)-3-METHYL-5-((5'ALPHA-(4'-METHYL-3'-PENTENYL)-2',5'BETA,8'ABETA-TRIMETHYL-3',4',4'A,5',6',7',8',8'A-OCTAHYDRONAPHTHALENYL)-2-PENTENOATE",0.0,0.04371331,0.0,True
2076,"(22R,25S)-22,26-EPIMINO-5ALPHA-CHOLEST-5-EN-3BETA-OL",0.0,0.058924627,0.0,True
2267,Metonitazene-d3,1.0,0.95749706,1.0,True
1518,"3beta,12alpha-Dihydroxy-5alpha-cholan-24-oic acid Methyl ester",0.0,0.044791196,0.0,True
681,5-chloro-mdmb-pica,1.0,0.95350045,1.0,True
2538,ortho-Fluoroisobutyryl fentanyl,0.0,0.036592707,0.0,True
1039,jwh-011,1.0,0.95842785,1.0,True
2457,D8-iso-THC Acetate,0.0,0.035830457,0.0,True
2801,Tianeptine methyl ester,0.0,0.035681125,0.0,True
3290,Palmitoleic Acid,1.0,0.9581485,1.0,True
2219,Cannabigerol dimethyl ether,0.0,0.0365371,0.0,True
1397,Cannabigerovarin,0.0,0.04167176,0.0,True
655,4-fluoro-cumyl-5-fluoro-pinaca,0.0,0.03536822,0.0,True
2461,Crotonyl fentanyl,1.0,0.9451668,1.0,True
1999,3-TRIMETHYLSILYLOXYCHOLEST-5-ENE,1.0,0.9577061,1.0,True
190,04-08,0.0,0.037159905,0.0,True
2082,NARCEINE,1.0,0.035352413,0.0,False
926,mab-chminaca,0.0,0.036675017,0.0,True
3155,(.+/-.)-9Beta-hydroxy Hexahydrocannabinol,1.0,0.95656925,1.0,True
1742,"6-HYDROXY-3,4-DIHYDRO-2-(3-ISOPROPYLAMINO-2-HYDROXYPROPYLOXY)ETHYL-2H-1-BENZOPYRAN",1.0,0.9576417,1.0,True
903,5-fluoro-pb-22-6-hydroxyquinoline-isomer,0.0,0.035560053,0.0,True
1146,jwh-457,1.0,0.95816195,1.0,True
739,jwh-122-5-methylnaphthyl-isomer,1.0,0.7130937,1.0,True
437,31-05,1.0,0.9549773,1.0,True
2210,1cP-MiPLA,1.0,0.9576968,1.0,True
13,jwh-072,0.0,0.037556417,0.0,True
126,"(.+/-.)-WIN 55,212 (mesylate)",1.0,0.95785713,1.0,True
122,PTI-1,1.0,0.9567284,1.0,True
3146,1-Benzyl-4-phenyl-4-(propionyloxy)piperidine,0.0,0.04475625,0.0,True
1085,jwh-018-2-naphthyl-n-2-methylbutyl-isomer,1.0,0.95736355,1.0,True
171,02-09,0.0,0.03596995,0.0,True
776,MDA-19 N-(5-hydroxyhexyl) metabolite,0.0,0.038106646,0.0,True
1418,01-08,0.0,0.03640676,0.0,True
1934,ETHYL 2-METHOXY-6-PENTADECYLBENZOATE,1.0,0.06829504,0.0,False
1010,mpp-butinaca,1.0,0.95350045,1.0,True
1251,5f-pb-22-butylester-analogue,0.0,0.035875425,0.0,True
2853,Ascobic Acid TMS derivative,1.0,0.9578184,1.0,True
861,ab-pinaca-n-5-hydroxypentyl-metabolite,0.0,0.03589937,0.0,True
3262,Nalbuphine,0.0,0.05898313,0.0,True
1180,jwh-398-n-4-hydroxypentyl-metabolite,1.0,0.958238,1.0,True
3059,Diclazepam,0.0,0.03580659,0.0,True
3294,Ethyl acetate,0.0,0.040163253,0.0,True
3289,Desoxypipradol,0.0,0.038012158,0.0,True
935,cumyl-pinaca,0.0,0.03748136,0.0,True
2766,25T2-NB4OMe TFA derivative,0.0,0.035203144,0.0,True
1136,jwh-368,0.0,0.036427956,0.0,True
2814,N-(DOM) Fentanyl,1.0,0.95848936,1.0,True
564,44-02,1.0,0.95803994,1.0,True
743,jwh-081-7-methoxynaphthyl-isomer,1.0,0.95813763,1.0,True
1977,8-ACETOXY-2-CHLOROPROMAZINE,0.0,0.036836985,0.0,True
1026,jwh-073-2-naphthyl-n-2-methylpropyl-isomer,1.0,0.9578316,1.0,True
2950,Fluphenazine,1.0,0.03994175,0.0,False
1643,"4,7-DI(4-ETHOXYPHENYL)-6-(4-METHOXYPHENYL)-1,2,5-THIADIAZOLO(3,4-C)PYRIDINE",1.0,0.9588538,1.0,True
2260,Trimethobenzamide,0.0,0.05677519,0.0,True
1830,(4R)-1-ACETOXY-4-(TERT-BUTYLDIMETHYLSILYLOXY)-5-PIVALOYLOXYHEXENE,1.0,0.958178,1.0,True
2788,25I-NBF-imine,1.0,0.95809823,1.0,True
2679,25C-NBOMe Acetyl derivative,0.0,0.03670053,0.0,True
3317,Tetrahydrocannabinolic Acid-2TMS,1.0,0.9583456,1.0,True
2137,DIHYDROCHOLESTEROL,1.0,0.9493201,1.0,True
3411,4-Hydroxy Phencyclidine,0.0,0.03526396,0.0,True
2070,"2-ACETOXY-1-ACETYL-3,6-DI-TERT-BUTYLMERCAPTO-1,2,3,6-TETRAHYDRO-PYRIDINE",0.0,0.036390834,0.0,True
173,03-01,0.0,0.03703862,0.0,True
1112,jwh-030,1.0,0.95820415,1.0,True
1676,"2,3,5,7-TETRAACETOXY-4,6-DIBROMOTROPONE",1.0,0.9576888,1.0,True
523,40-01,1.0,0.95858896,1.0,True
2503,N-benzyl para-fluoro Norfentanyl,0.0,0.037682496,0.0,True
1372,Cannabigerol dimethyl ether,0.0,0.034733538,0.0,True
1573,"4H,5H-3-METHOXYCARBONYL-4-(1-METHOXYCARBONYLPYRROL-2-YL)METHYLENE-1-PHENYLPYRAZOL-5-ONE",1.0,0.9434323,1.0,True
195,05-03,0.0,0.035915557,0.0,True
549,42-07,0.0,0.03645357,0.0,True
1933,ETHYL2-METHOXY-6(1-PENTDECENYL)BENZOATE,1.0,0.8946269,1.0,True
1508,"3beta,7alpha,12alpha-Trihydroxy-5alpha-cholan-24-oic acid Methyl ester",1.0,0.828735,1.0,True
412,28-10,1.0,0.04012019,0.0,False
3417,p-Tosylamide,0.0,0.034947228,0.0,True
15,jwh-122,0.0,0.03544361,0.0,True
1218,jwh-018-8-quinolinyl-carboxamide,0.0,0.036194336,0.0,True
691,5-fluoro-edmb-pica,0.0,0.035334308,0.0,True
1277,5-fluoro-adb,1.0,0.9581036,1.0,True
2406,Formebolone,0.0,0.042939305,0.0,True
1948,(3-PYRIDYL)METHYL 12-EICOSENOATE,0.0,0.036168665,0.0,True
773,MPP-PICA,0.0,0.03547706,0.0,True
1543,DEHP,0.0,0.035745423,0.0,True
1657,"3,3',5,5'-TETRA-METHYL-4,4'-DICYCLOPROPYL-METHYLOXY-BIPHENYL",0.0,0.035786897,0.0,True
189,04-07,1.0,0.043234114,0.0,False
65,jwh-302,0.0,0.036127787,0.0,True
2200,Oliceridine,1.0,0.95564586,1.0,True
3083,delta-8-THCB,0.0,0.035012297,0.0,True
265,12-03,1.0,0.95841527,1.0,True
1444,S-Adenosyl-L-methionine,1.0,0.038214844,0.0,False
36,jwh-116,0.0,0.037895884,0.0,True
2681,Bromazolam-d5,1.0,0.95766467,1.0,True
147,ab-chminaca,0.0,0.035938162,0.0,True
1043,jwh-018-n-5-bromopentyl-analog,0.0,0.035799764,0.0,True
1437,25-07,1.0,0.8686866,1.0,True
1943,DIBUTYL 1-(N-TRIFLUOROACETYLAMINO)BUTYLPHOSPHONATE,0.0,0.035511944,0.0,True
840,jwh-018-n-4-oxo-pentyl-metabolite,0.0,0.036206152,0.0,True
3073,.delta.9-THC-d9 (Not Certified by NIST),0.0,0.035971776,0.0,True
3361,Benzylpiperazine-d7,0.0,0.03657461,0.0,True
1284,akb57,1.0,0.038623475,0.0,False
574,45-02,0.0,0.040202335,0.0,True
2574,PMMA-HFBA Derivative,1.0,0.95756745,1.0,True
3127,N-Propionyl para-fluoro norfentanyl,0.0,0.036016643,0.0,True
2751,.beta.'-Phenyl fentanyl,1.0,0.04851745,0.0,False
951,mab-chminaca-metabolite-m6,0.0,0.03623147,0.0,True
2465,2'-methyl Fentanyl,0.0,0.034660988,0.0,True
2499,Metonitazene,0.0,0.03462558,0.0,True
37,jwh-198,1.0,0.07445647,0.0,False
2407,"2',3'-Dimethoxy Fentanyl",1.0,0.9569842,1.0,True
2746,Drostanolone Enanthate,1.0,0.95069075,1.0,True
2909,Noscapine,0.0,0.034914605,0.0,True
2818,Lysergic acid di-TMS derivative,1.0,0.95806783,1.0,True
178,03-06,1.0,0.95321643,1.0,True
3015,Fentanyl,0.0,0.03553584,0.0,True
1142,jwh-072,1.0,0.957972,1.0,True
2552,Bipiperidinyl 4-ANPP,0.0,0.039640103,0.0,True
3320,3-Fluoro-.alpha.-Pyrrolidinohexanophenone,1.0,0.061598986,0.0,False
2901,Cabergoline,1.0,0.9581188,1.0,True
2936,Andarine,0.0,0.03548613,0.0,True
834,rcs-4-3-methoxy-isomer,1.0,0.9577716,1.0,True
1750,PENTAERYTHRITOL TETRAACRYLIC ACID ESTER,0.0,0.03511578,0.0,True
3403,Meperidine,0.0,0.03485246,0.0,True
2887,N-Piperidinyl Protonitazene,0.0,0.034961794,0.0,True
1639,"5,18,19-TRIOXO-5,6,7,8,15,16,17,18-OCTAHYDRO-7,16-METHANODINAPHTHO(2,3-A:2',3'-F)CYCLODECENE",0.0,0.036488913,0.0,True
2334,9(R)-Hexahydrocannabiphorol,1.0,0.7605655,1.0,True
1370,Dihydrocannabielsoin,0.0,0.036095325,0.0,True
723,rcs-4-c4-homolog,0.0,0.035408583,0.0,True
978,bzo-poxizid-d9,1.0,0.9577416,1.0,True
1870,TRIFLUOPROMAZINE,1.0,0.95684344,1.0,True
1982,2-(3-TRIMETHYLSILYLOXYBUTOXY)-N-(2-ETHYLAMINO)ETHYL)-3-PYRIDINECARBOXAMIDE,1.0,0.042453356,0.0,False
3369,Desmethylclotiazepam,1.0,0.9580012,1.0,True
562,43-10,1.0,0.9576655,1.0,True
3205,U-47931E,1.0,0.9582672,1.0,True
2041,TETRAHYDROFURFURYL 9-OCTADECENOATE,1.0,0.9534251,1.0,True
1237,5-fluoro-pb-22,0.0,0.036601532,0.0,True
1240,jwh-200,0.0,0.036871076,0.0,True
1145,jwh-165,0.0,0.03613657,0.0,True
3277,alpha-Pyrrolidinoisohexanophenone,0.0,0.03699339,0.0,True
615,49-03,1.0,0.9083695,1.0,True
2087,2-CHLORO-10-(3-(4-METHYL-1-PIPERAZINYL)PROPYL)PHENOTHIAZINE,0.0,0.035244457,0.0,True
3079,Piperidylthiambutene,0.0,0.035109095,0.0,True
3358,Brephedrone,0.0,0.03579175,0.0,True
2829,para-methoxy Furanyl fentanyl,1.0,0.9581277,1.0,True
435,31-03,0.0,0.035173964,0.0,True
792,jwh-073-4-methylnaphthyl-analog,1.0,0.9576585,1.0,True
1761,ERGOSTERIN,0.0,0.036145426,0.0,True
367,23-05,0.0,0.035158083,0.0,True
1972,BIS(PENTAFLUOROPHENYL)-TRICHLOROPHOSPHORANE,0.0,0.039541144,0.0,True
183,04-01,0.0,0.045222506,0.0,True
498,37-06,0.0,0.034858227,0.0,True
3139,Flavokawain B,0.0,0.03677341,0.0,True
494,37-02,0.0,0.036025167,0.0,True
1430,17-10,1.0,0.95805526,1.0,True
959,thj-018-bromo-analog,1.0,0.94664097,1.0,True
638,ethylphenethyl-fubica,1.0,0.036191627,0.0,False
1141,bzo-hexoxizid,0.0,0.039581418,0.0,True
123,PTI-2,0.0,0.03669629,0.0,True
2269,Ocfentanil-d5,0.0,0.03637929,0.0,True
400,27-08,1.0,0.04202557,0.0,False
35,jwh-167,1.0,0.95732445,1.0,True
256,11-04,0.0,0.035626587,0.0,True
1889,"DIMETHYL 2-BENZYL-2-(3,4-DIMETHOXYPHENYL)MALONATE",0.0,0.05612187,0.0,True
3080,N-ethyl Nitrazepam,0.0,0.035259146,0.0,True
2526,3'-Fluorofentanyl,0.0,0.03757809,0.0,True
2567,N-benzyl para-fluoro norfentanyl,0.0,0.035520166,0.0,True
3441,Hexylresorcinol,0.0,0.054783076,0.0,True
1940,DIBUTYL 1-(N-TRIFLUOROACETYLAMINO)PENTYLPHOSPHONATE,0.0,0.035778243,0.0,True
1135,jwh-369,0.0,0.04257898,0.0,True
1353,adb-5-primebr-butinaca-d9-not-certified-by-nist,0.0,0.037908353,0.0,True
1256,5f-ambica,1.0,0.9582611,1.0,True
70,AM2201,1.0,0.95556587,1.0,True
301,15-09,0.0,0.037985742,0.0,True
160,ab-fubinaca-2-indazole-isomer,0.0,0.036384717,0.0,True
1533,Anilofos,1.0,0.9404514,1.0,True
2627,Valeryl fentanyl-d5,1.0,0.8472425,1.0,True
90,AM2201 N-(3-chloropentyl) isomer,0.0,0.035431746,0.0,True
3052,"4-Benzyloxy-N,N-dimethyltryptamine",1.0,0.9576972,1.0,True
539,41-07,1.0,0.9580519,1.0,True
1245,pb-22-indazole-methylester-analogue,0.0,0.036207892,0.0,True
278,13-06,1.0,0.9515339,1.0,True
1947,5-ALPHA-CHOLESTAN-3-BETA-YL BENZOATE,1.0,0.95832896,1.0,True
487,36-05,0.0,0.04068513,0.0,True
1130,jwh-398-6-chloronaphthyl-isomer,0.0,0.035558008,0.0,True
535,41-03,0.0,0.035649322,0.0,True
2973,Campesterol,0.0,0.03522501,0.0,True
2873,25B-NBF Acetyl derivative,0.0,0.036683828,0.0,True
525,40-03,0.0,0.036822464,0.0,True
2105,METHYL 2-TRIMETHYLSILOXY-EICOSANOATE,0.0,0.03804806,0.0,True
1126,jwh-133,0.0,0.03588546,0.0,True
1111,jwh-031,0.0,0.03595685,0.0,True
306,16-04,0.0,0.03599691,0.0,True
3363,Thiofentanyl,0.0,0.035999544,0.0,True
981,mdmb-butica,1.0,0.95794725,1.0,True
1312,4-cyano-cumyl-but7aica,0.0,0.036271393,0.0,True
2486,Acetyl fentanyl 4-methylphenethyl analog-d5,0.0,0.035755433,0.0,True
1365,Cannabidivarin,1.0,0.9554731,1.0,True
2161,N-ACETYL-GLYCYL-VALYL-LEUCYL-ALANINE METHYL ESTER,1.0,0.95741415,1.0,True
2838,Testosterone Decanoate,0.0,0.035988025,0.0,True
1591,"5,5'-BIS(PENTAMETHYLDISILANYL)-2,2'-BITHIOPHENE",0.0,0.035318602,0.0,True
543,42-01,1.0,0.036267545,0.0,False
252,10-10,1.0,0.9588538,1.0,True
3165,Diazepam-d3,0.0,0.03548079,0.0,True
1521,"3alpha,7beta-Dihydroxy-5alpha-cholan-24-oic acid Methyl ester",1.0,0.95817596,1.0,True
3379,2-Methylamino-1-phenylbutane,0.0,0.035381585,0.0,True
2537,2-Fluoromethamphetamine HFBA Derivative,0.0,0.035101917,0.0,True
1807,"METHYL (2XI,4AS,5S,8AS)-(-)-8ABETA-METHOXYMETHOXYMETHYL-5BETA-METHYL-5ALPHA-(4-METHYL-3-PENTENYL)-3,4,4A,5,6,7,8,8A-OCTAHYDRONAPHTHALEN-1-OXO-2-CARBOXYLATE",0.0,0.03666266,0.0,True
533,41-01,1.0,0.9580045,1.0,True
2964,25I-NBOMe,0.0,0.036032274,0.0,True
2500,Donepezil,0.0,0.035890464,0.0,True
3110,Mesterolone,0.0,0.04080726,0.0,True
2484,ortho-Methyl Furanyl fentanyl,1.0,0.9577087,1.0,True
1895,"1,3-DI(3,4-DIMETHOXYPHENYL)BENZO(F)QUINAZOLINE",0.0,0.102699704,0.0,True
1319,4-fluoro-cumyl-5-fluoro-pinaca,1.0,0.03571165,0.0,False
2708,(.+/-.)-cis-3-methyl Butyryl fentanyl (hydrochloride),1.0,0.9581105,1.0,True
2696,D8-THCB Acetate,0.0,0.042152666,0.0,True
2904,N-Pyrrolidino Butonitazene,0.0,0.034855988,0.0,True
2741,N-pyrrolidino Fluetonitazene,1.0,0.958151,1.0,True
658,4-fluoro-mdmb-butinaca-n-4-hydroxybutyl-metabolite,1.0,0.9577622,1.0,True
842,pb-22,0.0,0.03602652,0.0,True
3296,Clodesnitazene,1.0,0.95718855,1.0,True
3169,Olanzapine,1.0,0.9577436,1.0,True
547,42-05,0.0,0.06911597,0.0,True
1049,adb-5f-butinaca,1.0,0.19512837,0.0,False
3010,"3,4-Dichloro-N-cyclohexyl Methcathinone",0.0,0.035558708,0.0,True
304,16-02,0.0,0.036104638,0.0,True
3089,25C-NBOMe,0.0,0.03567558,0.0,True
1172,jwh-167,1.0,0.9577995,1.0,True
830,jwh-250-5-hydroxyindole-metabolite,1.0,0.9571795,1.0,True
2860,N-(DOBU) Fentanyl,1.0,0.95813924,1.0,True
3444,Zolazepam,1.0,0.036225177,0.0,False
55,jwh-302,0.0,0.03650278,0.0,True
295,15-03,0.0,0.035423096,0.0,True
1044,jwh-018-6-methoxyindole-analog,0.0,0.036786973,0.0,True
502,37-10,1.0,0.95828706,1.0,True
3360,Alphaprodine,1.0,0.9581985,1.0,True
1060,s-5-fluoro-adb-d4,1.0,0.958656,1.0,True
3064,"4-bromo-2,5-DMMA",1.0,0.95773137,1.0,True
2676,1'-hydroxy Midazolam,0.0,0.03564527,0.0,True
515,39-03,1.0,0.9581247,1.0,True
957,ab-fubica-rm,0.0,0.036300775,0.0,True
364,23-02,1.0,0.95686567,1.0,True
3029,Delorazepam,1.0,0.9574658,1.0,True
176,03-04,0.0,0.03483115,0.0,True
1711,"4-ETHOXYCARBONYL-5-METHYL-6-(1-PROPENYL)-2-(PARA-TOLYL)PERHYDROPYRROLO(3,4-C)PYRROLE-1,3-DIONE (3A,4-TRANS-6,6A-CIS)",1.0,0.9550923,1.0,True
60,jwh-073,0.0,0.035523105,0.0,True
3448,4-Fluoro-.alpha.-Methylaminoisohexanophenone,1.0,0.9553847,1.0,True
976,mmb-fubica,1.0,0.95639384,1.0,True
2302,meta-fluoro Furanyl fentanyl,0.0,0.03728298,0.0,True
3314,5-methoxy DBT,0.0,0.035301488,0.0,True
495,37-03,0.0,0.036781773,0.0,True
3170,9(R)-Hexahydrocannabutol,0.0,0.035216756,0.0,True
3355,4-Fluoromethamphetamine,1.0,0.9561034,1.0,True
79,5-chloro NNEI,0.0,0.04015884,0.0,True
2623,Tamoxifen,0.0,0.035440564,0.0,True
1037,jwh-073-2-naphthyl-isomer,1.0,0.9577565,1.0,True
130,AM1220 azepane isomer,1.0,0.95840997,1.0,True
671,mdmb-chmica-metabolite-m2,0.0,0.03934081,0.0,True
1945,"1,3-DI-O-TRIMETHYLSILYLOCTADECASPHINGANINE",0.0,0.035532113,0.0,True
815,akb48-n-5-fluoropentyl-analog,0.0,0.034891732,0.0,True
2483,6.beta.-Naltrexol-d3,0.0,0.03824546,0.0,True
953,ab-chminaca-metabolite-m4-d4,0.0,0.04228919,0.0,True
2092,PERICYAZINE,1.0,0.95807743,1.0,True
2106,METHYL 2-TRIMETHYLSILOXY-OCTADECANOATE,1.0,0.958151,1.0,True
1738,"3,7,11,15-TETRAMETHYL-1-(4-METHYLPYPERADINO)-HEXADECA-2,6,10,14-TETRAENE",1.0,0.9571392,1.0,True
1150,jwh-387,0.0,0.03730718,0.0,True
468,34-06,0.0,0.0357228,0.0,True
2979,"N-(2,5-DMA) Fentanyl",0.0,0.03506345,0.0,True
2942,SR 17018,1.0,0.95804733,1.0,True
1782,STIGMASTEROL,1.0,0.93592954,1.0,True
2079,STIGMASTERONE,1.0,0.95774657,1.0,True
3341,4-Fluorotropacocaine,0.0,0.036526717,0.0,True
2209,5-Methyl Etodesnitazene,0.0,0.03762523,0.0,True
2410,Fenethylline,1.0,0.95839983,1.0,True
3030,"3,4-Methylenedioxy-PV9",1.0,0.03594686,0.0,False
2464,Phenazepam-d4,1.0,0.9537822,1.0,True
436,31-04,0.0,0.035215873,0.0,True
2180,Thiophene fentanyl 3-thiophenecarboxamide,0.0,0.036364526,0.0,True
1893,"1,3-DI(4-BROMOPHENYL)BENZO(F)QUINAZOLINE",1.0,0.9539415,1.0,True
757,PX 2,0.0,0.03717362,0.0,True
2423,para-methyl Tetrahydrofuran fentanyl,0.0,0.03564658,0.0,True
1306,jwh-072-n-carboxy-tms,1.0,0.95807534,1.0,True
2659,para-hydroxy Butyryl fentanyl,1.0,0.9556117,1.0,True
2270,ortho-Methylfentanyl,0.0,0.03623095,0.0,True
336,20-04,0.0,0.037683398,0.0,True
3092,17.alpha.-methyl-.delta.-1-dihydrotestosterone,1.0,0.9575762,1.0,True
1428,17-08,0.0,0.03467485,0.0,True
1164,jwh-205,0.0,0.03578183,0.0,True
576,45-04,0.0,0.035425253,0.0,True
1925,"4-BROMOBENZOYLMETHYL (9Z,12Z)-15,16-EPOXYOCTADECADIENOATE",0.0,0.036120094,0.0,True
2231,AL-NBF-imine,0.0,0.04607466,0.0,True
2050,DI-O-BENZAMIDODIPHENYL DISULFIDE,1.0,0.9580999,1.0,True
1079,jwh-016,1.0,0.03703069,0.0,False
511,38-09,0.0,0.038267333,0.0,True
1384,Cannabiripsol,0.0,0.03595904,0.0,True
1082,jwh-018-2-naphthyl-n-1-ethylpropyl-isomer,0.0,0.03639383,0.0,True
483,36-01,0.0,0.03593526,0.0,True
1419,01-09,0.0,0.03627025,0.0,True
2357,para-Methoxy-Butyrylfentanyl-d7 (Not Certified by NIST),0.0,0.035038237,0.0,True
3037,Danazol,1.0,0.95175457,1.0,True
1987,"2,6-DITRIMETHYLSILYLOXY-4-QUINOLINECARBOXYLIC ACID TRIMETHYLSILYL ESTER",0.0,0.035189174,0.0,True
2634,1-(4-fluorobenzyl)piperazine-HFBA Derivative,1.0,0.95736146,1.0,True
1342,4-cyano-cumyl-butczca,0.0,0.034760173,0.0,True
184,04-02,0.0,0.035966646,0.0,True
527,40-05,1.0,0.95806867,1.0,True
2263,"N,N-dimethylamino 4'-hydroxy Nitazene",0.0,0.036225848,0.0,True
2840,"N-(3,4,5-TMA) Fentanyl",0.0,0.035026394,0.0,True
3067,2-Amino-5-bromo-2'-fluorobenzophenone,1.0,0.95842785,1.0,True
1333,5-chloro-mdmb-pica,0.0,0.035280786,0.0,True
1527,7alpha-Hydroxy-5alpha-cholan-24-oic acid Methyl ester,1.0,0.95805657,1.0,True
365,23-03,1.0,0.9572295,1.0,True
1363,Tetrahydrocannabivarin,1.0,0.8656148,1.0,True
2207,Canrenone,1.0,0.9578756,1.0,True
1458,"3beta,4beta,12alpha-Trihydroxy-5beta-cholan-24-oic acid Methyl ester",0.0,0.035805073,0.0,True
2890,Cisapride,0.0,0.039422594,0.0,True
2947,Allonitazene,1.0,0.036102448,0.0,False
3373,Coluracetam,1.0,0.9568823,1.0,True
1092,jwh-122-5-methylnaphthyl-isomer,0.0,0.035995062,0.0,True
2029,DIETHYLENE GLYCOL DIPELARGONATE,0.0,0.035750553,0.0,True
3367,1-(4-Methoxyphenyl)piperazine,1.0,0.93940943,1.0,True
2916,Isotonitazene Uncyclized Intermediate,0.0,0.07325854,0.0,True
2672,Nitazene,1.0,0.9583558,1.0,True
1879,CAMPESTEROL,0.0,0.03575126,0.0,True
92,AM2201 N-(4-fluoropentyl) isomer,0.0,0.03525603,0.0,True
2843,5-Trifluoromethyl Isotonitazene,0.0,0.036231,0.0,True
3402,Fluorolintane,0.0,0.036812782,0.0,True
2394,N-Pyrrolidino 5-Amino Protodesnitazene,0.0,0.035921242,0.0,True
1202,jwh-193,1.0,0.95794296,1.0,True
461,33-09,0.0,0.03556146,0.0,True
2467,Clidinium,0.0,0.04787317,0.0,True
1670,BETA-SITOSTANYL ACETATE,1.0,0.9582126,1.0,True
3076,N-Ethylnorpentedrone TFA derivative,0.0,0.035672177,0.0,True
3281,"3,4-Methylenedioxycathinone",0.0,0.035407368,0.0,True
1149,jwh-247,1.0,0.9577495,1.0,True
3142,10(S)-Hydroxy-9(R)-hexahydrocannabinol,0.0,0.037186485,0.0,True
2962,Simvastatin,1.0,0.95794976,1.0,True
2280,Fentanyl-d5,0.0,0.03505677,0.0,True
2832,Ziprasidone,0.0,0.03574643,0.0,True
1339,5-fluoro-edmb-pica,0.0,0.039060432,0.0,True
3447,"2,3-Pentylone isomer",1.0,0.95819825,1.0,True
477,35-05,0.0,0.03573313,0.0,True
2169,"3,5-DI-TERT-BUTYL-N,N-BIS(TERT-BUTYLDIMETHYLSILYL)ANILINE",0.0,0.035575822,0.0,True
1663,ERGOSTEROL,1.0,0.95786726,1.0,True
2795,4-DAMP,0.0,0.048138116,0.0,True
1946,5-ALPHA-CHOLESTAN-3-ALPHA-YL BENZOATE,1.0,0.07687514,0.0,False
3160,Escitalopram,0.0,0.03963309,0.0,True
1158,jwh-080,0.0,0.036126386,0.0,True
1209,jwh-203-n-4-hydroxypentyl-metabolite,0.0,0.038725633,0.0,True
1190,jwh-073-2-hydroxyindole-metabolite,1.0,0.95786446,1.0,True
1971,CITRIC ACID-TETRA-TMS,0.0,0.03548129,0.0,True
944,5-fluoro-py-pinaca,0.0,0.04362743,0.0,True
2239,.alpha.-Methyl Butyryl fentanyl,0.0,0.03699825,0.0,True
529,40-07,1.0,0.95041424,1.0,True
2794,25T2-NB4OMe Acetyl derivative,0.0,0.041842736,0.0,True
3025,7-Aminoflunitrazepam-d7,1.0,0.08133611,0.0,False
3302,5-methoxy PiPT,0.0,0.03577972,0.0,True
3026,(.+/-.)-Methadone-d3,0.0,0.034795724,0.0,True
1048,adb-5-primebr-decinaca,0.0,0.03830645,0.0,True
1472,6beta-Hydroxy-5alpha-cholan-24-oic acid Methyl ester,1.0,0.95807666,1.0,True
1493,"3alpha,7beta-Dihydroxy-5beta-cholan-24-oic acid Methyl ester",0.0,0.034779582,0.0,True
10,jwh-016,1.0,0.95813924,1.0,True
2520,Ethylene Nitazene,1.0,0.9582248,1.0,True
338,20-06,1.0,0.95806456,1.0,True
1485,"3alpha,7alpha,12alpha-Trihydroxy-5beta-cholan-24-oic acid Methyl ester",0.0,0.035680216,0.0,True
1722,"1-TRIDEUTERIOMETHYL-4(6-(3,7-DIMETHYL-2,6-OCTADIENYL-10-HYDROXY-5,9-DIMETHYL-1-OXO-DECA-4-EN-1-YL)-PIPERADINE",0.0,0.03629695,0.0,True
153,5-chloro-akb48,0.0,0.051882714,0.0,True
1236,jwh-018-benzimidazole-analog,1.0,0.94468457,1.0,True
902,5-fluoro-pb-22-5-hydroxyquinoline-isomer,1.0,0.038029682,0.0,False
2428,"cis-4,10,13,16-Docosatetraenoic Acid methyl ester",1.0,0.037771013,0.0,False
563,44-01,1.0,0.9581464,1.0,True
2548,MT-45-d11 (hydrochloride),0.0,0.03498452,0.0,True
2133,STIGMAST-5-EN-3BETA-OL,0.0,0.048223127,0.0,True
1459,"3beta,4beta-Dihydroxy-5beta-cholan-24-oic acid Methyl ester",1.0,0.9575926,1.0,True
1069,jwh-018-n-5-bromopentyl-analog,0.0,0.035539802,0.0,True
1484,Lagocholic Acid Methyl ester,0.0,0.035734266,0.0,True
2591,N-desmethyl Rilmazolam,0.0,0.0360882,0.0,True
1470,"3alpha,6alpha,7beta-Trihydroxy-5beta-cholan-24-oic acid Methyl ester",0.0,0.037001215,0.0,True
22,jwh-019,1.0,0.93934053,1.0,True
2015,2-TRIMETHYLSILYLOXY-N-(2-(DIETHYLAMINO)ETHYL)-4-QUINOLINECARBOXAMIDE,1.0,0.9572317,1.0,True
2492,5-cyano Protodesnitazene,1.0,0.95353884,1.0,True
2124,CHOLESTEROL ACETATE,0.0,0.036175467,0.0,True
1501,12alpha-Hydroxy-5beta-cholan-24-oic acid Methyl ester,0.0,0.036428742,0.0,True
850,jwh-073-n-2-hydroxybutyl-metabolite,1.0,0.95784605,1.0,True
3163,Despropionyl (.+/-.)-cis-3-methyl fentanyl,0.0,0.03564145,0.0,True
2452,Furanyl fentanyl 3-furancarboxamide isomer-d5,0.0,0.03600193,0.0,True
2628,Methoxy U-47700,1.0,0.9577897,1.0,True
3424,delta-Valerolactone,0.0,0.037197065,0.0,True
2977,Protonitazene-d7,0.0,0.036546297,0.0,True
1642,"1,4,9,14-TETRAOXO-1,4,6,7,8,9,14,15,16,17-DECAHYDRO-7,16-METHANODINAPHTHO(2,3-A:2',3'-F)CYCLODECENE",0.0,0.38182312,0.0,True
519,39-07,1.0,0.9580663,1.0,True
2019,DIBUTOXYETHOXYETHYL ADIPATE,0.0,0.03489782,0.0,True
2224,3'-Methyl Fentanyl,1.0,0.83134043,1.0,True
927,5-fluoro-adb,0.0,0.037790578,0.0,True
852,5-fluoro-pb-22-n-4-fluoropentyl-isomer,0.0,0.0358287,0.0,True
958,ab-fubica,0.0,0.03516661,0.0,True
343,21-01,0.0,0.035389703,0.0,True
409,28-07,0.0,0.057862576,0.0,True
2371,D6-Testosterone Enanthate,0.0,0.03479587,0.0,True
2491,(.+/-.)-11-nor-9-carboxy-delta 9-THC,0.0,0.036928896,0.0,True
1343,4-cyano-adb-butinaca,0.0,0.037880648,0.0,True
1783,STIGMASTERONE,0.0,0.037390165,0.0,True
104,ab-fubinaca,0.0,0.039072,0.0,True
1839,"2-CYCLOHEXYL-5-(2-(6-METHYL-3-PYRIDYL)ETHYL)-1,2,3,4-TETRAHYDRO-GAMMA-CARBOLINE",0.0,0.036174025,0.0,True
118,akb48,1.0,0.95837855,1.0,True
573,45-01,1.0,0.95773757,1.0,True
385,26-03,1.0,0.9578777,1.0,True
897,ab-pinaca-n-4-fluoropentyl-isomer,0.0,0.035619266,0.0,True
1926,"3-ETHOXY-6-(1,5-DIHYDROXY-5-METHYL-4-PHENYLTHIOHEXYL)-2-CYCLOHEXEN-1-ONE",0.0,0.038139116,0.0,True
1166,jwh-197,1.0,0.9581094,1.0,True
1970,"2-(2-BUTYL-5-METHYL-1,3,2-DIOXABOROLANE-4-YL)METHOXY-N-(2-ETHYLAMINOETHYL)-4-QUINOLINECARBOXAMIDE",1.0,0.9518084,1.0,True
3024,8-Aminoclonazolam-d4,0.0,0.035799254,0.0,True
2433,Nandrolone TMS Derivative,0.0,0.03571183,0.0,True
5,jwh-180,0.0,0.036672253,0.0,True
1355,mdmb-4en-pinaca-d4-not-certified-by-nist,1.0,0.9583433,1.0,True
2749,Erythorbic Acid 4-TMS derivative,0.0,0.037116576,0.0,True
132,CB-13,1.0,0.19346464,0.0,False
1665,"2-METHYL-1,4-BIS(TRIMETHYLSTANNYL)-2-BUTENE",1.0,0.9529752,1.0,True
3443,6-methyl Etodesnitazene,1.0,0.9380092,1.0,True
2108,METHYL 2-TRIMETHYLSILOXY-TETRACOSANOATE,1.0,0.48567063,0.0,False
884,adb-pinaca-isomer-2,1.0,0.9575783,1.0,True
3158,Methadone-d9 (Not certified by NIST),1.0,0.95665604,1.0,True
536,41-04,0.0,0.048945613,0.0,True
808,xlr11-n-2-fluoropentyl-isomer,1.0,0.95739347,1.0,True
2249,N-desethyl Metonitazene,1.0,0.95812064,1.0,True
2047,DI-N-OCTYL PHTHALATE,0.0,0.03606145,0.0,True
1056,mdmb-pica-d9,0.0,0.038196914,0.0,True
3035,Estriol,1.0,0.9438214,1.0,True
66,MAM2201 N-(4-fluoropentyl) isomer,1.0,0.95790887,1.0,True
2045,ISOOCTYL ISODECYL PHTHALATE,0.0,0.03886291,0.0,True
2364,para-Fluorofentanyl-d5 (Not Certified by NIST),1.0,0.9578882,1.0,True
1699,"6,7,8,9,10,10-HEXACHLORO-1,5,5A,6,9,9A-HEXAHYDRO-6,9-METHANO-2,4,3-BENZODIOXATHIEPIN3-OXIDE",0.0,0.035553984,0.0,True
2639,B-Hydroxythiofentanyl-d5 (hydrochloride),0.0,0.03652764,0.0,True
758,3-fluoro NNEI,0.0,0.035402697,0.0,True
1051,4-fluoro-mdmb-butinaca-d4,1.0,0.9582138,1.0,True
456,33-04,0.0,0.036666457,0.0,True
1500,12beta-Hydroxy-5beta-cholan-24-oic acid Methyl ester,1.0,0.9571035,1.0,True
621,49-09,0.0,0.035992097,0.0,True
2507,Rilmazolam,1.0,0.9398378,1.0,True
270,12-08,0.0,0.036389686,0.0,True
1151,jwh-412,0.0,0.040298972,0.0,True
1255,nmenmepitma,0.0,0.03523062,0.0,True
2641,Isobutyryl fentanyl,1.0,0.95808315,1.0,True
3270,3'-Methyl Acetyl fentanyl,0.0,0.035711482,0.0,True
447,32-05,0.0,0.035821576,0.0,True
2943,"2,2,3,3-tetramethyl-Cyclopropyl fentanyl-d5",0.0,0.035293177,0.0,True
634,7-methoxy-nabutie,0.0,0.0357569,0.0,True
346,21-04,1.0,0.9580342,1.0,True
29,jwh-368,0.0,0.037239417,0.0,True
2970,Dinonyl phthalate,1.0,0.9580494,1.0,True
918,ab-chminaca-metabolite-m1a,1.0,0.95537543,1.0,True
1299,5-fluoro-pb-22-3-carboxyindole-metabolite-d5,0.0,0.03736195,0.0,True
48,jwh-133,0.0,0.03595216,0.0,True
1803,"N-EICOSA-5,8,11,14-TETRAENOYLPYRROLIDINE",0.0,0.03655912,0.0,True
532,40-10,0.0,0.03580256,0.0,True
161,ab-7-fubaica,0.0,0.036073137,0.0,True
2761,Nefazodone,0.0,0.03503364,0.0,True
3271,"3,4-Methylenedioxyphenylacetic acid, ethyl ester",0.0,0.03511052,0.0,True
3012,Flualprazolam,1.0,0.9577357,1.0,True
281,13-09,1.0,0.95784616,1.0,True
120,"A-834,735",0.0,0.03548261,0.0,True
3423,Azaprocin,1.0,0.95804715,1.0,True
175,03-03,1.0,0.9577061,1.0,True
370,23-08,1.0,0.9578279,1.0,True
298,15-06,0.0,0.05071782,0.0,True
2876,LH 21,0.0,0.03501916,0.0,True
3249,CBDVQ,0.0,0.034593962,0.0,True
259,11-07,0.0,0.03576509,0.0,True
1547,Isradipine,1.0,0.95804757,1.0,True
1502,3beta-Hydroxy-5beta-cholan-24-oic acid Methyl ester,0.0,0.038865663,0.0,True
720,adb-p7aica,0.0,0.03538247,0.0,True
2125,STIGMASTEROL ACETATE,1.0,0.9574392,1.0,True
80,PX1,1.0,0.9584459,1.0,True
751,jwh-210-8-ethylnaphthyl-isomer,1.0,0.03708771,0.0,False
124,"WIN 54,461",0.0,0.035897203,0.0,True
482,35-10,1.0,0.95575845,1.0,True
1358,Cannabigerorcin,0.0,0.03842356,0.0,True
2094,TARTARIC ACID-TETRA-TMS,1.0,0.9578534,1.0,True
366,23-04,0.0,0.035833094,0.0,True
892,akb48-4-fluorobenzyl-analog,0.0,0.035362173,0.0,True
3167,Alprazolam-d8,1.0,0.9579995,1.0,True
3332,para-methyl Cyclopentyl fentanyl,0.0,0.035871994,0.0,True
1047,3tms-cumyl-prinaca,0.0,0.035486404,0.0,True
2064,"1-METHYLAMINO-9,10-DIPHENYL-ANTHRACENE",1.0,0.9580532,1.0,True
163,02-01,0.0,0.03665799,0.0,True
3106,1(S)-Tetrahydrocannabidiol,1.0,0.9561684,1.0,True
813,ur-144n-5-chloropentyl-analog,1.0,0.9573735,1.0,True
2402,Brotizolam,1.0,0.95805985,1.0,True
1086,jwh-018-2-naphthyl-n-3-methylbutyl-isomer,1.0,0.9385288,1.0,True
2603,Mephedrone-HFBA Derivative,0.0,0.035948485,0.0,True
809,xlr11-n-3-fluoropentyl-isomer,0.0,0.035480563,0.0,True
2952,7-hydroxy Mitragynine,1.0,0.41078487,0.0,False
780,"WIN 55,212-3",0.0,0.037662383,0.0,True
983,mmb-ica,0.0,0.035299193,0.0,True
1122,jwh-206,0.0,0.036353547,0.0,True
1382,Cannabinerol,1.0,0.95609117,1.0,True
3300,.alpha.-Phthalimidopropiophenone,1.0,0.9579727,1.0,True
1689,"(1S,2S,3E,7S,8R,11S,12Z)-7-ACETOXY-2,17-DIHYDROXY-8,11-EPIDIOXYCEMBRA-3,12,15-TRIENE",1.0,0.9576635,1.0,True
1474,"3beta,6beta-Dihydroxy-5alpha-cholan-24-oic acid Methyl ester",0.0,0.036438476,0.0,True
1669,"2,4-DIBENZYL-4,4A-DIHYDRO-1H-(1,3,5)TRIAZINO(1,2-A)QUINOLINE-1,3,6(2H,5H)-TRIONE",0.0,0.22846586,0.0,True
1287,5-fluoro-py-pinaca,0.0,0.036045376,0.0,True
1022,edmb-4en-pinaca,1.0,0.9580028,1.0,True
687,4-fluoro-mdmb-butica,1.0,0.95686567,1.0,True
1903,"2-METHOXY-4,5-DIPHENYL-6-STYRYLPYRIMIDINE",1.0,0.953948,1.0,True
1409,Dihydrocannabielsoin,1.0,0.9573877,1.0,True
2262,para-bromo 4-ANPP,1.0,0.9580919,1.0,True
1057,adb-5-primebr-pinaca-d9,1.0,0.95817703,1.0,True
857,akb48-n-4-hydroxypentyl-metabolite,0.0,0.062034186,0.0,True
1408,Carmagerol,1.0,0.9571063,1.0,True
2436,Flurazepam,0.0,0.03495824,0.0,True
3078,3-(4-Chloro-2-methylphenyl)-2-methyl-4(3H)quinazolinone,0.0,0.036574036,0.0,True
2107,METHYL 2-TRIMETHYLSILOXY-HEXADECANOATE,1.0,0.9580584,1.0,True
838,rcs-4-m11-metabolite,0.0,0.036259968,0.0,True
463,34-01,0.0,0.0356929,0.0,True
2866,25C-NB4OMe TFA derivative,1.0,0.95842946,1.0,True
2897,Spirobrorphine,0.0,0.03688239,0.0,True
399,27-07,1.0,0.9582834,1.0,True
1775,"GLYOXAL BIS(O-2,3,4,5,6-PENTAFLUOROBENZYLOXIME)",0.0,0.04685962,0.0,True
781,"(-) WIN 55,212-3",1.0,0.9572294,1.0,True
1242,pb-22-butylester-analogue,0.0,0.036020964,0.0,True
3436,Phenethyl chloride,0.0,0.039545756,0.0,True
706,mdmb-butinaca,0.0,0.065467514,0.0,True
448,32-06,0.0,0.036080733,0.0,True
860,jwh-081-4-hydroxynaphthyl-metabolite,0.0,0.035612028,0.0,True
2870,Furosemide TMS Derivative,1.0,0.9581456,1.0,True
748,jwh-122-6-methylnaphthyl-isomer,0.0,0.044531807,0.0,True
1857,ESTRADIOL DI-TRIMETHYLSILYL ETHER,1.0,0.9580933,1.0,True
201,05-09,0.0,0.035006892,0.0,True
458,33-06,1.0,0.9580735,1.0,True
1168,jwh-059,0.0,0.035751957,0.0,True
78,4-Fluoro NNEI,0.0,0.03554547,0.0,True
277,13-05,0.0,0.035626415,0.0,True
1378,Cannabiphorol,0.0,0.055707157,0.0,True
1686,KETOEMBLIDE,0.0,0.03693293,0.0,True
443,32-01,0.0,0.035964694,0.0,True
88,NNEI 2'-indazole isomer,1.0,0.95793533,1.0,True
513,39-01,0.0,0.03535702,0.0,True
2277,MDMA TPC Derivative,0.0,0.03851021,0.0,True
2780,Trenbolone Hexahydrobenzylcarbonate,0.0,0.035219084,0.0,True
59,jwh-370,1.0,0.9582171,1.0,True
3285,Benzyl propionate,1.0,0.95817405,1.0,True
2126,BETA-SITOSTEROL-METHYL ETHER,1.0,0.9583397,1.0,True
3081,Nandrolone Acetate,0.0,0.10662036,0.0,True
191,04-09,0.0,0.036213357,0.0,True
1068,rcs-4-3-methoxy-isomer,0.0,0.064058356,0.0,True
2804,1S-LSD,0.0,0.035635944,0.0,True
49,jwh-200-analog-1,1.0,0.035909597,0.0,False
2906,N-(2C-P) Fentanyl,0.0,0.03537839,0.0,True
1962,HEXADECYLPYRIDINIUM BROMIDE,0.0,0.05245032,0.0,True
2575,D9-THC Propionate,0.0,0.04042025,0.0,True
1787,ISOFUCOSTEROL,1.0,0.9582074,1.0,True
2220,R-6890,0.0,0.03528916,0.0,True
524,40-02,1.0,0.95792735,1.0,True
3034,Nordifludiazepam,0.0,0.036436174,0.0,True
2711,fentanyl-d5,1.0,0.9581118,1.0,True
1212,jwh-019-n-5-hydroxyhexyl-metabolite,0.0,0.036690146,0.0,True
2114,BUTYL N-TRIFLUOROACETYL 1-AMINOBUTYLPHOSPHONATE,0.0,0.036790084,0.0,True
1881,"(2S,2'R)-N,N'-DICARBOBENZOXY-2,2'-BIPYRROLIDINE",1.0,0.9516138,1.0,True
526,40-04,0.0,0.035784543,0.0,True
2700,Delta8-THC Acetate,0.0,0.03621994,0.0,True
2949,Sildenafil,1.0,0.9575453,1.0,True
1704,"CIS-5-(6-FORMYLHEXYL)-TRANS-4-(CIS-1-OCTENYL)-2,REF.-3-DIPHENYLISOXAZOLIDINE",1.0,0.9581544,1.0,True
2760,para-Methoxy Furanyl fentanyl,0.0,0.03534907,0.0,True
3202,"5-methoxy-N,N-Diethylpentylone",1.0,0.9576702,1.0,True
3133,Temazepam,1.0,0.95821446,1.0,True
1361,Cannabidiol,1.0,0.95725256,1.0,True
2315,4-phenyl U-51754,1.0,0.9579619,1.0,True
3241,N-Trichloroacetylmethamphetamine,0.0,0.03705551,0.0,True
1840,"2-(2-AMINO-2-METHYLPROPYL)-1-METHYL-3-(1,2,2,6,6-PENTAMETHYL-1,2,3,6-TETRAHYDRO-4-PYRIDYL)INDOLE",1.0,0.95829296,1.0,True
1804,"3-PYRIDYLMETHYL OCTADECA-9,12-DIENOATE",0.0,0.03598715,0.0,True
1781,"3,7-DIMETHYL-6-OCTENYL TETRADECANOATE",1.0,0.95814,1.0,True
1121,jwh-210-2-ethylnaphthyl-isomer,0.0,0.034945805,0.0,True
517,39-05,1.0,0.95587325,1.0,True
1188,jwh-073-n-4-hydroxybutyl-metabolite,0.0,0.035297513,0.0,True
3099,Norcodeine,0.0,0.034616902,0.0,True
2831,Methylprednisolone Acetate,0.0,0.035985183,0.0,True
248,10-06,1.0,0.9582325,1.0,True
3173,Ethyl stearate,0.0,0.038464066,0.0,True
1129,jwh-398-7-chloronaphthyl-isomer,0.0,0.046347518,0.0,True
1307,jwh-166,1.0,0.95795524,1.0,True
2596,Mitragynine,0.0,0.03565135,0.0,True
58,jwh-098,1.0,0.958311,1.0,True
341,20-09,0.0,0.03604662,0.0,True
2618,TRV-130,0.0,0.03667291,0.0,True
3108,Hydromorphone,0.0,0.03528757,0.0,True
923,akb48-exempt-preparation,0.0,0.03552616,0.0,True
1259,5-fluoro-pb-22-5-hydroxyquinoline-isomer,1.0,0.85039246,1.0,True
2961,Narceine,0.0,0.035098944,0.0,True
2289,30C-NBOMe,0.0,0.035213307,0.0,True
3038,MDAI di-TMS Derivative,0.0,0.035887484,0.0,True
1640,"5,18-DIOXO-5,6,7,8,15,16,17,18-OCTAHYDRO-7,16-METHANODINAPHTHO(2,3-A:2',3'-F)CYCLODECENE",1.0,0.9356297,1.0,True
3141,25C-NB3OMe,0.0,0.03516787,0.0,True
2770,Suvorexant,0.0,0.035138626,0.0,True
445,32-03,1.0,0.95856345,1.0,True
2278,3-hydroxy Phenazepam,0.0,0.036220863,0.0,True
626,4-cyano-cumyl-butinaca-isomer-2,1.0,0.9575805,1.0,True
408,28-06,0.0,0.035159476,0.0,True
3292,2C-T-2,1.0,0.95788586,1.0,True
3421,Estazolam,0.0,0.038771324,0.0,True
1675,"3,4,5,6-TETRAACETOXY-2,7-DIBROMOTROPONE",1.0,0.95820427,1.0,True
2910,BTMPS,1.0,0.95676756,1.0,True
1393,Cannabidivarin,1.0,0.9581687,1.0,True
2765,"3', 4', 5'-Trimethoxycinnamoylcocaine",0.0,0.036533765,0.0,True
1516,"3beta,12beta-Dihydroxy-5alpha-cholan-24-oic acid Methyl ester",0.0,0.035985712,0.0,True
3214,"9(S)-delta6a,10a-THC",0.0,0.03523307,0.0,True
2636,l-Methamphetamine TPC derivative,1.0,0.9581454,1.0,True
2792,beta'-Phenyl fentanyl,0.0,0.03640012,0.0,True
2933,Boldenone Undecylenate,0.0,0.03576793,0.0,True
1492,"3beta,7beta-Dihydroxy-5beta-cholan-24-oic acid Methyl ester",1.0,0.038844764,0.0,False
108,jwh-250,0.0,0.03543156,0.0,True
1683,"(2E,6E,10E,15E)-6,10-BIS(TRIMETHYLSILYLMETHYL)-2,6,10,14-HEXADECATETRAENE",0.0,0.04218722,0.0,True
390,26-08,0.0,0.036147546,0.0,True
2000,CHOLESTEROL,0.0,0.034310855,0.0,True
1572,"(2S,2AR,5AS)-6-TRIMETHYLSILYL-3,5-DIOXO-4-PHENYL-1,2,3,4,5,6-HEXAHYDROPYRROLO(3,4-C)PYRROLE",0.0,0.036791064,0.0,True
1666,"1,3-DIBENZYL-2H-PYRIMIDO(1,2-A)(1,3,5)TRIAZINE-2,4,8(1H,3H)-TRIONE",0.0,0.036668446,0.0,True
2086,METHYCHLOTHIAZIDE,0.0,0.03589272,0.0,True
560,43-08,0.0,0.036084946,0.0,True
2994,NDTDI,0.0,0.036166944,0.0,True
1727,"3,4-DIHYDRO-2-(4-BENZYL-1-PIPERADYL)-ETHYL-6-HYDROXY-2,5,7,8-TETRAMETHYL-2H-1-BENZOPYRAN",1.0,0.9571703,1.0,True
1410,Hexocannabitriol,0.0,0.03600565,0.0,True
135,CB-52,0.0,0.035854824,0.0,True
1950,(3-PYRIDYL)METHYL (Z)-9-OCTADECENOATE,1.0,0.957881,1.0,True
1511,"3alpha,7alpha,12alpha-Trihydroxy-5alpha-cholan-24-oic acid Methyl ester",0.0,0.035595812,0.0,True
3409,"4-Trifluoromethyl-N-((1R,2R)-2-(dimethylamino)cyclohexyl)-benzamide",1.0,0.5436294,1.0,True
3109,Etodolac,0.0,0.036823057,0.0,True
499,37-07,1.0,0.9583763,1.0,True
674,5-fluoro-mdmb-7-paica-butanoic-acid-metabolite,1.0,0.95782584,1.0,True
1716,"5,5'-METHYLENEDI(2-PARA-TOLYLPERHYDROPYRROLO(3,4-C)PYRROLE-1,3-DIONE)",0.0,0.03531533,0.0,True
3179,exo-THC,0.0,0.035274617,0.0,True
3229,"3,4-dichloro-.alpha.-Pyrrolidinoisohexanophenone",0.0,0.034971174,0.0,True
1019,s-5-fluoro-adb,1.0,0.95821524,1.0,True
174,03-02,1.0,0.9538832,1.0,True
1177,jwh-250-n-5-hydroxypentyl-metabolite,1.0,0.95817465,1.0,True
1291,ab-chmfuppyca,1.0,0.95822716,1.0,True
2815,25I-NBMD,1.0,0.93995506,1.0,True
453,33-01,1.0,0.9578991,1.0,True
2460,.beta.-Hydroxythioacetylfentanyl,0.0,0.03606238,0.0,True
1176,jwh-145-2-phenyl-isomer,0.0,0.050477788,0.0,True
514,39-02,0.0,0.03513018,0.0,True
1685,DIOCTYL ADIPATE,0.0,0.035838813,0.0,True
2849,DOC-HFBA Derivative,0.0,0.036359675,0.0,True
2266,.beta.-Benzopinacolone,1.0,0.9583618,1.0,True
145,5-fluoro-amb,0.0,0.03750674,0.0,True
188,04-06,1.0,0.958035,1.0,True
1335,5-fluoro-ab-7-paica,0.0,0.03624722,0.0,True
3346,a-Ethyltryptamine,0.0,0.037296075,0.0,True
1420,01-10,1.0,0.9579987,1.0,True
26,cannabipiperidiethanone,0.0,0.036238346,0.0,True
3265,N-acetyl-4-fluoroamphetamine,1.0,0.9465382,1.0,True
3338,"2,3-Dimethoxyphenethylamine",1.0,0.8543202,1.0,True
949,mab-chminaca-metabolite-m1,1.0,0.9557601,1.0,True
303,16-01,0.0,0.036781568,0.0,True
2405,4-Phenyl U-51754,1.0,0.038940776,0.0,False
616,49-04,0.0,0.036353715,0.0,True
1323,4-fluoro-mdmb-butinaca-3-carboxyindazole-metabolite,0.0,0.039653245,0.0,True
1662,8-METHOXY-2-METHYL-6-METHYLENE-7-(TRIMETHYLSILYL)METHYL-2-PENTADECENE,1.0,0.9562944,1.0,True
2757,Rimonabant,0.0,0.03801266,0.0,True
206,06-04,0.0,0.036671452,0.0,True
833,jwh-073-2-hydroxyindole-metabolite,1.0,0.9580829,1.0,True
1116,jwh-210-8-ethylnaphthyl-isomer,0.0,0.03753563,0.0,True
904,5-fluoro-pb-22-7-hydroxyquinoline-isomer,0.0,0.036515534,0.0,True
722,adb-5-primebr-inaca,1.0,0.9468069,1.0,True
282,13-10,0.0,0.04066945,0.0,True
1134,jwh-370,0.0,0.057410367,0.0,True
492,36-10,0.0,0.03464523,0.0,True
3432,a-Pyrrolidinohexanophenone,0.0,0.035762142,0.0,True
1097,jwh-164,0.0,0.04067187,0.0,True
2663,"4'-Fluoro, para-fluoro-cis-3-methyl Fentanyl",1.0,0.95798934,1.0,True
1659,1-DEHYDROTESTOSTERONE BENZOATE,0.0,0.03571095,0.0,True
3204,5'-hydroxy-9(S)-Hexahydrocannabinol,1.0,0.9575866,1.0,True
3144,Acetyl-.alpha.-methyl fentanyl,0.0,0.036104623,0.0,True
731,"jwh-073-2-naphthyl-n-1,1-dimethylethyl-isomer",0.0,0.035923664,0.0,True
2515,Phenazepam,1.0,0.039450333,0.0,False
2211,(N-Phenyl-N-[1-(2-phenylethyl)-4-piperidinyl]propanethioamide),1.0,0.9360256,1.0,True
1571,"(2AR,5AS,6R)-2,4-DIPHENYL-6-TRIMETHYLSILYL-3,5-DIOXO-3,4,5,6-TETRAHYDROPYRROLO(3,4-C)PYRROLE",0.0,0.052986808,0.0,True
2188,Etodesnitazene,1.0,0.95762366,1.0,True
1503,Lithocholic Acid methyl ester,0.0,0.03668786,0.0,True
2033,DIBENZYL SEBACATE,0.0,0.03919999,0.0,True
3327,p-Tyramine,1.0,0.958332,1.0,True
1171,jwh-071,0.0,0.037606865,0.0,True
2595,3-Methylmethcathinone-HFBA Derivative,1.0,0.95825374,1.0,True
3383,Furanyl fentanyl-d5,1.0,0.93192655,1.0,True
1072,jwh-018-n-1-methylbutyl-isomer,0.0,0.035392884,0.0,True
168,02-06,0.0,0.03615206,0.0,True
3362,5-MAPDI,1.0,0.9582609,1.0,True
299,15-07,0.0,0.03516211,0.0,True
1847,"1,1'-BINAPHTHYL-2,2'-BISACRYLATE",1.0,0.9580201,1.0,True
2691,FIBF-d7,1.0,0.8605005,1.0,True
2326,Acetylcodeine,1.0,0.036749203,0.0,False
1599,DI(2-(5-BROMOTHIENYL))DIMETHYLSILANE,0.0,0.0370951,0.0,True
271,12-09,1.0,0.9582163,1.0,True
1586,"2,7-BIS(CHLOROMETHYLPHENYLSILYL)NAPHTHALENE",0.0,0.035930503,0.0,True
2527,ortho-fluoro Valeryl fentanyl,0.0,0.035142753,0.0,True
2156,ALPHA-(4-DIMETHYLAMINOPHENYL)-OMEGA-(9-PHENANTHRYL)OCTANE,0.0,0.036225792,0.0,True
1249,5f-pb-22-indazole-ethylester-analogue,0.0,0.035647124,0.0,True
2253,Etizolam,1.0,0.9579688,1.0,True
1193,jwh-200-7-hydroxyindole-metabolite,1.0,0.95817506,1.0,True
812,jwh-122-n-5-hydroxypentyl-metabolite,0.0,0.057514716,0.0,True
2963,Org 27569,0.0,0.03501009,0.0,True
1598,"1,2-DIMETHYLTETRAPHENYLDISILANE",1.0,0.95751053,1.0,True
180,03-08,1.0,0.9580312,1.0,True
2547,para-fluoro Furanyl fentanyl 3-furancarboxamide isomer,1.0,0.9577437,1.0,True
1592,"1,3,5-TRIS(CHROLODIMETHYLSILYL)BENZENE",1.0,0.040632676,0.0,False
1837,"3-METHOXY-2,6-DIMETHYL-(6R)-((2R)-2-METHYLBUTYRYLOXY)-5-(4-NITROBENZOYLOXY)-2,4-CYCLOHEXADIEN-1-ONE",0.0,0.03560017,0.0,True
650,5-bromo-apinaca,0.0,0.069293946,0.0,True
702,mdmb-chm7aica,1.0,0.9580584,1.0,True
845,ur-144-n-2-chloropentyl-analog,0.0,0.037555445,0.0,True
2430,delta-8-THC Acetate,0.0,0.036313277,0.0,True
629,adb-fubica,1.0,0.95782137,1.0,True
3123,JB-336,1.0,0.95766217,1.0,True
1377,Cannabielsoin,1.0,0.9576864,1.0,True
2336,Famprofazone,1.0,0.9583109,1.0,True
1443,Vitexicarpin,1.0,0.9581387,1.0,True
2028,TRIETHYLENE GLYCOL DI-2-ETHYLHEXANOATE,1.0,0.9578968,1.0,True
3310,(-) Menthol,1.0,0.9576444,1.0,True
2127,FUCOSTEROL METHYL ETHER,0.0,0.035026796,0.0,True
630,mep-fubica,0.0,0.03844438,0.0,True
1253,5f-pb-22-pentafluorpropil-analogue,0.0,0.037552007,0.0,True
1014,cumyl-tsinaca,0.0,0.037001442,0.0,True
3255,N-acetyl-4-methylmethamphetamine,0.0,0.035347093,0.0,True
740,jwh-122-7-methylnaphthyl-isomer,0.0,0.034644075,0.0,True
1969,2-(3-(3-TRIMETHYLSILYLOXYBENZOYL)PHENYL)PROPIONIC ACID TRIMETHYLSILYL ESTER,0.0,0.040926408,0.0,True
2673,"Dimethyl-3,5-di-(3,4-methylenedioxy)phenylpyridine",0.0,0.036559362,0.0,True
2257,2-Methylmethcatinone-HFBA Derivative,0.0,0.03650372,0.0,True
267,12-05,1.0,0.957994,1.0,True
486,36-04,0.0,0.035586618,0.0,True
3269,Di-n-propyl phthalate,0.0,0.0356431,0.0,True
1539,"(5S,11S)-5,11-dimethylpentacosane",0.0,0.036165077,0.0,True
1266,jwh-200-analog-1,1.0,0.9581913,1.0,True
1301,5-fluoro-cumyl-pica,0.0,0.035144214,0.0,True
1901,"9,11-DIPHENYLBENZO(E)PYRIMIDO(4,5-B)INDOLE",0.0,0.037948303,0.0,True
1070,jwh-018-n-2-methylbutyl-isomer,1.0,0.9586168,1.0,True
1453,Chlorogenic acid,1.0,0.76763403,1.0,True
3154,Proparacaine,0.0,0.036875125,0.0,True
1162,jwh-252,1.0,0.95795405,1.0,True
106,pravadoline,1.0,0.13877809,0.0,False
1546,Ferulic acid 4-O-glucuronide,1.0,0.9580406,1.0,True
54,jwh-015,1.0,0.95803905,1.0,True
1198,jwh-210-n-4-hydroxypentyl-metabolite,1.0,0.29273462,0.0,False
1740,DIOCTYL ADIPATE,0.0,0.03653021,0.0,True
3140,Bromodiphenhydramine,0.0,0.03625631,0.0,True
1354,adb-hexinaca-n-6-hydroxyhexyl-metabolite-not-certified-by-nist,0.0,0.03756641,0.0,True
84,CH-PIATA,1.0,0.93805367,1.0,True
266,12-04,0.0,0.03868877,0.0,True
1848,"(1R,2S,5R)-5-METHYL-2-(1-METHYL-1-(2'-NAPHTHYL)ETHYL)-CYCLOHEXANE-1-YL BENZOATE",1.0,0.9581999,1.0,True
2759,25I-NB-3-F-imine,1.0,0.9580874,1.0,True
3187,4'-Fluoro Diazepam,1.0,0.9546459,1.0,True
3260,Chloramphenicol,0.0,0.03542618,0.0,True
800,.+/-.-ur-144-n-4-hydroxypentyl-metabolite,1.0,0.9416594,1.0,True
2796,Norverapamil,0.0,0.035411846,0.0,True
1641,"5,9,14,18-TETRAOXO-5,6,7,8,9,14,15,16,17,18-DECAHYDRO-7,16-METHANODINAPHTHO(2,3-A:2'3'-F)CYCLODECENE",0.0,0.039181028,0.0,True
2886,N-Acetyl 25I-NBOMe,1.0,0.95691276,1.0,True
3070,.DELTA.9-THCH,0.0,0.035923146,0.0,True
668,5-fluoro-mdmb-pica-metabolite-7-d5,0.0,0.037180178,0.0,True
2294,6.alpha.-Naltrexol,0.0,0.035830706,0.0,True
1076,jwh-011,1.0,0.95812154,1.0,True
457,33-05,1.0,0.95391357,1.0,True
2664,Heroin-d9 (Not certified by NIST),0.0,0.03508275,0.0,True
207,06-05,0.0,0.03896573,0.0,True
3195,Ganaxolone,1.0,0.93936855,1.0,True
3321,4-Dimethylamino-N-benzylcathinone,0.0,0.035969447,0.0,True
1700,LYCORINE DIACETATE,1.0,0.95827556,1.0,True
1403,Cannabibutol,1.0,0.036528315,0.0,False
1366,Cannabifuran,0.0,0.036741845,0.0,True
2122,"STIGMASTA-5,24(28)-DIEN-3-OL ACETATE",1.0,0.9546999,1.0,True
3046,Alprazolam,0.0,0.036017288,0.0,True
3275,2C-N,0.0,0.03500848,0.0,True
1679,"2,5-BIS(2,5-DIMETHOXYBENZYLOXY)TROPONE",0.0,0.035331946,0.0,True
3077,para-methyl AP-237,0.0,0.03500104,0.0,True
1823,D-12-TRIMETHYLSILOXY-CIS-9-OCTADECENOICACID TRIMETHYLSILYL ESTER,1.0,0.9582752,1.0,True
3306,2-Amino-3-(2-chlorobenzoyl)-5-ethylthiophene,0.0,0.04149624,0.0,True
1290,fub-jwh-018-d5,0.0,0.044832088,0.0,True
193,05-01,1.0,0.95722896,1.0,True
613,49-01,0.0,0.036496866,0.0,True
1108,"jwh-073-2-naphthyl-n-1,1-dimethylethyl-isomer",0.0,0.035234414,0.0,True
2789,Alfentanil,0.0,0.0368843,0.0,True
1487,"7alpha,12beta-Dihydroxy-5beta-cholan-24-oic acid Methyl ester",1.0,0.9579213,1.0,True
1725,"2,6,10,13,17,21-HEXAMETHYL-11-HENICOSEN-10,13-DIOL",1.0,0.95793587,1.0,True
2091,PERPHENAZINE,1.0,0.042855956,0.0,False
734,jwh-018-2-naphthyl-n-1-ethylpropyl-isomer,0.0,0.035996154,0.0,True
3253,5-Methoxyindole-3-carboxaldehyde,0.0,0.03468599,0.0,True
1083,jwh-018-2-naphthyl-n-1-methylbutyl-isomer,1.0,0.95629704,1.0,True
2959,Remimazolam,0.0,0.036430996,0.0,True
3380,"N-methyl,N-acetyl-3,4-methylenedioxyphenylalanine",0.0,0.036557112,0.0,True
40,jwh-203,0.0,0.03670429,0.0,True
1320,5-fluoro-mdmb-pica-metabolite-7,0.0,0.0439909,0.0,True
3183,Delta4(8)-iso-THC,0.0,0.039334707,0.0,True
1061,4-fluoro-adb,1.0,0.957411,1.0,True
3072,4-Anilino-N-phenethylpiperidine,1.0,0.95809376,1.0,True
454,33-02,0.0,0.035077684,0.0,True
297,15-05,0.0,0.04178798,0.0,True
1600,"2,5-DI(CHLOROMETHYLPHENYLSILYL)FURAN",1.0,0.9581592,1.0,True
710,afub7aica,0.0,0.04149323,0.0,True
1718,"6-ACETOXY-3,4-DIHYDRO-2,5,7,8-TETRAMETHYL-2-(4,8,12-TRIMETHYLTRIDECAN-1-YL)-2H-1-BENZOPYRANE",1.0,0.95815724,1.0,True
697,4-cyano-cumyl-butczca,1.0,0.9576921,1.0,True
280,13-08,1.0,0.95460093,1.0,True
2246,(R)-HHC methyl carbonate,0.0,0.03592431,0.0,True
761,MDA 19,1.0,0.9371015,1.0,True
1223,jwh-019-n-4-fluorohexyl-isomer,0.0,0.035929374,0.0,True
994,adb-fubinaata,0.0,0.038313363,0.0,True
450,32-08,1.0,0.03750498,0.0,False
1059,4-chloro-mdmb-butinaca,1.0,0.9578699,1.0,True
2369,3'-fluoro ortho-Fluorofentanyl,1.0,0.95784914,1.0,True
1540,"(5S,11R)-5,11-dimethylpentacosane",1.0,0.95770323,1.0,True
1191,jwh-122-n-5-hydroxypentyl-metabolite,0.0,0.03633785,0.0,True
489,36-07,0.0,0.036164146,0.0,True
3113,Piperine,0.0,0.05467268,0.0,True
296,15-04,0.0,0.035860922,0.0,True
1612,"3,4-DIMETHYL-6-(2,5-DIMETHYLPHENYL)-6-PHENYL-1,1-BIS(TRIMETHYLSILYL)-1-SILACYCLOHEX-3-ENE",0.0,0.035791025,0.0,True
538,41-06,0.0,0.035965174,0.0,True
962,fub-jwh-018-d5,0.0,0.04689188,0.0,True
807,jwh-309-5-isomer,0.0,0.037362743,0.0,True
1927,"4-BROMOBENZOYLMETHYL(12Z)-9,10-EPOXYOCTAD",1.0,0.9571951,1.0,True
1161,jwh-032,0.0,0.036265157,0.0,True
964,5-fluoro-pb-22-3-carboxyindole-metabolite,0.0,0.04049747,0.0,True
255,11-03,0.0,0.05072402,0.0,True
368,23-06,1.0,0.95818675,1.0,True
3054,"1(R),2(S)-epoxy Cannabidiol",0.0,0.045698486,0.0,True
2580,meta-Chlorofentanyl,0.0,0.047372885,0.0,True
1235,jwh-019,0.0,0.0362745,0.0,True
403,28-01,0.0,0.04001835,0.0,True
1998,2-(3-(4-TRIMETHYLSILYLOXYBENZOYL)PHENYL)PROPIONIC ACID TRIMETHYLSILYL ESTER,0.0,0.06634069,0.0,True
3324,5-Chloro AMT,0.0,0.03551925,0.0,True
580,45-08,0.0,0.03620064,0.0,True
434,31-02,0.0,0.035601657,0.0,True
2003,2-(3-TRIMETHYLSILYLOXYBUTOXY)-N-(2-(ETHYLAMINO)ETHYL)-3-PYRIDINECARBOXAMIDE,0.0,0.036446154,0.0,True
759,5-Chloro-NNEI,0.0,0.036031827,0.0,True
1634,"BUTYL 4,7-DI(PARA-ETHOXYPHENYL)-1,2,5-THIADIAZOLO(3,4-C)PYRIDINE-6-CARBOXYLATE",0.0,0.036441483,0.0,True
263,12-01,1.0,0.9563557,1.0,True
1416,01-06,1.0,0.9578882,1.0,True
1002,mdmb-pica,0.0,0.036187056,0.0,True
1461,"3alpha,4beta,7alpha-Trihydroxy-5beta-cholan-24-oic acid Methyl ester",1.0,0.0362923,0.0,False
395,27-03,0.0,0.036916718,0.0,True
1824,"2-TRIMETHYLSILOXY-1,2,3-PROPANETRICARBOXYLIC ACID TRIS(TRIMETHYLSILYL) ESTER",0.0,0.03675889,0.0,True
666,5-fluoro-cumyl-pegaclone,0.0,0.035432592,0.0,True
2425,Methcathinone TPC Derivative,1.0,0.95848554,1.0,True
873,5-fluoro-sdb-006,1.0,0.9575956,1.0,True
150,f2201,1.0,0.95792973,1.0,True
2361,25T-NBOMe,0.0,0.0363388,0.0,True
3178,"3,4-difluoro U-47700",1.0,0.9550751,1.0,True
305,16-03,0.0,0.035120204,0.0,True
1986,N-(2-BUTOXY-4-QUINOLINECARBONYL)GLYCINE TRIMETHYLSILYL ESTER,1.0,0.040729005,0.0,False
895,adbica-n-4-hydroxypentyl-metabolite,0.0,0.03658954,0.0,True
2362,.alpha.'-methoxy Fentanyl,0.0,0.035461538,0.0,True
115,jwh-018,1.0,0.94840026,1.0,True
1230,5-fluoro-ab-pinaca,1.0,0.9569459,1.0,True
1114,jwh-251,0.0,0.03648712,0.0,True
2191,Sufentanil-d5,0.0,0.0366162,0.0,True
646,5-fluoro-7-apaica,0.0,0.03544064,0.0,True
552,42-10,0.0,0.036085695,0.0,True
784,AM679,0.0,0.035541505,0.0,True
2164,"(4S,5S)-2,2-DIMETHYL-4,5-BIS(TOSYLOXYMETHYL)-1,3-DIOXOLANE",1.0,0.9577296,1.0,True
1629,STIGMASTEROL ACETATE,1.0,0.9580503,1.0,True
273,13-01,0.0,0.03507444,0.0,True
991,4-fluoro-ab-butinaca,0.0,0.036573566,0.0,True
2954,Methenolone Enanthate,0.0,0.034856454,0.0,True
550,42-08,1.0,0.9554071,1.0,True
406,28-04,0.0,0.035958182,0.0,True
1980,"2-(2,3-DITRIMETHYLSILYLOXYBUTOXY)-N-(2-(DIMETHYLAMINO)ETHYL)-4-QUINOLINECARBOXAMIDE",0.0,0.036227804,0.0,True
134,CB-86,1.0,0.95673823,1.0,True
2701,delta-9-THC-C8,0.0,0.035474915,0.0,True
3043,6.beta.-Oxycodol,0.0,0.040049292,0.0,True
1159,jwh-045,0.0,0.03544165,0.0,True
924,i-amb,0.0,0.03596843,0.0,True
1006,mdmb-5-primebr-butinaca,0.0,0.039281733,0.0,True
2228,N-Pyrrolidino Etodesnitazene,0.0,0.035432406,0.0,True
1957,"1,3,5,6-TETRA-O-ACETYL-2,4-DI-O-METHYLHEXITOL (1-D)",1.0,0.94011945,1.0,True
2521,Brucine,0.0,0.040073335,0.0,True
2727,"2'-fluoro, ortho-fluoro (.+/-.)-(cis)-3-methyl Fentanyl",1.0,0.95726913,1.0,True
3193,Venlafaxine-d6 (Not certified by NIST),0.0,0.036294907,0.0,True
1922,"(2E,6E,10E)-1-(2ALPHA-ISOPROPYL-5BETA-METHYLCYCLOHEXOXYACETYLOXY)-14-ISOPROPENYL-3,7,11-TRIMETHYLCYCLOTETRADECATRIENE",1.0,0.95838773,1.0,True
459,33-07,0.0,0.038389407,0.0,True
3209,1-(4-Methoxybenzamidomethyl)-cyclohexyldimethylamine,0.0,0.035247643,0.0,True
1637,"4,7-DI(PARA-ETHOXYPHENYL)-6-(ORTHO-CHLOROPHENYL)-1,2,5-THIADIAZOLO(3,4-C)PYRIDINE",1.0,0.93124413,1.0,True
152,emb-fubinaca,1.0,0.9578093,1.0,True
1352,4-fluoro-ab-butinaca,1.0,0.95682484,1.0,True
469,34-07,1.0,0.9494258,1.0,True
2685,Cannabidiol-C8,0.0,0.034812935,0.0,True
2605,para-fluoro Crotonyl fentanyl,1.0,0.9580946,1.0,True
982,ab-ica,0.0,0.036308173,0.0,True
1213,akb48-n-5-hydroxypentyl-metabolite,0.0,0.039655518,0.0,True
3381,Nitroglycerin,0.0,0.036101837,0.0,True
974,adb-binaca,1.0,0.9577715,1.0,True
1401,Cannabinol methyl ether,0.0,0.037234444,0.0,True
2999,ortho-methyl 4-Anilino-1-Boc-piperidine,0.0,0.03669447,0.0,True
1017,afubiata,1.0,0.958656,1.0,True
3323,4-fluoro-.alpha.-Pyrrolidinoisohexanophenone,0.0,0.036485996,0.0,True
3136,25G-NBOMe,0.0,0.03542592,0.0,True
2945,JZL195,0.0,0.036166307,0.0,True
474,35-02,0.0,0.03615129,0.0,True
859,5-fluoro-ab-pinaca,1.0,0.9537372,1.0,True
855,adb-fubinaca,0.0,0.03491614,0.0,True
169,02-07,1.0,0.9387937,1.0,True
777,MDA 77,0.0,0.041086156,0.0,True
3392,"N-formyl-3,4-methylenedioxymethamphetamine",1.0,0.9505465,1.0,True
1941,DIBUTYL 1-(N-TRIFLUOROACETYLAMINO)PENTYLPHOSPHONATE,0.0,0.036416326,0.0,True
9,jwh-309,0.0,0.035423364,0.0,True
3023,Nalorphine,1.0,0.95748985,1.0,True
496,37-04,1.0,0.9544294,1.0,True
3090,Oxymorphone,1.0,0.0442374,0.0,False
1387,Sesquicannabigerol,0.0,0.036729943,0.0,True
2160,ALPHA-(4-DIMETHYLAMINOPHENYL)-OMEGA-(9-PHENANTHRYL)BUTANE,0.0,0.03428775,0.0,True
1113,jwh-020,1.0,0.91052455,1.0,True
2451,2C-T-NBOMe,1.0,0.9579778,1.0,True
2674,Laudanosine,0.0,0.037074342,0.0,True
3404,4-HTMPIPO,1.0,0.957939,1.0,True
1228,jwh-307-brominated-analogue,1.0,0.9580046,1.0,True
2365,Cannabidiolic Acid,0.0,0.036401186,0.0,True
1468,"3alpha,6beta,7beta-Trihydroxy-5beta-cholan-24-oic acid Methyl ester",0.0,0.035719212,0.0,True
1633,"4,7-DI(PARA-ETHOXYPHENYL)-1,2,5-THIADIAZOLO(3,4-C)PYRIDAZINE",0.0,0.035275333,0.0,True
98,thj,1.0,0.9576217,1.0,True
3200,para-Methoxy 4-ANPP,1.0,0.9581708,1.0,True
1919,"(6E,10E)-1-ACETOXY-14-(1-HYDROXY-1-METHYLETHYL)-2,3-EPOXY-3,7,11-TRIMETHYLCYCLOTETRADECADIENE",0.0,0.03525949,0.0,True
1914,"FLUOROISOPROPYL(2,4,6-TRI-TERT-BUTYLPHENYL)SILANOL",0.0,0.036685314,0.0,True
117,ab-pinaca,1.0,0.9442092,1.0,True
125,WIN 54461,0.0,0.035829637,0.0,True
1064,adb-fubiata,0.0,0.03605315,0.0,True
261,11-09,0.0,0.037429832,0.0,True
2586,Zopiclone,0.0,0.03589358,0.0,True
2427,Trazodone-d6,1.0,0.958101,1.0,True
3420,5-Amino-1-phenylpyrazolo-4-carbonitrile,0.0,0.03570423,0.0,True
696,mmb-chm7aica,1.0,0.9582931,1.0,True
670,5-fluoro-mdmb-pica-metabolite-2,0.0,0.03539172,0.0,True
2203,5-cyano Isotodesnitazene,0.0,0.035422076,0.0,True
1554,alpha-Tocopherol,0.0,0.038945988,0.0,True
2217,ortho-Fluoroacetyl fentanyl,0.0,0.036784966,0.0,True
1850,"LABDA-7,14-DIEN-13(R)-OL-ALPHA-L-RHAMNOPYRANOSIDE 2,3-O-ISOPROPYLIDENE DERIVATIVE (2,2,2,3,3,3-D6)",0.0,0.038538374,0.0,True
1477,"3alpha,6alpha-Dihydroxy-5alpha-cholan-24-oic acid Methyl ester",0.0,0.0387784,0.0,True
2848,Etonitazene-d5,0.0,0.03820624,0.0,True
2182,Isopropyl U-47700,0.0,0.03487603,0.0,True
3243,3-MeO-PCMMo,0.0,0.03609128,0.0,True
2398,Boldenone Benzoate,0.0,0.036582027,0.0,True
879,ab-fubinaca-2-fluorobenzyl-isomer,1.0,0.95786107,1.0,True
1673,"2-ACETOXY-3,7-DIBROMO-5-ISOPROPYLTROPONE",0.0,0.03493985,0.0,True
1482,"3beta,7alpha,12alpha-Trihydroxy-5beta-cholan-24-oic acid Methyl ester",1.0,0.9571177,1.0,True
2725,BIM5078,0.0,0.036351994,0.0,True
1450,Lignoceric acid,1.0,0.95848554,1.0,True
2923,sec-Butonitazene,1.0,0.958171,1.0,True
2103,METHYL 2-TRIMETHYLSILOXY-TETRACOSANOATE,0.0,0.036216985,0.0,True
1246,pb-22-pentafluorpropyl-analogue,0.0,0.034914427,0.0,True
1224,jwh-019-n-6-fluorohexyl-isomer,1.0,0.9581133,1.0,True
455,33-03,0.0,0.035289153,0.0,True
2222,para-Fluorofentanyl,0.0,0.037152328,0.0,True
2153,METHYL DOCOSANOATE,1.0,0.95844173,1.0,True
504,38-02,1.0,0.95814145,1.0,True
1541,"(5R,11S)-5,11-dimethylpentacosane",0.0,0.034942843,0.0,True
2356,"2',5'-dimethoxy Fentanyl",0.0,0.053739417,0.0,True
1525,12alpha-Hydroxy-5alpha-cholan-24-oic acid Methyl ester,1.0,0.9575394,1.0,True
1875,THIOPROPERAZINE,1.0,0.9580134,1.0,True
2113,METHYL 15-TETRACOSENOATE,1.0,0.9542406,1.0,True
2152,METHYL TETRACOSANOATE,0.0,0.053685624,0.0,True
2408,Tetrahydrothiophene fentanyl,0.0,0.03679052,0.0,True
826,jwh-081-n-5-hydroxypentyl-metabolite,1.0,0.9576467,1.0,True
396,27-04,0.0,0.03552459,0.0,True
3020,Naphyrone,0.0,0.0355585,0.0,True
63,jwh-369,1.0,0.95699626,1.0,True
480,35-08,0.0,0.036332905,0.0,True
2585,Nandrolone Benzoate,1.0,0.9531098,1.0,True
2940,N-(2C-N) Fentanyl,0.0,0.03462204,0.0,True
2544,Docosahexaenoic Acid methyl ester,0.0,0.038822483,0.0,True
2678,Benzethidine,1.0,0.9584042,1.0,True
693,cumyl-cbminaca,0.0,0.035847828,0.0,True
2951,Ethoxyetonitazene,1.0,0.95791215,1.0,True
2446,1(S)-Tetrahydrocannabidiphorol,0.0,0.035180848,0.0,True
3210,"(9,10a)-anti-delta-6a,7-THC",0.0,0.035163842,0.0,True
2,jwh-200-4-hydroxyindole-metabolite,0.0,0.035025865,0.0,True
3019,Efavirenz,1.0,0.95814234,1.0,True
446,32-04,0.0,0.03569249,0.0,True
1012,nmdmsb,0.0,0.03623843,0.0,True
1769,HEXACOSANE,1.0,0.95730096,1.0,True
623,mdmb-fubica-metabolite-3,0.0,0.03717841,0.0,True
2682,Methandriol 3-Acetate,1.0,0.95833266,1.0,True
3385,N-desalkyl Isotonitazene,1.0,0.95426255,1.0,True
631,chm-122,0.0,0.03635859,0.0,True
3242,Mescaline NBOMe,0.0,0.037950154,0.0,True
2755,Perphenazine,1.0,0.95133895,1.0,True
1041,jwh-018-solution,1.0,0.95776796,1.0,True
16,jwh-145,0.0,0.037312966,0.0,True
569,44-07,0.0,0.17360686,0.0,True
1331,5-fluoro-mdmb-pica-metabolite-9,0.0,0.03528654,0.0,True
352,21-10,1.0,0.9485223,1.0,True
643,ethylbenzyl-cybinaca,0.0,0.037031293,0.0,True
508,38-06,0.0,0.03607042,0.0,True
4,jwh-200-6-hydroxyindole-metabolite,1.0,0.9580306,1.0,True
3236,9.beta.-hydroxy Hexahydrocannabinol,1.0,0.958057,1.0,True
1660,DEOXYCORTICOSTERONE ACETATE,0.0,0.036032654,0.0,True
2384,Cloniprazepam,0.0,0.03487091,0.0,True
3188,Hydroxychloroquine,0.0,0.036229886,0.0,True
199,05-07,0.0,0.036174368,0.0,True
1995,"4,4'-THIO-BIS(3-METHYL-6-TERT-BUTYLPHENOL)",1.0,0.95788544,1.0,True
300,15-08,1.0,0.95653653,1.0,True
1944,DIBUTYL 1-(N-TRIFLUOROACETYLAMINO)BUTYLPHOSPHONATE,0.0,0.03641686,0.0,True
803,"jwh-018-2-naphthyl-n-2,2-dimethylpropyl-isomer",0.0,0.035427373,0.0,True
2367,Dioctyl phthalate,1.0,0.93769467,1.0,True
688,adb-butinaca-n-butanoic-acid-metabolite,1.0,0.9581291,1.0,True
1215,jwh-081-4-hydroxynaphthyl-metabolite,1.0,0.942765,1.0,True
2879,25B-N(BOMe)2,0.0,0.035940215,0.0,True
1488,"7beta,12alpha-Dihydroxy-5beta-cholan-24-oic acid Methyl ester",0.0,0.03518695,0.0,True
2905,Norbuprenorphine,0.0,0.03660303,0.0,True
645,athpinaca-isomer-2,0.0,0.035860147,0.0,True
2140,"1-HEXADECYL-2,3-DITRIMETHYLSILYLGLYCEROL",1.0,0.9568358,1.0,True
2348,Methacrylfentanyl,1.0,0.95802176,1.0,True
713,bzo-poxizid,1.0,0.9334175,1.0,True
2946,TFMPP HFBA Derivative,0.0,0.03565071,0.0,True
34,jwh-071,1.0,0.95767987,1.0,True
3433,2C-I-FLY,0.0,0.036633525,0.0,True
2911,Glipizide,0.0,0.03511106,0.0,True
1985,2-(2-TRIMETHYLSILYLOXYETHOXY)-4-QUINOLINECARBOXYLIC ACID TRIMETHYLSILYL ESTER,0.0,0.036123574,0.0,True
337,20-05,0.0,0.08799265,0.0,True
402,27-10,0.0,0.035037037,0.0,True
1897,2-(4-(4-METHOXYPHENYL)-6-PHENYL-2-PYRIMIDINYLAMINO)BENZOIC ACID METHYL ESTER,1.0,0.95213646,1.0,True
2279,Phenylacetyl fentanyl,0.0,0.036015715,0.0,True
1733,"3,4-DIHYDRO-6-HYDROXY-2,5,7,8-TETRAMETHYL-2-(2-BENZIMIDAZOLETHIO)ETHYL-2H-1-BENZOPYRAN",0.0,0.039879058,0.0,True
581,45-09,0.0,0.03590851,0.0,True
2661,iso-Hexahydrocannabiphorol,0.0,0.49473768,0.0,True
862,5-fluoro-thj,1.0,0.95795405,1.0,True
898,jwh-019-n-4-fluorohexyl-isomer,0.0,0.0387653,0.0,True
1892,TRIMETHYLSILYL OCTADECANOATE,1.0,0.95831835,1.0,True
2312,25B-NBOMe,1.0,0.95832294,1.0,True
725,"jwh-018-n-1,1-dimethylpropyl-isomer",0.0,0.036831338,0.0,True
1658,17ALPHA-ACETOXY-PROGESTERONE,0.0,0.04031817,0.0,True
2878,Chlortetracycline,0.0,0.82759506,1.0,False
1954,"1,2,5-TRI-O-ACETYL-3,4,6-TRI-O-METHYLHEXITOL (1-D)",1.0,0.95805794,1.0,True
1931,"3,6-DIMETHOXY-2-(10-PENTADECENYL)PHENOL",0.0,0.036577467,0.0,True
1732,"6-ACETOXY-2,5,7,8-TETRAMETHYL-2-(2-PHENYLTHIOETHYL)-3,4-DIHYDRO-2H-1-BENZOPYRAN",0.0,0.03531607,0.0,True
2807,Bromadol,1.0,0.95757985,1.0,True
2159,ALPHA-(4-DIMETHYLAMINOPHENYL)-OMEGA-(9-PHENANTHRYL)PENTANE,0.0,0.036458705,0.0,True
865,jwh-081-n-cyclohexylmethyl-analog,1.0,0.9567568,1.0,True
197,05-05,0.0,0.11500482,0.0,True
685,4-fluoro-abutinaca,0.0,0.035805658,0.0,True
2892,Triamcinolone Acetonide,0.0,0.035270546,0.0,True
874,5-fluoro-amb,1.0,0.95841527,1.0,True
917,sdb-006-n-phenyl-analog,0.0,0.03644814,0.0,True
3220,5-Fluoropentyl-3-pyridinoylindole,1.0,0.95398,1.0,True
2967,N-Pyrrolidino Ethylene Isotonitazene,0.0,0.06999749,0.0,True
2377,(.+/-.)-trans-3-methyl Thiofentanyl,1.0,0.93321925,1.0,True
1033,jwh-018-2-naphthyl-n-2-methylbutyl-isomer,0.0,0.03741758,0.0,True
1828,(6R)-6-(TERT-BUTYLDIMETHYLSILYLOXY)-8-PIVALOYLOXY-2-METHYLOCT-2-ENE,1.0,0.94912124,1.0,True
309,16-07,1.0,0.9573854,1.0,True
1691,"(1S,2S,3E,7S,8R,11S,12Z)-7-ACETOXY-8,11-DIHYDROXYCEMBRA-3,12,15-TRIEN-17,2-OLIDE",1.0,0.95867836,1.0,True
478,35-06,0.0,0.035574757,0.0,True
2824,N-(2C-C) Fentanyl,1.0,0.95771384,1.0,True
637,cumyl-pegaclone,0.0,0.03575005,0.0,True
2375,AH 8507,1.0,0.9582197,1.0,True
886,jwh-019-n-6-fluorohexyl-isomer,0.0,0.035627376,0.0,True
2488,Piminodine,1.0,0.9570812,1.0,True
2506,"N,N-Dimethylamino Etonitazene",1.0,0.9578957,1.0,True
679,adb-butinaca,0.0,0.036379617,0.0,True
520,39-08,0.0,0.04162161,0.0,True
2798,2C-P-NBOMe-TFA,0.0,0.0356025,0.0,True
3213,1-(4-Trifluoromethylbenzamidomethyl)-cyclohexyldimethylamine,0.0,0.035392415,0.0,True
12,jwh-424,1.0,0.9581478,1.0,True
1067,rcs-4-c4-homolog,1.0,0.66969377,1.0,True
732,jwh-398-5-chloronaphthyl-isomer,0.0,0.035023782,0.0,True
69,AM2201-d5,0.0,0.035823327,0.0,True
41,jwh-412,1.0,0.9579735,1.0,True
945,5-fluoro-pb-22-3-carboxyindole-metabolite-d5,0.0,0.035203923,0.0,True
2752,2-bromo LSD,0.0,0.03685403,0.0,True
1050,adb-4en-pinaca-d4,0.0,0.03499847,0.0,True
1398,Cannabielsoin,0.0,0.036172353,0.0,True
989,butinaca,0.0,0.034891613,0.0,True
1869,THIOPROPERAZINE,0.0,0.035271745,0.0,True
652,mdmb-4en-pinaca,0.0,0.043514255,0.0,True
1107,jwh-073-2-naphthyl-n-1-methylpropyl-isomer,1.0,0.95822203,1.0,True
2338,Benzyl Carfentanil,1.0,0.9583363,1.0,True
159,5-fluoro-mdmb-pica,0.0,0.035225417,0.0,True
334,20-02,0.0,0.035597216,0.0,True
1210,jwh-073-n-2-hydroxybutyl-metabolite,1.0,0.95818317,1.0,True
3325,"Androsta-3,5-diene-7,17-dione",1.0,0.95006734,1.0,True
1953,"1,3,4,5,6-PENTA-O-ACETYL-2-O-METHYLHEXITOL(1-D)",0.0,0.035217527,0.0,True
1045,jwh-018-n-2-methylbutyl-isomer,0.0,0.043540996,0.0,True
556,43-04,0.0,0.03687671,0.0,True
211,06-09,0.0,0.036078576,0.0,True
768,AM694 3-iodo isomer,1.0,0.95739347,1.0,True
2255,Eszopiclone,0.0,0.035132363,0.0,True
2232,Pseudoephedrine-HFBA Derivative,0.0,0.035475235,0.0,True
21,jwh-251,1.0,0.9583259,1.0,True
871,5-fluoro-sdb-005,0.0,0.038359657,0.0,True
1907,ETHYL 2-ETHOXYCARBONYL-3-(1-BENZYLOXYETHYL)HEPTANOATE,0.0,0.03602786,0.0,True
3011,Pentazocine,0.0,0.035758674,0.0,True
956,cumyl-pica,0.0,0.035080187,0.0,True
1601,"1,2-DI(DEUTERIOETHYNYL)-1,1,2,2-TETRAPHENYL-DISILANE",0.0,0.037297897,0.0,True
3120,Norcocaethylene,1.0,0.9569016,1.0,True
1222,5-chloro-ab-pinaca,1.0,0.9574189,1.0,True
1965,5-METHYL-N-OCTADECYL-2-PYRROLIDONE,0.0,0.03546233,0.0,True
2588,Delta9-THC Acetate,1.0,0.9583963,1.0,True
2683,.delta.-6-Testosterone Enanthate,1.0,0.95787704,1.0,True
1560,"1-FORMYL-8-(TRIISOPROPYLSILYL)OXY-2-METHYL-1BETA,2ALPHA,(4A)ALPHA,5,6,7,8BETA,(8A)BETA-OCTAHYDRONAPHTHALENE",1.0,0.9575503,1.0,True
804,jwh-398-6-chloronaphthyl-isomer,1.0,0.95777816,1.0,True
68,AM2201 4-methoxynaphthyl analogue,0.0,0.035740316,0.0,True
158,4-cyano-cumyl-butinaca,0.0,0.0364997,0.0,True
2513,D8-THC methyl carbonate,0.0,0.035478186,0.0,True
2337,p-Fluorofentanyl,0.0,0.04663769,0.0,True
2330,"N,N-Diethyl-2-(1-pentyl-1H-indol-3-yl)-4-thiazol-methanamine",0.0,0.036386624,0.0,True
2654,Hydroxyzine,0.0,0.036763344,0.0,True
2847,Ethylone-HFBA Derivative,0.0,0.036405817,0.0,True
503,38-01,1.0,0.95859575,1.0,True
2516,N-Piperidinyl 4'-hydroxy Nitazene,0.0,0.040093407,0.0,True
1157,jwh-082,1.0,0.95813555,1.0,True
684,cumyl-pipetinaca,1.0,0.9578987,1.0,True
1695,"(1S,2S,3E,7E,11E)-2,17-DIACETOXYCEMBRA-3,7,11,15-TETRAENE",0.0,0.035336576,0.0,True
2828,N-Propionitrile Chlorphine,1.0,0.95789516,1.0,True
2648,"2,4-Dimethyl-3,5-bis(3,4-methylenedioxyphenyl)tetrahydrofuran",0.0,0.03573933,0.0,True
473,35-01,0.0,0.035844054,0.0,True
1739,"3,7,11,15-TETRAMETHYL-1-(2-OXOPYPERIDINO)-HEXADECA-2,6,10,14-TETRAENE",0.0,0.0375764,0.0,True
2138,CHOLESTEROL,1.0,0.9575913,1.0,True
398,27-06,0.0,0.03525379,0.0,True
1357,Cannabicitran,1.0,0.9585095,1.0,True
2626,MT-45,1.0,0.9580337,1.0,True
1690,"(1S,2S,3E,7S,8R,10E,12Z)-7-ACETOXY-8,11-EPOXYCEMBRA-3,10,12,15-TETRAEN-17,2-OLIDE",1.0,0.035742022,0.0,False
1390,Cannabidiol,0.0,0.037129633,0.0,True
883,adb-pinaca-isomer-1,0.0,0.036644552,0.0,True
1858,VITAMIN K1,1.0,0.9307862,1.0,True
1338,4-fluoro-mdmb-butica,1.0,0.9518084,1.0,True
3060,Cannabicitran,0.0,0.03590872,0.0,True
476,35-04,0.0,0.0360502,0.0,True
922,mmb018,0.0,0.03904145,0.0,True
1260,5-fluoro-pb-22-4-hydroxyquinoline-isomer,1.0,0.9580739,1.0,True
1956,"1,5-DI-O-ACETYL-3,4,6-TRI-O-METHYL-2-N-METHYLACETAMIDO-2-DEOXYHEXITOL (1-D)",0.0,0.035444304,0.0,True
3398,Ornidazole,1.0,0.94561344,1.0,True
2080,Chelidonin,1.0,0.9579778,1.0,True
1046,jwh-073-2-methylnapthyl-analog,1.0,0.95813334,1.0,True
3266,a-Humulene,0.0,0.035397988,0.0,True
2570,Paynantheine,0.0,0.038149122,0.0,True
1580,"1,2,2,2-TETRAMETHYL-1,1-DI(2-NAPHTHYL)DISILANE",0.0,0.035163697,0.0,True
2474,Flubromazolam,0.0,0.036360055,0.0,True
1876,STIGMASTEROL TMS ETHER,1.0,0.9579157,1.0,True
2129,CHOLESTEROL METHYL ETHER,0.0,0.03665519,0.0,True
2930,Vitamin E,1.0,0.039752953,0.0,False
3017,Tetrahydrocannabivarin Acetate,0.0,0.035501774,0.0,True
2386,N-(3-ethylindole) Norfentanyl,0.0,0.07793401,0.0,True
3050,Dehydrocannabifuran (Dehydro-CBF),1.0,0.95806015,1.0,True
766,AM694 4-iodo isomer,0.0,0.035819788,0.0,True
1225,jwh-019-n-5-fluorohexyl-isomer,0.0,0.0361551,0.0,True
2657,"4-Chloro-17.beta.-hydroxy-17-methylandrost-4-ene-3,11-dione",0.0,0.035733353,0.0,True
1515,"7alpha,12alpha-Dihydroxy-5alpha-cholan-24-oic acid Methyl ester",0.0,0.036031455,0.0,True
2835,2C-T-2 HFBA Derivative,1.0,0.9577808,1.0,True
1143,jwh-145,1.0,0.9581295,1.0,True
1899,"1,3-DI(2-METHOXYPHENYL)BENZO(F)QUINAZOLINE",0.0,0.036406588,0.0,True
1646,"4,7-DI(4-METHOXYPHENYL)-6-(2-METHOXYPHENYL)-1,2,5-THIADIAZOLO(3,4-C)PYRIDINE",1.0,0.9568353,1.0,True
2652,para-Fluoro Crotonyl fentanyl,0.0,0.036318574,0.0,True
1117,jwh-234,1.0,0.95702493,1.0,True
3157,Dothiepin,1.0,0.9477472,1.0,True
2240,para-Fluorobutyryl fentanyl,0.0,0.04115476,0.0,True
737,jwh-122-2-methylnaphthyl-isomer,1.0,0.72609156,1.0,True
1362,Cannabigerol,0.0,0.035956163,0.0,True
2776,MCHB-1,0.0,0.03589562,0.0,True
3156,Androstanediol-3-acetate,0.0,0.03635283,0.0,True
1751,CYCLOCYMOPOL,0.0,0.037120502,0.0,True
3394,Thienyl fentanyl,0.0,0.03820852,0.0,True
247,10-05,0.0,0.037211385,0.0,True
2882,Cinazepam,0.0,0.03552603,0.0,True
1336,4-fluoro-abutinaca,1.0,0.94912124,1.0,True
2622,Bisacodyl,0.0,0.035567656,0.0,True
1308,jwh-412-n-5-hydroxypentyl-metabolite,1.0,0.9582723,1.0,True
302,15-10,0.0,0.5280099,1.0,False
659,5-fluoro-mdmb-pica-metabolite-7,0.0,0.129778,0.0,True
548,42-06,1.0,0.9454142,1.0,True
2479,9(S)-Hexahydrocannabiphorol methyl ether,0.0,0.037244096,0.0,True
980,adb-hexinaca-n-6-hydroxyhexyl-metabolite,0.0,0.03599233,0.0,True
887,jwh-019-n-5-fluorohexyl-isomer,1.0,0.95820266,1.0,True
2274,Pyrazolam,1.0,0.95800215,1.0,True
1790,HEPTACOSANE,0.0,0.039564874,0.0,True
1631,(-)-RIBOFLAVIN,0.0,0.03582402,0.0,True
3413,2C-I,1.0,0.9583186,1.0,True
1583,"2,6-BIS(METHYLPHENYLSILYL)NAPHTHALENE",0.0,0.03544492,0.0,True
2896,4-Fluoro-Phenethyl-4-ANPP,0.0,0.035902094,0.0,True
868,ur-144-n-3-chloropentyl-analog,0.0,0.036866546,0.0,True
2493,Methenolone Acetate,0.0,0.042533524,0.0,True
575,45-03,0.0,0.060224272,0.0,True
177,03-05,0.0,0.03523615,0.0,True
823,jwh-250-n-4-hydroxypentyl-metabolite,0.0,0.03640916,0.0,True
2822,25I-NB3OMe,1.0,0.037215143,0.0,False
948,mab-chminaca-metabolite-m7,1.0,0.9582495,1.0,True
3116,Bromantane,0.0,0.03844256,0.0,True
1250,5f-pb-22-ethylester-analogue,0.0,0.09169046,0.0,True
1324,5-fluoro-mdmb-pica-metabolite-2,1.0,0.95795304,1.0,True
2536,para-Chloro Cyclopropyl fentanyl,0.0,0.03598452,0.0,True
537,41-05,0.0,0.06512662,0.0,True
1153,jwh-147,1.0,0.9569762,1.0,True
2317,meta-Methyl Methoxyacetyl fentanyl,0.0,0.03579417,0.0,True
3450,DB-MDBP,0.0,0.03657051,0.0,True
293,15-01,0.0,0.036257684,0.0,True
438,31-06,1.0,0.9528922,1.0,True
3319,Methiopropamine 3'-thiophene isomer,0.0,0.03547353,0.0,True
1436,25-06,0.0,0.03535425,0.0,True
3234,para-methyl Acetyl fentanyl,0.0,0.03585415,0.0,True
2972,Benzodioxole fentanyl,0.0,0.036233116,0.0,True
1996,"4,4'-METHYLENE BIS(2,6-DI-TERT-BUTYLPHENOL)",1.0,0.9581953,1.0,True
3151,Fluconazole,1.0,0.867683,1.0,True
1229,thj-018,0.0,0.035618283,0.0,True
2331,ortho-Methoxy-Butyryl fentanyl,0.0,0.036449116,0.0,True
501,37-09,1.0,0.95814455,1.0,True
3218,Desalkylgidazepam,0.0,0.035060577,0.0,True
2290,4-Fluoromethcathinone HFBA Derivative,1.0,0.9581696,1.0,True
3238,2'-Methyl Acetyl fentanyl,0.0,0.03614642,0.0,True
1395,Cannabigerorcin,1.0,0.958312,1.0,True
1094,jwh-122-2-methylnaphthyl-isomer,0.0,0.035216555,0.0,True
3286,Arachidic Acid,0.0,0.034744356,0.0,True
1375,Divarin,1.0,0.9580138,1.0,True
2455,Cyclohexyl fentanyl,1.0,0.9581537,1.0,True
384,26-02,0.0,0.035255417,0.0,True
2172,TETRAPHENYLTIN,0.0,0.036778055,0.0,True
2134,LANOST-8-EN-3-OL,0.0,0.04811743,0.0,True
1696,"(1S,2R,3E,7E,11E)-2,17-DIACETOXYCEMBRA-3,7,11,15-TETRAENE",0.0,0.03631995,0.0,True
2380,meta-Fluorobutyryl fentanyl,1.0,0.94336617,1.0,True
555,43-03,0.0,0.035565514,0.0,True
67,MAM2201 N-(2-fluoropentyl) isomer,1.0,0.9570824,1.0,True
3126,"3,4-dimethoxy-alpha-Pyrrolidinopentiophenone",1.0,0.9582291,1.0,True
2352,"2'-fluoro, ortho-fluoro (.+/-.)-trans-3-methyl Fentanyl",1.0,0.9576677,1.0,True
1466,"3beta,6alpha,7beta-Trihydroxy-5beta-cholan-24-oic acid Methyl ester",1.0,0.89685255,1.0,True
1530,3alpha-Hydroxy-5alpha-cholan-24-oic acid Methyl ester,0.0,0.03593726,0.0,True
200,05-08,0.0,0.035800897,0.0,True
940,"3,5-ab-chmfuppyca",0.0,0.03565691,0.0,True
2328,Loratadine,1.0,0.9578615,1.0,True
1417,01-07,0.0,0.037332483,0.0,True
2541,"3,4-Methylenedioxyamphetamine HFBA Derivative",1.0,0.95290387,1.0,True
1559,3-ISOPROPENYL-6-METHYL-5-(6-METHYL-2-METHYLENE-1-TRIMETHYLSILYLMETHYL-5-HEPTENYL)CYCLOHEXANONE,0.0,0.038501773,0.0,True
2053,TRIFLUOPERAZINE,1.0,0.9577192,1.0,True
774,5-fluoro MPP-PICA,1.0,0.95775104,1.0,True
3252,5-AEDB,0.0,0.041578587,0.0,True
1625,"TETRA(N-BUTYL)-1,2-DICHLORODISILANE",0.0,0.036007993,0.0,True
1810,"(4'AS,5'S,8'AS)-E-(+)-3-METHYL-5-((5'ALPHA-(4'-METHYL-3'-PENTENYL)-2',5'BETA,8'ABETA,TRIMETHYL-3',4',4'A,5',6',7',8',8'A-OCTAHYDRONAPHTHALENYL))-2-PENTENOIC ACID",1.0,0.9076664,1.0,True
39,jwh-250,1.0,0.9577745,1.0,True
1029,jwh-073-2-naphthyl-n-1-methylpropyl-isomer,0.0,0.035983197,0.0,True
1908,"METHYL 9,10-BIS(TRIMETHYLSILOXY)OCTADEC-12(Z)-ENOATE",0.0,0.03628713,0.0,True
2418,para-Methyl Tetrahydrofuran fentanyl,0.0,0.036531914,0.0,True
3215,25E-NB-3-F-imine,1.0,0.95853573,1.0,True
2349,Solifenacin,0.0,0.03600555,0.0,True
1846,"(4AS,5S)-(+)-1,4ABETA-DIMETHYL-5BETA((P-BROMOBENZOYL)OXY)-4,4A,5,6,7,8-HEXAHYDRONAPHTHALEN-2(3H)-ONE",1.0,0.9576009,1.0,True
1103,jwh-073-n-2-methylpropyl-isomer,1.0,0.94021463,1.0,True
614,49-02,0.0,0.0445144,0.0,True
1578,"1,2,2,2-(TETRAMETHYL)-1,1-DI(1-NAPHTHYL)DISILANE",0.0,0.0356962,0.0,True
1285,mab-chminaca-metabolite-m11,0.0,0.036197633,0.0,True
466,34-04,0.0,0.038154062,0.0,True
1538,"O,P'-DDT",1.0,0.9580507,1.0,True
2921,"3', 4', 5'-Trimethoxycocaethylene",0.0,0.035964414,0.0,True
1038,rcs-4,0.0,0.039759662,0.0,True
1993,4-DODECYLOXY-2-HYDROXY-BENZOPHENONE,0.0,0.05596362,0.0,True
2924,Phenoxyacetyl fentanyl,0.0,0.036459982,0.0,True
1873,PROCHLORPERAZINE,1.0,0.92938524,1.0,True
2532,10(S)-hydroxy-9(R)-Hexahydrocannabihexol,0.0,0.050295442,0.0,True
3093,11-Ketotestosterone,0.0,0.037989628,0.0,True
1268,5-chloro-pb-22,0.0,0.03679009,0.0,True
3013,CBGM,0.0,0.036472563,0.0,True
439,31-07,1.0,0.95807636,1.0,True
1844,"DIMETHYL 1-(3-(3,5-DINITROBENZAMIDO)PROPYL)INDOLE-2,3-DICARBOXYLATE",1.0,0.9511523,1.0,True
715,5-fluoro-bzo-poxizid,0.0,0.03647377,0.0,True
149,nm2201,1.0,0.9581942,1.0,True
258,11-06,1.0,0.9582752,1.0,True
2048,DI(2-ETHYL HEXYL)ISOPHTHALATE,0.0,0.03627555,0.0,True
1935,"2-(2,2-DIMETHYL-4,6-DIOXO-6-PHENYLHEXYL)BENZOTHIAZOLE",0.0,0.0355156,0.0,True
2303,NNDEPITMA,1.0,0.9578101,1.0,True
467,34-05,1.0,0.936613,1.0,True
3168,Nitrazolam,0.0,0.03492182,0.0,True
3427,"3,4-Methylenedioxy-.alpha.-Pyrrolidinocyclohexanophenone",0.0,0.03546946,0.0,True
2771,PF-3845,0.0,0.035515368,0.0,True
202,05-10,1.0,0.9579501,1.0,True
2841,Pentylone-HFBA Derivative,0.0,0.04195122,0.0,True
1359,Myclobutanil,0.0,0.04351618,0.0,True
2382,Quazepam,0.0,0.038314197,0.0,True
1932,2-HYDROXY-5-METHOXY-3-(10-PENTADECENYL)-PARA-BENZOQUINONE,0.0,0.041846193,0.0,True
505,38-03,0.0,0.037299544,0.0,True
1653,B-D-GLUCOSE PENTAACETATE,0.0,0.035790183,0.0,True
1968,"2,8-DITRIMETHYLSILYLOXY-4-QUINOLINECARBOXYLIC ACID TRIMETHYLSILYL ESTER",0.0,0.036322124,0.0,True
1975,THIOPROPAZATE,0.0,0.03525095,0.0,True
57,jwh-020,1.0,0.95805925,1.0,True
2292,3-Fluoromethcathinone HFBA Derivative,1.0,0.95274454,1.0,True
1463,"3alpha,4beta-Dihydroxy-5beta-cholan-24-oic acid Methyl ester",0.0,0.036372125,0.0,True
1780,"DECANAL O-2,3,4,5,6-PENTAFLUOROBENZYLOXIME",0.0,0.035808604,0.0,True
1949,"(3-PYRIDYL)METHYL (Z,Z)-9,12-OCTADECDIENOATE",1.0,0.95835614,1.0,True
2874,Pagoclone,1.0,0.06788666,0.0,False
2810,Eplerenone,0.0,0.039613426,0.0,True
2329,Clonazolam,1.0,0.95665944,1.0,True
561,43-09,1.0,0.95801914,1.0,True
1701,"ETHYL 3-((E)-5-ETHOXYCARBONYL-4-PENTENYL)-6,6-ETHYLENDIOXY-3,4,4A,5,6,7,8,8A-OCTAHYDRONAPHTHALEN-1(2H)-ONE-4-CARBOXYLATE",0.0,0.038366184,0.0,True
1661,5ALPHA-ANDROSTAN-17BETA-OL-3-ONE BENZOATE,0.0,0.034594998,0.0,True
2667,Lignoceric Acid,1.0,0.9580491,1.0,True
1131,jwh-398-5-chloronaphthyl-isomer,1.0,0.9576022,1.0,True
1597,"1,4-BIS(METHYLDIPHENYLSILYL)-2,3-DIMETHYL-2-BUTENE",0.0,0.036304653,0.0,True
1627,"1,5-BIS(ETHOXYMETHYLPHENYLSILYL)NAPHTHALENE",0.0,0.05407163,0.0,True
3075,Dyclonine (or breakdown product),1.0,0.9568358,1.0,True
995,cumyl-chsinaca,0.0,0.46577036,0.0,True
3189,25D-NBOMe,0.0,0.035215825,0.0,True
2095,GLYCEROPHOSPHORIC ACID-TETRA-TMS,0.0,0.035473853,0.0,True
371,23-09,1.0,0.9582509,1.0,True
2839,25I-NBOMe imine analog,0.0,0.036945492,0.0,True
2632,9(R)-Hexahydrocannabiphorol Acetate,1.0,0.044411615,0.0,False
3287,Amitriptyline-d3,1.0,0.9579418,1.0,True
3180,U-47700-d6,0.0,0.04547601,0.0,True
921,ur-144-exempt-preparation,1.0,0.9575053,1.0,True
181,03-09,1.0,0.95819575,1.0,True
2903,N-Desmethyl-Ioperamide,0.0,0.03587828,0.0,True
2803,a'-methyl Etonitazene,1.0,0.9581571,1.0,True
2421,Dexamethasone,1.0,0.94171417,1.0,True
2358,Nandrolone Cypionate,0.0,0.035878956,0.0,True
33,jwh-073,0.0,0.036250956,0.0,True
2551,"4'-Fluoro, para-fluoro-trans-3-methyl Fentanyl",0.0,0.04255377,0.0,True
2616,10(R)-hydroxy-9(S)-Hexahydrocannabihexol,1.0,0.95778316,1.0,True
1495,"3alpha,7alpha-Dihydroxy-5beta-cholan-24-oic acid Methyl ester",0.0,0.035292346,0.0,True
920,xlr11-exempt-preparation,0.0,0.036763143,0.0,True
1373,Cannabinol ethyl,0.0,0.037704304,0.0,True
1882,"(2S)-N-TERT-BUTOXYCARBONYL-2-(1,4-DIMETHANESULFONYLOXYBUTYL)PYRROLIDINE",0.0,0.03574585,0.0,True
2399,Indapamide,0.0,0.03476923,0.0,True
151,fub-amb,0.0,0.037818555,0.0,True
1118,jwh-210-6-ethylnaphthyl-isomer,1.0,0.95809704,1.0,True
388,26-06,0.0,0.035336934,0.0,True
1434,25-04,0.0,0.0396833,0.0,True
1651,"2,2',3,3',4,4',6,6'-OCTA-ORTHO-METHYL-TREHALOSE",1.0,0.94961303,1.0,True
1759,MEVINOLINE,0.0,0.035347015,0.0,True
3056,Rofecoxib,1.0,0.9580442,1.0,True
72,AM2201 N-(3-chloropentyl) analog,0.0,0.03461835,0.0,True
1747,"6-ACETOXY-3,4-DIHYDRO-2,5,7,8-TETRAMETHYL-2H-1-BENZOPYRAN-2-BUTENOIC ACID ETHYL ESTER",1.0,0.95818865,1.0,True
987,adb-5-primebr-butinaca-d9,1.0,0.95783514,1.0,True
1606,2(ISOBUTYLMETHYL(2-NAPHTHYLSILYL))-1-(TRIMETHYLSILYL)NAPHTHALENE,0.0,0.036501188,0.0,True
1356,Cannabinol,0.0,0.035205945,0.0,True
2463,D9-THC-methylcarbonate,0.0,0.036455214,0.0,True
3337,4-Methoxyphenylpropane-2-ol,0.0,0.035196293,0.0,True
2540,.beta.-Hydroxyfentanyl,1.0,0.9584076,1.0,True
464,34-02,0.0,0.035321724,0.0,True
1831,(3S)-3-(TERT-BUTYLDIMETHYLSILYLOXY)-5-TOSYLPENTANOL,1.0,0.94722635,1.0,True
2341,U-49900,0.0,0.034995545,0.0,True
969,mab-chminaca-d4,0.0,0.036880847,0.0,True
2284,4'-Fluorofentanyl,0.0,0.0356907,0.0,True
30,jwh-307,0.0,0.035803422,0.0,True
673,5-fluoro-mdmb-7-paica,1.0,0.95805985,1.0,True
2420,"2'-Fluoro, ortho-fluoro-trans-3-methyl Fentanyl",1.0,0.09373288,0.0,False
1021,aep-chminaca,0.0,0.035662353,0.0,True
411,28-09,1.0,0.947413,1.0,True
2206,AH 7959,0.0,0.03536233,0.0,True
1433,25-03,0.0,0.03510698,0.0,True
1548,5beta-Coprostanol,0.0,0.036134444,0.0,True
2739,25E-NB-3-F TFA derivative,0.0,0.036414836,0.0,True
3376,para-Methyl Cyclopentyl fentanyl,0.0,0.03643269,0.0,True
2717,Phentermine TPC derivative,1.0,0.6374183,1.0,True
2531,para-Chloro Acrylfentanyl,0.0,0.03999353,0.0,True
2738,Cannabidiol-2TMS,0.0,0.03533234,0.0,True
1464,"3beta,6beta,7beta-Trihydroxy-5beta-cholan-24-oic acid Methyl ester",0.0,0.036803402,0.0,True
1042,"jwh-018-n-4,5-epoxypentyl-analog",1.0,0.95629704,1.0,True
3422,Ecgonine Methyl Ester,0.0,0.03690338,0.0,True
484,36-02,1.0,0.9574564,1.0,True
1326,5-fluoro-mdmb-pica-metabolite-7-d5,1.0,0.9319912,1.0,True
154,cannabipiperidiethanone,0.0,0.035556987,0.0,True
2440,Butyryl fentanyl-d5,0.0,0.036623195,0.0,True
719,bzo-chmoxizid,1.0,0.9270516,1.0,True
2245,"N-((1R,2R)-2-(dimethylamino)cyclohexyl)-3,4-dichloro-N-methylbenzsulfonamide",1.0,0.95630795,1.0,True
1866,DINONYL PHTHALATE,0.0,0.03526662,0.0,True
1798,DODECYL DODECANOATE,1.0,0.9396052,1.0,True
2989,"3',4'-trimethylene-alpha-Pyrrolidinohexanophenone",0.0,0.040526617,0.0,True
2937,Didecyl phthalate,0.0,0.03530906,0.0,True
858,adbica,0.0,0.035758477,0.0,True
113,jwh-073,0.0,0.035237215,0.0,True
1440,25-10,0.0,0.040903807,0.0,True
2902,"2,3 Pentylone-HFBA Derivative",1.0,0.03706395,0.0,False
701,thq-pinaca,0.0,0.03581934,0.0,True
1073,jwh-018-n-1-ethylpropyl-isomer,0.0,0.035107844,0.0,True
1731,"N-(3,7,11,15-TETRAMETHYL-2,6,10,14-HEXADECATETRAEN-1-YL)-EPSILON-CAPROLACTAM",0.0,0.37963104,0.0,True
1013,ab-chmiata,1.0,0.95809156,1.0,True
546,42-04,0.0,0.03662641,0.0,True
554,43-02,0.0,0.035277195,0.0,True
3085,Geranylgeranyl Alcohol,0.0,0.036791064,0.0,True
1411,01-01,0.0,0.035745963,0.0,True
2043,DIBUTOXYETHYL PHTHALATE,0.0,0.03729997,0.0,True
3322,Aspartame,0.0,0.0370258,0.0,True
3257,Diphenhydramine,0.0,0.03525616,0.0,True
2254,1'-Hydroxy Midazolam,0.0,0.034922883,0.0,True
2631,"3'-fluoro, ortho-fluoro (.+/-.)-cis-3-methyl Fentanyl",0.0,0.0367253,0.0,True
2816,N-(2C-D) Fentanyl,0.0,0.036221787,0.0,True
1217,jwh-081-n-cyclohexylmethyl-analog,0.0,0.0380541,0.0,True
3231,LSD-d10,0.0,0.04419511,0.0,True
881,ab-pinaca-n-4-hydroxypentyl-metabolite,0.0,0.035497706,0.0,True
3111,9(R)-Hexahydrocannabinol methyl ether,0.0,0.034937073,0.0,True
946,mab-chminaca-metabolite-m10,1.0,0.036478788,0.0,False
187,04-05,0.0,0.03732168,0.0,True
1243,pb-22-ethylester-analogue,1.0,0.9581794,1.0,True
3377,Phenacetin,1.0,0.95810515,1.0,True
2869,2C-B HFBA Derivative,1.0,0.957074,1.0,True
3208,Trenbolone Acetate,1.0,0.9564775,1.0,True
2920,Diosgenin,0.0,0.03440063,0.0,True
795,rcs-8-4-methoxy-isomer,0.0,0.03565746,0.0,True
2024,DI(2-ETHYLHEXYL)AZELATE,0.0,0.17926377,0.0,True
3206,"N,N-Diethyl Hexylone",0.0,0.035218157,0.0,True
1859,VITAMIN K1,0.0,0.036557086,0.0,True
1754,"3ALPHA,17ALPHA,21-TRIHYDROXYPREGN-20-ONE",1.0,0.9580134,1.0,True
3246,1(R)-Tetrahydrocannabidiol,1.0,0.95778906,1.0,True
1774,"PYRUVALDEHYDE BIS(O-2,3,4,5,6-PENTAFLUOROBENZYLOXIME)",0.0,0.05226603,0.0,True
1532,Aldrin,0.0,0.03478969,0.0,True
1504,"3beta,7beta,12beta-Trihydroxy-5alpha-cholan-24-oic acid Methyl ester",0.0,0.036855094,0.0,True
350,21-08,0.0,0.037053965,0.0,True
2925,Etonitazene N-oxide,1.0,0.9575067,1.0,True
2276,Halazepam,1.0,0.9583907,1.0,True
2353,"4'-fluoro, ortho-fluoro (.+/-.)-cis-3-methyl Fentanyl",1.0,0.9575606,1.0,True
391,26-09,0.0,0.036032055,0.0,True
3227,Delta8-Tetrahydrocannabivarin,0.0,0.036240827,0.0,True
3329,5-Androstenediol di-TMS Derivative,1.0,0.9582739,1.0,True
83,Cl-2201,0.0,0.034947887,0.0,True
2476,3'-methyl Fentanyl,1.0,0.95805186,1.0,True
204,06-02,0.0,0.035409633,0.0,True
2845,Butylone HFBA Derivative,0.0,0.03612107,0.0,True
933,ab-chminaca-2-indazole-isomer,0.0,0.035571687,0.0,True
728,"jwh-018-2-naphthyl-n-1,1-dimethylpropyl-isomer",1.0,0.9578244,1.0,True
3264,3-methyl Fentany,1.0,0.9550751,1.0,True
2176,U-51754,1.0,0.95807207,1.0,True
1374,Cannabinol methyl ether,0.0,0.035793867,0.0,True
1473,6alpha-Hydroxy-5alpha-cholan-24-oic acid Methyl ester,0.0,0.036262434,0.0,True
3431,3'-fluoro-a-Pyrrolidinopropiophenone,0.0,0.64860034,1.0,False
2929,Heliomethylamine-HFBA Derivative,0.0,0.035361275,0.0,True
2608,o-Fluorofentanyl,1.0,0.95751566,1.0,True
3301,Phenethylbromide,0.0,0.03660299,0.0,True
140,5-fluoro-akb48,0.0,0.035404436,0.0,True
1779,"UNDECANAL O-2,3,4,5,6-PENTAFLUOROBENZYLOXIME",0.0,0.04319768,0.0,True
397,27-05,0.0,0.045502465,0.0,True
716,edmb-pinaca,1.0,0.95593643,1.0,True
2214,Carfentanil,1.0,0.95763886,1.0,True
2293,ortho-fluoro Furanyl fentanyl 3-furancarboxamide,0.0,0.037485242,0.0,True
1520,"3beta,7beta-Dihydroxy-5alpha-cholan-24-oic acid Methyl ester",1.0,0.9577917,1.0,True
1219,5-fluoro-akb48-n-5-hydroxypentyl-metabolite,0.0,0.035403624,0.0,True
3135,iso-Hexahydrocannabinol,0.0,0.03732295,0.0,True
1279,5-fluoro-adb-pinaca-isomer-2,0.0,0.035294622,0.0,True
3340,N-Benzylaniline,0.0,0.035795897,0.0,True
1556,4-(PENTAFLUOROBENZOYL)-1-OXA-3-PHENYL-2-AZACYCLOPENT-2-EN-5-ONE,0.0,0.03575315,0.0,True
2821,N-(2C-B) Fentanyl,1.0,0.95780593,1.0,True
2579,25B-NBOMe (exempt solution),1.0,0.95748615,1.0,True
1565,TRANS-1-(DIETHYL(2-PHENYLETHENYL)SILYL-2-(DIETHYL)BENZENE,1.0,0.9581336,1.0,True
2928,SER-601,0.0,0.038413025,0.0,True
1178,jwh-250-n-4-hydroxypentyl-metabolite,0.0,0.035187308,0.0,True
506,38-04,1.0,0.95837307,1.0,True
179,03-07,1.0,0.958321,1.0,True
444,32-02,1.0,0.9581477,1.0,True
1621,3-PHENYLDECAMETHYLPENTASILANE,0.0,0.03624742,0.0,True
2157,ALPHA-(4-DIMETHYLAMINOPHENYL)-OMEGA-(9-PHENANTHRYL)HEPTANE,0.0,0.03597435,0.0,True
530,40-08,0.0,0.035439678,0.0,True
1327,5-fluoro-mdmb-pica-d5,0.0,0.036100946,0.0,True
3378,3-Methylnordiazepam,0.0,0.035966497,0.0,True
2914,1-ethyl-Pyrrolidinylmethyl N-desalkyl Etonitazene,0.0,0.03603228,0.0,True
1075,"jwh-018-n-4,5-epoxypentyl-analog",1.0,0.95359606,1.0,True
3240,"N-((1R,2R)-2-(dimethylamino)cyclohexyl)-2-chloronicotinamide",1.0,0.95747316,1.0,True
3016,Methadone,0.0,0.03610192,0.0,True
3274,Trimetazidine,0.0,0.035830755,0.0,True
2773,2C-N HFBA Derivative,0.0,0.035957947,0.0,True
2040,ISOOCTYL PALMITATE,0.0,0.038366664,0.0,True
1261,5-fluoro-pb-22-3-hydroxyquinoline-isomer,1.0,0.9582949,1.0,True
1332,5-chloro-amb-pica,1.0,0.95821744,1.0,True
1549,107941 cholesterol offRI,0.0,0.03698446,0.0,True
2900,para-chloro Furanyl fentanyl 3-furancarboxamide,1.0,0.9580616,1.0,True
1871,THIORIDAZINE,0.0,0.035683285,0.0,True
512,38-10,1.0,0.95841426,1.0,True
955,5-fluoro-amb-metabolite-7-rm,0.0,0.034505773,0.0,True
449,32-07,0.0,0.03755704,0.0,True
2478,para-Chlorofentanyl,0.0,0.035413638,0.0,True
1514,"7beta,12alpha-Dihydroxy-5alpha-cholan-24-oic acid Methyl ester",0.0,0.035434414,0.0,True
1911,"14-(2-(TERT-BUTYLDIMETHYLSILOXY)ETHYL)-6,10,14-TRIMETHYLCYCLOTETRADECA-2(E),6(E),10(E)-TRIENONE",0.0,0.03508916,0.0,True
3261,Acrylfentanyl,1.0,0.9581485,1.0,True
2244,N-Benzyl para-fluoro Norfentanyl,0.0,0.03605138,0.0,True
3365,9(S)-Hexahydrocannabinol Acetate,1.0,0.95820886,1.0,True
1826,"(2S,3S)-3-BENZYLOXY-4-(TERT-BUTYLDIMETHYLSILYLOXY)BUTAN-1,2-DIOL ISOPROPYLIDENE ACETAL",0.0,0.036139518,0.0,True
146,am2201-benzimidazole-analog,1.0,0.9486584,1.0,True
2593,Ephedrine bis-TBDMS Derivative,0.0,0.039881762,0.0,True
3194,Thonzylamine,1.0,0.95785975,1.0,True
1746,PREDNISOLONE,1.0,0.9581447,1.0,True
75,5-Chloro-NNEI,0.0,0.045937456,0.0,True
105,ur-144,0.0,0.035952527,0.0,True
1123,jwh-237,1.0,0.95785403,1.0,True
516,39-04,0.0,0.03651135,0.0,True
275,13-03,0.0,0.036555417,0.0,True
1109,jwh-073-2-naphthyl-isomer,0.0,0.03556266,0.0,True
3399,(.+/-.)-threo-Methylphenidate,0.0,0.035221074,0.0,True
1380,Cannabielsoin,1.0,0.95790535,1.0,True
1494,"3beta,7alpha-Dihydroxy-5beta-cholan-24-oic acid Methyl ester",1.0,0.9562818,1.0,True
2985,CF3-Etomidate,0.0,0.036296904,0.0,True
2653,Brorphine,0.0,0.036194798,0.0,True
210,06-08,0.0,0.037280418,0.0,True
1868,THIORIDAZINE,0.0,0.036117245,0.0,True
2313,"3', 4', 5'-Trimethoxycocaine",0.0,0.035921883,0.0,True
162,jwh-181,0.0,0.049938753,0.0,True
3132,5.alpha.-Dihydro-11-keto Testosterone,0.0,0.035045113,0.0,True
772,5-Fluoro-ethylbenzyl-PICA,0.0,0.035302132,0.0,True
349,21-07,1.0,0.95624506,1.0,True
1282,5-fluoro-aeb,0.0,0.034566533,0.0,True
165,02-03,0.0,0.035883103,0.0,True
1614,DI(5-(2-BROMOTHIENYL))METHYLPHENYLSILANE,1.0,0.9578731,1.0,True
1719,"2-(3-(1-METHYLETHYLAMINO)-2-HYDROXYPROPYLOXYETHYL)-2,5,7,8-TETRAMETHYL-6-(3-PYRIDINECARBOXY)-3,4-DIHYDRO-2HBENZOPYRAN",1.0,0.94273067,1.0,True
1714,1-(4-BENZYLOXY-3-METHOXYPHENYL)-5-HYDROXYDECAN-3-ONE,0.0,0.03636059,0.0,True
625,athpinaca-isomer-1,0.0,0.036357448,0.0,True
510,38-08,0.0,0.03549379,0.0,True
2813,para-chloro Cyclopentyl fentanyl,0.0,0.035946663,0.0,True
1917,"2,2,5,5,7,7,10,10,12,12,15,15-DODECAMETHYL-1,6,11-TRIOXA-2,5,7,10,12,15-HEXASILA-3,8,13-CYCLOPENTADECATRIYNE",1.0,0.9579021,1.0,True
2174,"3,4-CTMP TFA derivative",0.0,0.035644673,0.0,True
3033,Naphyrone (exempt preparation),0.0,0.034991663,0.0,True
794,jwh-122-n-4-pentenyl-analog,1.0,0.95816994,1.0,True
100,ab-fubinaca-isomer-2,1.0,0.95757294,1.0,True
2571,"SL-651,498",0.0,0.03457694,0.0,True
620,49-08,1.0,0.95762116,1.0,True
2926,para-Bromofentanyl (Not Certified by NIST),0.0,0.03708712,0.0,True
1815,N-ACETYLVALYLPHENYLALANYLALANINE METHYL ESTER,0.0,0.036418024,0.0,True
1302,5-fluoro-cumyl-p7aica,0.0,0.03545977,0.0,True
1179,jwh-250-5-hydroxyindole-metabolite,1.0,0.95598155,1.0,True
1462,"3alpha,4beta,12alpha-Trihydroxy-5beta-cholan-24-oic acid Methyl ester",0.0,0.055399977,0.0,True
1486,"7beta,12beta-Dihydroxy-5beta-cholan-24-oic acid Methyl ester",0.0,0.03676465,0.0,True
2563,Fentanyl methylene homolog,1.0,0.95756257,1.0,True
2286,N-Desethyl metonitazene,0.0,0.03615449,0.0,True
1773,"2,3,4,5,6-PENTAFLUOROBENZALDEHYDE 2',3',4',5',6'-PENTAFLUOROBENZYLOXIME",1.0,0.957169,1.0,True
3101,Strychnine,1.0,0.12973815,0.0,False
2229,Ethoxyacetyl fentanyl,0.0,0.036159307,0.0,True
1708,"4-METHOXYCARBONYL-5-PHENYL-2-(PARA-TOLYL)PERHYDROPYRROLO(3,4-C)PYRROLE-1,3-DIONE (3A,4-CIS)",1.0,0.037366137,0.0,False
2734,Mitraphylline,0.0,0.035839614,0.0,True
3190,para-fluoro Ethyl 4-ANPP,1.0,0.9564569,1.0,True
1569,"(2AR,5AR,6S)-6-TRIMETHYLSILYL-3,5-DIOXO-2,4-DIPHENYL-3,4,5,6-TETRAHYDROPYRROLO(3,4-C)PYRROLE",0.0,0.03609659,0.0,True
2976,para-chloro Furanyl fentanyl,1.0,0.9570564,1.0,True
472,34-10,0.0,0.03639059,0.0,True
822,rcs-4-n-5-hydroxypentyl-metabolite,0.0,0.037118398,0.0,True
3408,9(R)-delta-7-THC,1.0,0.9454844,1.0,True
2132,DIHYDROCHOLESTEROL-TRIMETHYLSILYL-ETHER,1.0,0.95733315,1.0,True
2675,ortho-fluoro Furanyl fentanyl,1.0,0.9581265,1.0,True
542,41-10,1.0,0.95707726,1.0,True
166,02-04,0.0,0.035903506,0.0,True
3088,"(6aR,9R)-delta10-THC",0.0,0.035228644,0.0,True
2136,"ERGOSTA-5,24(28)-DIEN-3-OL",0.0,0.039673712,0.0,True
2644,Propafenone,1.0,0.95801705,1.0,True
2116,4-HYDROXY-3-METHOXYMANDELIC ACID-TRI-TMS,0.0,0.035518806,0.0,True
2747,Vitamin E acetate,1.0,0.95708644,1.0,True
1286,"5-fluoro-3,5-ab-pfuppyca",0.0,0.035099186,0.0,True
2509,Heroin RM,0.0,0.42004064,0.0,True
2655,ortho-Fluoro Furanyl fentanyl 3-furancarboxamide,0.0,0.036216494,0.0,True
3305,"1-(3,4-methylenedioxyphenyl)-1,3-dimethoxypropane",0.0,0.036383,0.0,True
2037,METHOXYETHYL 12-CARBOXYMETHYL-9-OCTADECENOATE,0.0,0.036478177,0.0,True
3451,"5-Methoxy-N,N-Dibutyltryptamine",1.0,0.958316,1.0,True
1715,"1,1'-METHYLENEDI(DIMETHYLPYRROLIDINE-3,4-DICARBOXYLATE) (3,4-TRANS)",0.0,0.036387272,0.0,True
3226,Phenazocine,1.0,0.9582704,1.0,True
1174,jwh-309-5-isomer,1.0,0.9494767,1.0,True
2550,para-chloro Cyclobutyl fentanyl,1.0,0.9384126,1.0,True
568,44-06,1.0,0.9581361,1.0,True
3343,Trans-Cinnamic Acid,1.0,0.9585379,1.0,True
6,5-fluoro-adb-metabolite-7,0.0,0.035286903,0.0,True
1313,5-fluoro-adb-metabolite-2,1.0,0.9578839,1.0,True
2983,6.alpha.-Naloxol,1.0,0.9574282,1.0,True
617,49-05,0.0,0.036590137,0.0,True
2084,TRI-(2-BUTOXYETHYL)-PHOSPHATE,0.0,0.039243385,0.0,True
961,5-fluoro-cumyl-p7aica,1.0,0.9574149,1.0,True
2071,"2-ETHOXY-3-BENZOYL-2,4-DIPHENYL-2H-1-BENZOPYRAN",0.0,0.038210463,0.0,True
1367,Cannabibutol,0.0,0.0362707,0.0,True
2199,cis-3-Methyl Thiofentanyl,1.0,0.95832175,1.0,True
1570,"(2S,2AR,5AS,6R)-1-BENZOYL-6-TRIMETHYLSILYL-3,5-DIOXO-2,4-DIPHENYL-1,2,3,4,5,6-HEXAHYDROPYRROLO(3,4-C)PYRROLE",0.0,0.03790297,0.0,True
1389,Cannabigerol,0.0,0.036502812,0.0,True
799,jwh-398-3-chloronaphthyl-isomer,0.0,0.03684522,0.0,True
1720,"3,7,11,15-TETRAMETHYLHEXADECANE-1,2,3-TRIOL TRIACETATE",1.0,0.9581011,1.0,True
507,38-05,1.0,0.95804524,1.0,True
31,jwh-147,1.0,0.9584504,1.0,True
2391,Clonitazene,1.0,0.95795316,1.0,True
3351,Dimethyl fumarate,1.0,0.765199,1.0,True
1194,jwh-200-6-hydroxyindole-metabolite,1.0,0.9574282,1.0,True
1800,"3-PYRIDYLMETHYL OCTADECA-9,12,15-TRIENOATE",1.0,0.95768857,1.0,True
1507,"3alpha,7beta,12beta-Trihydroxy-5alpha-cholan-24-oic acid Methyl ester",0.0,0.03751195,0.0,True
269,12-07,1.0,0.95651066,1.0,True
3150,Fentanyl Methyl Carbamate,0.0,0.036304936,0.0,True
1469,"3alpha,6beta,7alpha-Trihydroxy-5beta-cholan-24-oic acid Methyl ester",1.0,0.9320509,1.0,True
1741,"2-ISOPROPYL-1,5,9-TRIMETHYLDECANYL 2-ETHYLHEXANOATE",1.0,0.9580709,1.0,True
1692,"(1S,2S,3E,7E,11E,13S)-13-ACETOXYCEMBRA-3,7,11,15-TETRAEN-17,2-OLIDE",1.0,0.9579343,1.0,True
1664,"1,4-BIS(TRIMETHYLSTANNYL)-2-BUTENYLENE",1.0,0.9546548,1.0,True
1649,"ANTI-5,8,13,16-TETRAFLUORO-4,6,12,14-TETRAMETHOXY(2.2)METACYCLOPHANE",1.0,0.9581686,1.0,True
2068,"1-ACETYL-4-TERT-BUTYL-2,3,6-TRI-TERT-BUTYLMERCAPTO-1,2,3,6-TETRAHYDROPYRIDINE",0.0,0.04013446,0.0,True
94,AM2201 2'-naphthyl isomer,0.0,0.03483072,0.0,True
522,39-10,1.0,0.9579538,1.0,True
3334,(R)-Ketamine,0.0,0.036566604,0.0,True
2339,para-Fluorobutyryl fentanyl-d7,0.0,0.05654078,0.0,True
1512,"7beta,12beta-Dihydroxy-5alpha-cholan-24-oic acid Methyl ester",0.0,0.03526605,0.0,True
3228,Flunitrazepam-d3,0.0,0.03613811,0.0,True
2098,TRIMETHYLSILYL STIGMASTEROL,1.0,0.9580675,1.0,True
2171,13-DOCOSENOIC ACID METHYL ESTER,0.0,0.0396833,0.0,True
401,27-09,1.0,0.9416225,1.0,True
2643,11-Nor-9-carboxy-delta 9-THC,1.0,0.9584043,1.0,True
1604,"1-METHYL-2-MESITYL-1,1,2-TRIPHENYLDISILANE",1.0,0.95692945,1.0,True
3162,N-Desmethylflunitrazepam,0.0,0.03749916,0.0,True
1611,"1,1-DIMETHYL-4-TRIMETHYLSILYL-5-PHENYL-3-ORTHO-TOLYL-1,3-DISILACYCLOPENT-4-ENE",0.0,0.03596772,0.0,True
3393,Meptazinol,0.0,0.039798222,0.0,True
1297,5-bromo-thj-018,1.0,0.9580998,1.0,True
307,16-05,0.0,0.035703868,0.0,True
1455,Albiflorin,1.0,0.95813936,1.0,True
62,jwh-030,0.0,0.036764223,0.0,True
820,jwh-122-n-4-hydroxypentyl-metabolite,0.0,0.08784355,0.0,True
3439,"2,4,6-Trimethoxyamphetamine",0.0,0.037065007,0.0,True
2881,2C-C HFBA Derivative,0.0,0.038739216,0.0,True
3071,4-Acetoxyindol-3-diisopropylglyoxylamide,0.0,0.03483046,0.0,True
2524,Etodesnitazene-d5,1.0,0.95669883,1.0,True
1856,DIOCTYL PHTHALATE,0.0,0.03502687,0.0,True
1697,LOBOHEDLEOLIDE PRYAZOLINE METHYL ESTER,1.0,0.044803906,0.0,False
339,20-07,0.0,0.03695183,0.0,True
566,44-04,0.0,0.03510405,0.0,True
392,26-10,1.0,0.95615554,1.0,True
3248,Northebaine,0.0,0.036122914,0.0,True
372,23-10,1.0,0.9581312,1.0,True
440,31-08,1.0,0.9575699,1.0,True
2830,N-(2C-T) Fentanyl,1.0,0.9519638,1.0,True
2038,BUTYL 12-CARBOXYMETHYL-9-OCTADECENOATE,0.0,0.036420092,0.0,True
534,41-02,0.0,0.037719704,0.0,True
1523,"3alpha,7alpha-Dihydroxy-5alpha-cholan-24-oic acid Methyl ester",1.0,0.03655796,0.0,False
2894,Iodorphine,0.0,0.038505405,0.0,True
3382,4-fluoro-3-methyl-.alpha.-Pyrrolidinovalerophenone,0.0,0.03534813,0.0,True
1979,MELLARIL,1.0,0.9581861,1.0,True
947,ab-fubinaca-metabolite-3,0.0,0.12474675,0.0,True
632,mep-chmica,1.0,0.9579209,1.0,True
3171,9(S)-Hexahydrocannabinol,1.0,0.9580652,1.0,True
1087,jwh-018-6-methoxyindole-analog,0.0,0.036170386,0.0,True
1832,"CHOLESTA-3,5-DIEN-7-ONE",0.0,0.035919,0.0,True
2670,3'-Fluoro ortho-Fluorofentanyl,0.0,0.03562589,0.0,True
1736,"2,3-DIHYDROXY-3,7,11,15-TETRAMETHYLHEXADECAN-1-OL NITRATE",1.0,0.9564415,1.0,True
1011,5-fluoro-adb-2-indazole-isomer,0.0,0.044760834,0.0,True
2565,Doxapram,0.0,0.03488175,0.0,True
802,.+/-.-jwh-018-n-4-hydroxypentyl-metabolite,0.0,0.035437904,0.0,True
294,15-02,0.0,0.035580933,0.0,True
1280,5-fluoro-cumyl-pinaca,0.0,0.03454514,0.0,True
2283,[2-propen-2-yl]-Delta8-THC,1.0,0.9581913,1.0,True
3235,Cannabibutol,0.0,0.03732624,0.0,True
2025,TRIBUTOXYETHYL PHOSPHATE,0.0,0.035052888,0.0,True
628,5-fluoro-mdmb-pica,1.0,0.9582867,1.0,True
276,13-04,1.0,0.9580792,1.0,True
141,xlr11,1.0,0.83555233,1.0,True
3259,2-Bromoamphetamine,1.0,0.95813227,1.0,True
1348,4-cyano-mmb-butinaca,1.0,0.9580027,1.0,True
2797,para-Bromofentanyl,0.0,0.03843024,0.0,True
2001,"2-(2,3-DITRIMETHYLSILYLOXYBUTOXY)-N-(2-(DIETHYLAMINO)ETHYL)-3-PYRIDINECARBOXAMIDE",1.0,0.9581338,1.0,True
2198,para-Fluoro Cyclopentyl fentanyl,1.0,0.82465607,1.0,True
929,5-fluoro-adb-pinaca-isomer-2,1.0,0.958332,1.0,True
2299,para-methoxy Acrylfentanyl,0.0,0.036029126,0.0,True
2991,8.alpha.-Hydroxy-delta-9-THC,0.0,0.036243677,0.0,True
479,35-07,0.0,0.035904605,0.0,True
2062,BUCLIZINE,0.0,0.037106574,0.0,True
2692,Hexacosane,0.0,0.038402036,0.0,True
2472,Deschloro W-19,0.0,0.03542541,0.0,True
3368,2C-C-NBOMe,0.0,0.049285877,0.0,True
559,43-07,1.0,0.95700336,1.0,True
1506,"3beta,7alpha,12beta-Trihydroxy-5alpha-cholan-24-oic acid Methyl ester",1.0,0.9579176,1.0,True
2758,Fluocinolone Acetonide,0.0,0.035559002,0.0,True
2899,Boldenone Cypionate,0.0,0.034863707,0.0,True
844,ur-144-n-heptyl-analog,0.0,0.039334707,0.0,True
567,44-05,0.0,0.035738014,0.0,True
911,jwh-019-n-3-fluorohexyl-isomer,0.0,0.035059,0.0,True
2261,5-Methyl metodesnitazene,1.0,0.95812035,1.0,True
2351,Tioconazole,0.0,0.037080448,0.0,True
3397,3-Fluoro Deschloroketamine,1.0,0.9491934,1.0,True
2306,Ostarine,0.0,0.04575183,0.0,True
2031,2-BUTOXYETHYL STEARATE,0.0,0.035454463,0.0,True
1197,jwh-210-n-5-hydroxypentyl-metabolite,0.0,0.036192674,0.0,True
2975,Trifluoperazine,0.0,0.0366355,0.0,True
2396,Methamphetamine HFBA Derivative,0.0,0.035891462,0.0,True
2698,Cortisone,1.0,0.95669883,1.0,True
1031,jwh-018-2-naphthyl-n-3-methylbutyl-isomer,0.0,0.038892712,0.0,True
578,45-06,1.0,0.95810753,1.0,True
2720,para-Chloro Cyclobutyl fentanyl,0.0,0.036206815,0.0,True
1898,2-(4-(4-METHOXYPHENYL)-6-PHENYL-2-PYRIMIDINYLAMINO)BENZOIC ACID,1.0,0.9581693,1.0,True
1785,24-METHYLENECHOLESTEROL,0.0,0.039103188,0.0,True
244,10-02,0.0,0.03564286,0.0,True
1211,5-fluoro-pb-22-n-4-fluoropentyl-isomer,0.0,0.036637433,0.0,True
1963,ETHYLHEXADECYLDIMETHYLAMMONIUM BROMIDE,0.0,0.0361626,0.0,True
733,jwh-018-n-1-ethylpropyl-isomer,0.0,0.036344044,0.0,True
2781,N-Pyrrolidino Ethylene Protonitazene,0.0,0.034818426,0.0,True
2226,Fentanyl meta tolyl analog,0.0,0.036486886,0.0,True
2986,10.alpha.-hydroxy-exo-THC,0.0,0.036027543,0.0,True
139,AM1248 azepane isomer,0.0,0.035899427,0.0,True
2960,"1-(Cyclohexylmethyl)-2-[(4-ethoxyphenyl)methyl]-N,N-diethyl-1H-benzimidazol-5-carboxamide",0.0,0.03769799,0.0,True
2144,"1-O-1'-TETRADECENYL-2,3-DI-O-ACETYL GLYCEROL",0.0,0.03727457,0.0,True
2227,Heptanoyl fentanyl,0.0,0.036895696,0.0,True
1672,"2,3,7-TRIACETOXY-5-(1,1-DIMETHYL-2-OXOPROPYL)TROPONE",0.0,0.03509047,0.0,True
622,49-10,1.0,0.9406958,1.0,True
2764,ortho-methoxy Furanyl fentanyl,0.0,0.035389677,0.0,True
2259,"2',3'-dimethoxy Fentanyl",1.0,0.9398018,1.0,True
1346,jwh-184,0.0,0.041604076,0.0,True
636,jwh-412-n-5-hydroxypentyl-metabolite,0.0,0.035557553,0.0,True
831,jwh-250-n-5-hydroxypentyl-metabolite,1.0,0.95645326,1.0,True
2956,Flecainide,0.0,0.03577684,0.0,True
23,jwh-200,0.0,0.035697084,0.0,True
2221,Methedrone-HFBA Derivative,1.0,0.95789605,1.0,True
1687,BENSULIDE,0.0,0.035913877,0.0,True
0,5-fluoro-adb-metabolite-2,1.0,0.95821,1.0,True
3279,Promazine,0.0,0.037304115,0.0,True
2077,"(22R,25S)-22,26-EPIMINO-5ALPHA-CHOLESTAN-3BETA-OL",1.0,0.95818686,1.0,True
167,02-05,0.0,0.042697124,0.0,True
1891,1-(2-HYDROXY-3-METHOXYPHENYL)-12-PHENYLDODECANE,0.0,0.036586758,0.0,True
1273,5-fluoro-sdb-005,1.0,0.9578794,1.0,True
2525,Methoxyacetyl fentanyl,0.0,0.04085566,0.0,True
2119,"3,17ALPHA-DI-O-TRIMETHYLSILYLESTRADIOL",1.0,0.9582241,1.0,True
1584,"4,4'-(PENTAMETHYLDISILANYL)BIPHENYLENE",1.0,0.9572317,1.0,True
3350,25D-NB4OMe,1.0,0.95777214,1.0,True
544,42-02,0.0,0.9282844,1.0,False
3219,Fentanyl methyl acetyl analog,1.0,0.9560288,1.0,True
3207,N-butyl Pentylone-d9,0.0,0.06845209,0.0,True
257,11-05,0.0,0.03810533,0.0,True
3130,Valdecoxib,0.0,0.037546653,0.0,True
3192,Flubromazepam,1.0,0.9508873,1.0,True
1154,xlr11-cyclopropyl-rearrangement-product,0.0,0.035696264,0.0,True
1442,Brevicompanine C,0.0,0.05353499,0.0,True
1205,jwh-018-n-4-oxo-pentyl-metabolite,1.0,0.95413977,1.0,True
786,5-Fluoro-PCN,0.0,0.0345483,0.0,True
1152,jwh-022,0.0,0.04050352,0.0,True
3273,N-Methyl Benzedrone,1.0,0.95814663,1.0,True
1563,"4,4'-BIS(CHLOROMETHYLPHENYLSILYL)BIPHENYL",0.0,0.038927346,0.0,True
3311,"3,4-Dimethylmethcathinone, N-trifluoracetyl derivative",0.0,0.036077995,0.0,True
3128,Stanozolol,0.0,0.0362412,0.0,True
462,33-10,1.0,0.95829034,1.0,True
1745,"1-OXO-1-PYRRORIDINO-ICOSA-2,4-DIENE",0.0,0.036152545,0.0,True
2640,meta-Fluoro Methoxyacetyl fentanyl,0.0,0.03633047,0.0,True
488,36-06,1.0,0.95811784,1.0,True
2750,Isotonitazene,0.0,0.03642665,0.0,True
856,fub-pb-22,0.0,0.03471336,0.0,True
1254,5f-pb-22-methylester-analogue,0.0,0.035531174,0.0,True
551,42-09,1.0,0.9579677,1.0,True
791,jwh-081-6-methoxynaphthyl-isomer,0.0,0.03487078,0.0,True
2719,25T2-NBOMe,1.0,0.9573782,1.0,True
2088,DIPHENOXYLATE,1.0,0.9574236,1.0,True
3342,"N-ethyl-2,3-methylenedioxyphenethylamine TMS derivative",1.0,0.95797306,1.0,True
1427,17-07,1.0,0.9583694,1.0,True
3452,.alpha.-pbp,0.0,0.03665237,0.0,True
992,chm-fubiata,0.0,0.035536412,0.0,True
2774,25B-NBF TFA derivative,0.0,0.04325735,0.0,True
3348,Dimemebfe,0.0,0.03709664,0.0,True
2559,Cyclobutyl fentanyl,0.0,0.035640944,0.0,True
3041,Metizolam,1.0,0.9580046,1.0,True
1656,B-D-GALACTOSE PENTAACETATE,0.0,0.03531364,0.0,True
3345,"3,4-MDEA",0.0,0.035074383,0.0,True
2202,N-(1-Phenethyl-4-piperidyl)-N-phenethylpropanamide,1.0,0.9583602,1.0,True
1221,ur-144-by-product,0.0,0.035959437,0.0,True
1457,"3beta,4beta,7alpha-Trihydroxy-5beta-cholan-24-oic acid Methyl ester",0.0,0.035985548,0.0,True
618,49-06,0.0,0.045025453,0.0,True
509,38-07,0.0,0.03570889,0.0,True
2754,Dromostanolone Enanthate,1.0,0.94713914,1.0,True
2022,DIN-DECYL ADIPATE,0.0,0.036081113,0.0,True
1034,jwh-018-n-1-methylbutyl-isomer,0.0,0.036083214,0.0,True
386,26-04,0.0,0.037579264,0.0,True
1100,jwh-081-3-methoxynaphthyl-isomer,0.0,0.03495793,0.0,True
2183,cis-3-Methyl Butyryl fentanyl,1.0,0.9579859,1.0,True
1960,2-METHYL-3-OXO-5-(TETRAHYDROPYRAN-2-YLOXYMETHYL)TETRADECAN-5-OLIDE,1.0,0.9577097,1.0,True
1451,Dehydroisoandrosterone-3-sulfate,0.0,0.037006408,0.0,True
3333,"(.+/-.)-6',7'-dihydroxy Cannabichromene",1.0,0.9580571,1.0,True
2612,4-Fluoroisobutyryl fentanyl-d7 (Not Certified by NIST),0.0,0.03547883,0.0,True
1553,S-Adenosyl-L-methionine,1.0,0.95773757,1.0,True
268,12-06,1.0,0.95487213,1.0,True
2426,para-Toluoyl fentanyl,0.0,0.03654842,0.0,True
825,rcs-4-n-4-hydroxypentyl-metabolite,1.0,0.9583869,1.0,True
1822,3-NITROPHTHALIC ACID BIS(TRIMETHYLSILYL) ESTER,0.0,0.037316788,0.0,True
1088,"jwh-018-n-1,1-dimethylpropyl-isomer",0.0,0.036296826,0.0,True
2151,METHYL 2-HYDROXYDOCOSANOATE,1.0,0.93560916,1.0,True
2307,para-methyl Furanyl fentanyl,0.0,0.035354126,0.0,True
172,02-10,0.0,0.03600827,0.0,True
253,11-01,0.0,0.03563555,0.0,True
711,afub7aica-7-azaindole-isomer,1.0,0.95810187,1.0,True
2837,N-(DOC) Fentanyl,0.0,0.03548669,0.0,True
2549,Hexanoyl fentanyl,0.0,0.03638478,0.0,True
553,43-01,1.0,0.03677818,0.0,False
1155,jwh-180,1.0,0.9580638,1.0,True
3021,Norfluoxetine,1.0,0.95726216,1.0,True
937,mab-chminaca-metabolite-m11-rm,0.0,0.036400933,0.0,True
1668,PHENYLISOCYANATE-CYCLICTRIMER,0.0,0.036780342,0.0,True
744,jwh-210-2-ethylnaphthyl-isomer,0.0,0.035674304,0.0,True
1890,"1-ACETOXY-3-(2-CHLORO-3,4-DIMETHOXYPHENYL)-4-PHENYL-2-BUTANONE",1.0,0.9581409,1.0,True
490,36-08,1.0,0.9513624,1.0,True
2448,4-Methoxypropylamphetamine PFP Derivative,1.0,0.037215143,0.0,False
1032,rcs-4-2-methoxy-isomer,0.0,0.037382364,0.0,True
676,5-bromo-amb-pica,0.0,0.035034698,0.0,True
1622,"2,3-DIHYDRO-1,1,3,3-TETRAMETHYL-1,3-DISILAPHENALENE-2-SPIRO-1',2'-DIHYDRONAPHTHALENE",0.0,0.03518207,0.0,True
2419,"3',4'-dimethoxy Fentanyl",0.0,0.5569791,1.0,False
1561,"1-HYDROXYMETHYL-8-(TRIISOPROPYLSILYL)OXY-2-METHYL-1BETA-2ALPHA-(4A)BETA,5,6,7,8BETA,(8A)BETA-OCTAHYDRONAPHTHALENE",0.0,0.036992032,0.0,True
2243,N-Benzyl phenyl norfentanyl,0.0,0.0365371,0.0,True
3366,"N-(2,6-Dimethylphenyl)-1-piperidineacetamide",0.0,0.035806276,0.0,True
2790,N-Desmethylloperamide,0.0,0.03709632,0.0,True
2637,iso-Hexahydrocannabinol Acetate,1.0,0.95804876,1.0,True
3401,"N,N-Dipropyltryptamine",0.0,0.036769256,0.0,True
2089,THIOPROPERAZINE,0.0,0.040233035,0.0,True
941,5-chloro-akb48,0.0,0.035418093,0.0,True
3272,"3,4-Dimethyl-5-phenyloxazolidine",0.0,0.038024355,0.0,True
3412,Isopropyl Palmitate,0.0,0.03571459,0.0,True
1394,Cannabicitran,1.0,0.9580087,1.0,True
695,5-fluoro-mmb-p7aica,1.0,0.9581447,1.0,True
2562,Tetrahydrofuran fentanyl,0.0,0.03690301,0.0,True
3330,BMK ethyl glycidate,1.0,0.957996,1.0,True
2057,DIOCTYL PHTHALATE,0.0,0.035978146,0.0,True
1997,METHYL 2-O-CHLOROBENZOYL-4-CHLORO-N-METHYLOXALONILATE,1.0,0.9580338,1.0,True
986,mdmb-4en-pinaca-d4,0.0,0.036485996,0.0,True
2744,Trifluorometonitazene,0.0,0.036201578,0.0,True
2730,2-Chloroamphetamine HFBA derivative,0.0,0.036102314,0.0,True
2395,Testosterone Hemisuccinate,0.0,0.035290457,0.0,True
3425,Acetoxymethylketobemidone,1.0,0.95315593,1.0,True
3051,Myclobutanil,1.0,0.957666,1.0,True
87,5-Fluoro-NNEI,0.0,0.035747193,0.0,True
2660,.beta.-Methyl Fentanyl,0.0,0.03547069,0.0,True
1383,Cannabivarin,0.0,0.03508786,0.0,True
2378,delta-9-Tetrahydrocannabinol-TMS,0.0,0.03773411,0.0,True
1156,jwh-121,1.0,0.9578472,1.0,True
1369,Carmagerol,1.0,0.95780486,1.0,True
2099,TRIMETHYLSILYL FUCOSTEROL,0.0,0.051130176,0.0,True
2178,M-144,0.0,0.037309553,0.0,True
2435,Fentanyl meta methylphenyl analog,0.0,0.03593601,0.0,True
410,28-08,1.0,0.9584162,1.0,True
1916,"1,1,2,2,5,5,6,6,9,9,10,10-DODECAMETHYL-1,2,5,6,9,10-HEXASILA-3,7,11-CYCLODODECATRIYNE",0.0,0.046275366,0.0,True
2522,para-fluoro Tetrahydrofuran fentanyl,1.0,0.958333,1.0,True
1314,5-fluoro-7-apaica,0.0,0.03478629,0.0,True
3005,Benzoylecgonine,1.0,0.95662814,1.0,True
545,42-03,0.0,0.039779693,0.0,True
1110,jwh-073-2-methylnaphthyl-analog,0.0,0.03697072,0.0,True
2702,N-desethyl Isotonitazene,1.0,0.95811325,1.0,True
901,5-fluoro-pb-22-4-hydroxyquinoline-isomer,0.0,0.034909084,0.0,True
3230,N-Desalkylflurazepam,0.0,0.03562962,0.0,True
3389,5-methoxy DMT-d4,1.0,0.03543992,0.0,False
2908,N-(2C-T-2) Fentanyl,0.0,0.03492105,0.0,True
1818,"3,4,5-TRIS(TRIMETHYLSILOXY)BENZOIC ACIDTRIMETHYLSILYL ESTER",0.0,0.040948503,0.0,True
1509,"3alpha,7beta,12alpha-Trihydroxy-5alpha-cholan-24-oic acid Methyl ester",0.0,0.03669861,0.0,True
114,jwh-073,0.0,0.03714689,0.0,True
3303,Methylmorphenate,0.0,0.03564696,0.0,True
942,"5-fluoro-3,5-ab-pfuppyca",0.0,0.03489399,0.0,True
2432,Ephedrine-TPC Derivative,0.0,0.03775887,0.0,True
194,05-02,1.0,0.9581257,1.0,True
1760,"ERGSTA-4,24(28)-DIEN-3-ONE",0.0,0.037148874,0.0,True
571,44-09,0.0,0.03575957,0.0,True
405,28-03,0.0,0.037573002,0.0,True
2291,ortho-Methylfentanyl-d5,0.0,0.036503702,0.0,True
846,jwh-018-indazole-analog,1.0,0.95800567,1.0,True
2441,ortho-fluoro Acrylfentanyl,1.0,0.95748746,1.0,True
2728,3-Methylfentanyl,0.0,0.035697766,0.0,True
2705,N-Desethyl Isotonitazene,1.0,0.95796365,1.0,True
2974,Oxytetracycline,1.0,0.93330675,1.0,True
1184,jwh-018-n-3-hydroxypentyl-metabolite,1.0,0.9583491,1.0,True
703,mdmb-fub7aica,1.0,0.9582637,1.0,True
182,03-10,1.0,0.93990636,1.0,True
1376,Hexocannabitriol,1.0,0.052414533,0.0,False
2736,para-Methoxy-Butyrylfentanyl,1.0,0.9575489,1.0,True
2186,para-Chlorobutyryl fentanyl,1.0,0.9581006,1.0,True
2846,N-(2C-G) Fentanyl,0.0,0.036452644,0.0,True
1192,jwh-122-n-4-hydroxypentyl-metabolite,0.0,0.03468445,0.0,True
2934,iso-Butonitazene,1.0,0.95860547,1.0,True
540,41-08,0.0,0.045597885,0.0,True
782,AM2233,1.0,0.9580827,1.0,True
644,4-cyano-cumyl-but7aica,1.0,0.9582081,1.0,True
1930,"ETHYL 9-(PARA-PHENOXYPHENYL)-2,4-NONADIENOATE",1.0,0.95806026,1.0,True
1334,5f-edmb-pinaca,1.0,0.95641565,1.0,True
1793,NONACOSANE,0.0,0.035031635,0.0,True
754,5-fluoro 7-QUPAIC,0.0,0.036054257,0.0,True
2610,Lysergic Acid TMS Derivative,1.0,0.9580879,1.0,True
2554,Carmagerol,1.0,0.95822144,1.0,True
2856,25I-NBOMe metabolite,0.0,0.03562433,0.0,True
3225,4'-Chlorodiazepam,0.0,0.037929837,0.0,True
619,49-07,1.0,0.95782346,1.0,True
2350,Isovaleryl fentanyl,1.0,0.9582637,1.0,True
912,sdb-005,0.0,0.036670316,0.0,True
1203,jwh-116,0.0,0.03741153,0.0,True
3124,Malathion,0.0,0.03505492,0.0,True
2273,iso-AL-LAD,0.0,0.03575981,0.0,True
164,02-02,1.0,0.95715696,1.0,True
2938,Terfenadine,1.0,0.9495764,1.0,True
2671,Cyclopropaneacetyl fentanyl,0.0,0.04493632,0.0,True
1845,"8-BROMO-2-METHYL-5-(2-(6-METHYL-3-PYRIDYL)ETHYL)-1,2,3,4-TETRAHYDRO-GAMMA-CARBOLINE",0.0,0.034722507,0.0,True
196,05-04,0.0,0.036864843,0.0,True
1318,4-fluoro-cumyl-5-fluoro-pica,0.0,0.0624752,0.0,True
678,5-fluoro-mdmb-pica-metabolite-9,0.0,0.043648478,0.0,True
3247,5-Benzyloxy-N-ethyl-N-methyltryptamine,0.0,0.035869084,0.0,True
3003,Linoleic Acid,0.0,0.034759343,0.0,True
1027,jwh-203-3-chlorophenyl-isomer,1.0,0.9579665,1.0,True
433,31-01,1.0,0.9581152,1.0,True
1311,mfubinac,1.0,0.9582291,1.0,True
3353,Phenylsalicylate,1.0,0.95830923,1.0,True
1605,2-(PHENYLETHYNYL)-2-(PARA-TOLYL)-HEXAMETHYLTRISILANE,1.0,0.957116,1.0,True
2459,N-benzyl Furanyl norfentanyl,1.0,0.9582439,1.0,True
2311,Nifedipine,1.0,0.044861294,0.0,False
485,36-03,0.0,0.038267523,0.0,True
1328,5-fluoro-cumyl-pegaclone,1.0,0.95819455,1.0,True
51,jwh-022,0.0,0.035521675,0.0,True
2791,Salvinorin A,1.0,0.95831394,1.0,True
3031,MDbenzylMDMA,1.0,0.95842344,1.0,True
2115,"3,4-DIHYDROXYHYDROCINNAM1C AC1D-TRI-TMS",1.0,0.95746374,1.0,True
1650,"3,4-DI(4-ETHOXYBENZOYL)-1,2,5-THIADIAZOLE",1.0,0.9581545,1.0,True
264,12-02,0.0,0.035285573,0.0,True
2473,Naltrexone-d4,0.0,0.035109878,0.0,True
3326,N-Propylcathinone,1.0,0.9472259,1.0,True
1431,25-01,0.0,0.035277598,0.0,True
3134,Clioquinol,1.0,0.9575594,1.0,True
3442,4-Methyl-.alpha.-Pyrrolidinoisohexanophenone,0.0,0.035240307,0.0,True
1802,3-PYRIDYLMETHYL OCTADECANOATE,0.0,0.035610024,0.0,True
2397,9(S)-Hexahydrocannabinol-C8,0.0,0.03550362,0.0,True
1772,BIS(4-TERT-BUTYLDIMETHYLSILOXY)BENZYL ETHER,0.0,0.035002414,0.0,True
2529,"4'-fluoro, para-fluoro (.+/-.)-cis-3-methyl Fentanyl",1.0,0.9419528,1.0,True
3074,"Isosafrole glycol, diacetyl",0.0,0.040095802,0.0,True
1752,TETRAHYDROCORTICOSTERONE,0.0,0.035152696,0.0,True
3426,.alpha.-ethyl 2C-D,0.0,0.034622494,0.0,True
2722,Diheptyl phthalate,0.0,0.03615447,0.0,True
919,pb-22-exempt-preparation,0.0,0.036439363,0.0,True
3405,bk-MPA Acetyl derivative,0.0,0.0451133,0.0,True
2412,para-Methoxy Valeryl fentanyl,1.0,0.9577614,1.0,True
389,26-07,0.0,0.035626635,0.0,True
311,16-09,0.0,0.036883533,0.0,True
1310,7-methoxy-nabutie,1.0,0.9580163,1.0,True
2589,para-methyl Butyryl fentanyl,0.0,0.03684807,0.0,True
2825,GBR 12909,0.0,0.043504823,0.0,True
1422,17-02,0.0,0.03554963,0.0,True
3186,Norfludiazepam,1.0,0.95029444,1.0,True
351,21-09,1.0,0.95813525,1.0,True
2477,delta-9-THC Acetate,0.0,0.03978943,0.0,True
2498,para-Methyl Cyclopropyl fentanyl,0.0,0.035875093,0.0,True
1581,8-(TRIMETHYLSILYL)-1-(METHYL(1-NAPHTHYL)SILYL)NAPHTHALENE,0.0,0.035994098,0.0,True
3149,d-Propoxyphene,0.0,0.035595212,0.0,True
1300,5-fluoro-pb-22-3-carboxyindole-metabolite,0.0,0.035325874,0.0,True
2100,TRIMETHYLSILYL 24-METHYLENECHOLESTEROL,0.0,0.035429798,0.0,True
393,27-01,1.0,0.9568622,1.0,True
950,5-fluoro-aeb,1.0,0.95741415,1.0,True
2898,25T4-NBOMe-TFA,0.0,0.043281745,0.0,True
2561,para-fluoro Valeryl fentanyl,0.0,0.035948858,0.0,True
821,jwh-210-n-4-hydroxypentyl-metabolite,1.0,0.4912492,0.0,False
2706,25iP-NBOMe,0.0,0.036116973,0.0,True
2703,Corticosterone,1.0,0.9585231,1.0,True
3082,Aminopromazine,1.0,0.9581998,1.0,True
2557,D8-THC butyrate,1.0,0.9579002,1.0,True
2265,4-Chloromethamphetamine HFBA derivative,0.0,0.036382407,0.0,True
2782,2C-T-4 HFBA Derivative,0.0,0.035245005,0.0,True
977,cumyl-nbminaca,1.0,0.94304955,1.0,True
2786,N-Piperidinyl Etonitazene,0.0,0.036058214,0.0,True
869,5-fluoro-akb48-n-5-hydroxypentyl-metabolite,0.0,0.035905503,0.0,True
1575,"1-BENZYL-3,4-BIS(METHOXYCARBONYL)-2-PHENYL-3-PYRROLINE",0.0,0.03614864,0.0,True
3430,"2,3,4-Trimethoxyphenylethylamine",0.0,0.036529925,0.0,True
50,f2201,1.0,0.9584467,1.0,True
1557,TETRADECAMETHYLHEXASILANE,0.0,0.03573275,0.0,True
3028,11-hydroxy Cannabinol,0.0,0.037037022,0.0,True
407,28-05,1.0,0.9519638,1.0,True
383,26-01,1.0,0.9583076,1.0,True
1195,jwh-200-5-hydroxyindole-metabolite,0.0,0.036819346,0.0,True
656,app-butinaca,1.0,0.9577882,1.0,True
1765,3-(DIETHOXYPHOSPHORYL)METHYL-5-PHENYLSULFONYL-2-ISOXAZOLINE,0.0,0.036311686,0.0,True
1421,17-01,0.0,0.040432487,0.0,True
3418,4-acetoxy DPT,0.0,0.03484031,0.0,True
798,sts-135,0.0,0.036882676,0.0,True
1271,5-fluoro-thj,1.0,0.95292246,1.0,True
680,5-chloro-amb-pica,0.0,0.037035443,0.0,True
2238,meta-Methylfentanyl,1.0,0.9483244,1.0,True
1721,"2,6,10,15,19,23-PENTAMETHYL-2,6,18,22-TETRACOSATETRAEN-10,15-DIOL",1.0,0.9579952,1.0,True
667,5-fluoro-mdmb-pica-d5,1.0,0.95342827,1.0,True
7,jwh-184,0.0,0.042500697,0.0,True
1098,jwh-081-6-methoxynaphthyl-isomer,1.0,0.95790195,1.0,True
451,32-09,1.0,0.9582074,1.0,True
2181,Vinpocetine,0.0,0.035682153,0.0,True
1667,"2,4-DIBENZYL-1H-(1,3,5)TRIAZINO(1,2-A)QUINOLINE-1,3,6(2H,4H)-TRIONE",0.0,0.036666945,0.0,True
1517,"3alpha,12beta-Dihydroxy-5alpha-cholan-24-oic acid Methyl ester",0.0,0.04001576,0.0,True
1091,jwh-122-6-methylnaphthyl-isomer,0.0,0.036334425,0.0,True
1448,Podophyllotoxin,1.0,0.95817417,1.0,True
2594,4'-hydroxy Nitazene,1.0,0.9585424,1.0,True
2487,Phenazolam,0.0,0.049846042,0.0,True
2308,meta-Fluoroacetyl fentanyl,1.0,0.95811707,1.0,True
1905,"2-(2-HYDROXYPHENYL)-4-PHENYL-5,6-DIHYDROBENZO(H)QUINAZOLINE",0.0,0.03537452,0.0,True
2434,meta-fluoro Valeryl fentanyl,1.0,0.9575281,1.0,True
1537,"p,p'-DDT",0.0,0.037055183,0.0,True
1929,"N-ISOBUTYL 9-(PARA-PHENOXYPHENYL)-2,4-NONADIENAMIDE",1.0,0.9578256,1.0,True
624,4-cyano-cumyl-butinaca,0.0,0.035528652,0.0,True
1241,5-chloro-ur-144,1.0,0.04327656,0.0,False
1528,3beta-Hydroxy-5alpha-cholan-24-oic acid Methyl ester,0.0,0.035226114,0.0,True
1105,jwh-073-4-methylnaphthyl-analog,1.0,0.95762587,1.0,True
2295,ortho-Methyl Acrylfentanyl,1.0,0.95744,1.0,True
2602,"4'-fluoro, para-fluoro (.+/-.)-trans-3-methyl Fentanyl",0.0,0.035358492,0.0,True
2193,Meclizine,0.0,0.037067194,0.0,True
2162,N-ACETYL-ALANYL-VALYL-LEUCYL-ALANINE METHYL ESTER,0.0,0.039992724,0.0,True
2784,Nandrolone Decanoate,0.0,0.03660125,0.0,True
1244,pb-22-indazole-ethylester-analogue,0.0,0.036576927,0.0,True
2324,Docosapentaenoic Acid methyl ester,0.0,0.036689136,0.0,True
3221,Cannabihexol,0.0,0.03574926,0.0,True
2533,D9-THCB Acetate,0.0,0.03584795,0.0,True
753,jwh-210-7-ethylnaphthyl-isomer,1.0,0.9497313,1.0,True
1616,5-DEUTERIO-6-HYDRO-7-(HYDROXYDIMETHYLSILYL)-3-(PENTAMETHYLDISILANYL)-6-(TRIMETHYLSILYL)NAPHTHALENE,1.0,0.95755225,1.0,True
1349,5-fluoro-adb-5-primebr-pinaca,0.0,0.036055766,0.0,True
2442,9(S)-Hexahydrocannabiphorol acetate,0.0,0.036167666,0.0,True
3042,Desmethylsertraline,0.0,0.03562518,0.0,True
2614,(.+/-.)-trans-3-methyl Fentanyl,0.0,0.03640575,0.0,True
866,jwh-018-8-quinolinyl-carboxamide,1.0,0.95806324,1.0,True
814,xlr11-n-4-fluoropentyl-isomer,1.0,0.9467043,1.0,True
1872,TRIFLUOPERAZINE,1.0,0.9358044,1.0,True
3344,"3,4-MDPA",0.0,0.03517814,0.0,True
491,36-09,0.0,0.035592176,0.0,True
835,jwh-145-2-phenyl-isomer,1.0,0.9582149,1.0,True
907,5-fluoro-pb-22-6-hydroxyisoquinoline-isomer,1.0,0.9550564,1.0,True
582,45-10,1.0,0.9576952,1.0,True
2016,CHOLESTEROL,1.0,0.9274869,1.0,True
133,CB-25,0.0,0.036318265,0.0,True
3112,Ethylestrenol,1.0,0.036646605,0.0,False
2992,N-Desmethylflunitrazepam-d4,0.0,0.036864776,0.0,True
2519,meta-methyl Methoxyacetyl fentanyl,1.0,0.23743492,0.0,False
2345,4'-methyl Fentanyl,1.0,0.95702493,1.0,True
272,12-10,0.0,0.0351124,0.0,True
3104,Trestolone Acetate,1.0,0.9579922,1.0,True
2546,.beta.-Hydroxythiofentanyl,1.0,0.9579952,1.0,True
1694,7ALPHA-ACETOXYSARCOPHYTOLIDE,1.0,0.95484084,1.0,True
750,jwh-210-6-ethylnaphthyl-isomer,1.0,0.9540058,1.0,True
251,10-09,0.0,0.035864625,0.0,True
2666,Furanylfentanyl,0.0,0.035865657,0.0,True
2009,2-(2-TRIMETHYLSILYLOXYETHOXY)-4-QUINOLINECARBOXYLIC ACID TRIMETHYLSILYL ESTER,0.0,0.038440373,0.0,True
1368,Cannabihexol,0.0,0.035293177,0.0,True
816,rcs-4-m9-metabolite,0.0,0.03558513,0.0,True
1579,"1,4-BIS(METHLPHENYLSILYL)NAPHTHALENE",1.0,0.95819235,1.0,True
843,5-fluoro-pb-22,0.0,0.035217397,0.0,True
2093,FLUPHENAZINE,1.0,0.9570363,1.0,True
851,jwh-203-n-4-hydroxypentyl-metabolite,1.0,0.95175457,1.0,True
1257,5-fluoro-pb-22-7-hydroxyquinoline-isomer,0.0,0.036483508,0.0,True
896,ab-pinaca-n-2-fluoropentyl-isomer,0.0,0.037112433,0.0,True
3002,4'-hydroxy Desnitazene,0.0,0.04296049,0.0,True
572,44-10,1.0,0.9577226,1.0,True
2363,FIBF,0.0,0.037719905,0.0,True
531,40-09,0.0,0.035270814,0.0,True
1201,jwh-176,0.0,0.035939217,0.0,True
3374,5-Methoxy-methylone,1.0,0.95866233,1.0,True
518,39-06,0.0,0.03756546,0.0,True
2340,Codeine TMS Derivative,0.0,0.035882305,0.0,True
1756,SQUALENE,0.0,0.04019037,0.0,True
2635,N-desethyl Etonitazene-d5,1.0,0.958187,1.0,True
2955,Nicardipine,1.0,0.95790863,1.0,True
1684,BETA-SITOSTEROL,0.0,0.035988998,0.0,True
1623,"3,4 DIMETHYL-6-(2-METHYLPHENYL)-6-PHENYL-1,1-BIS(TRIMETHLSILYL)-1-SILACYCLOHEX-3-ENE",0.0,0.035007205,0.0,True
205,06-03,0.0,0.039741714,0.0,True
3419,"3,4-Methylenedioxy-.alpha.-propylaminobutiophenone",1.0,0.0357928,0.0,False
1441,"2,6,10,14,18-Pentamethylicosane",0.0,0.03658412,0.0,True
1258,5-fluoro-pb-22-6-hydroxyquinoline-isomer,1.0,0.95856297,1.0,True
1396,Myclobutanil,0.0,0.035504036,0.0,True
1402,Cannabinol ethyl,0.0,0.04512406,0.0,True
1329,5-fluoro-mdmb-7-paica,0.0,0.036326878,0.0,True
1990,2-BROMOLYSERGIC ACID DIETHYLAMIDE,0.0,0.03471149,0.0,True
1867,TRIFLUOPROMAZINE,1.0,0.9584309,1.0,True
952,"5-fluoro-3,5-adb-pfuppyca",1.0,0.03626465,0.0,False
2827,Testosterone Cypionate,0.0,0.036383934,0.0,True
2344,Valeryl fentanyl,0.0,0.039153215,0.0,True
2995,8a-hydroxy-Delta9-THC,0.0,0.03822038,0.0,True
979,adb-butinaca-d9,0.0,0.03674782,0.0,True
1594,"1,1,2,2-TETRAKIS(TRIMETHYLSILYL)-1,2-DISILACYCLOPENTANE",0.0,0.0407327,0.0,True
1447,Sinigrin,0.0,0.036994435,0.0,True
1232,4-fluoro-ur-144,0.0,0.03903304,0.0,True
1481,"3alpha,7beta,12beta-Trihydroxy-5beta-cholan-24-oic acid Methyl ester",0.0,0.03521578,0.0,True
2501,Senecioylfentanyl,0.0,0.038062107,0.0,True
2775,DOB HFBA Derivative,1.0,0.9546155,1.0,True
1619,PHENYL(1-PHENYLETHYL)BIS(TRIMETHYLSILYL)SILANE,0.0,0.036612585,0.0,True
2523,N-desethyl Protonitazene,1.0,0.60535413,1.0,True
1185,jwh-018-n-2-hydroxypentyl-metabolite,1.0,0.035995457,0.0,False
1371,Cannabidivarin diacetate,0.0,0.036777362,0.0,True
828,.+/-.-jwh-018-n-2-hydroxypenyl-metabolite,1.0,0.24641241,0.0,False
279,13-07,1.0,0.9579664,1.0,True
1630,"(8S,9S,10R,11S,13S,14S,17R)-11,17-dihydroxy-17-(2-hydroxyacetyl)-10,13-dimethyl-2,6,7,8,9,11,12,14,15,16-decahydro-1H-cyclopenta[a]phenanthren-3-one",0.0,0.03761212,0.0,True
2604,Thiethylperazine,0.0,0.03684343,0.0,True
1272,5-fluoro-sdb-006,1.0,0.9582012,1.0,True
900,5-fluoro-pb-22-3-hydroxyquinoline-isomer,0.0,0.03711753,0.0,True
394,27-02,1.0,0.9571416,1.0,True
2170,15-TETRACOSENOIC ACID METHYL ESTER,1.0,0.95738363,1.0,True
203,06-01,1.0,0.95832896,1.0,True
1267,jwh-019-n-3-fluorohexyl-isomer,0.0,0.038214073,0.0,True
2590,MT-45-d11,0.0,0.037201945,0.0,True
2958,2-fluoro QMPSB,1.0,0.95806015,1.0,True
878,fub-144,0.0,0.035733726,0.0,True
1234,jwh-307,1.0,0.95752823,1.0,True
2030,PROPYLENE GLYCOL DILAURATE,1.0,0.9577416,1.0,True
779,4-Quinolone-3-Carboxamide CB2 Ligand,0.0,0.03590477,0.0,True
2392,ortho-methyl Acrylfentanyl,0.0,0.04050352,0.0,True
2978,Pentafluoro furanyl fentanyl isomer 1,1.0,0.9558335,1.0,True
3372,5-Methoxy-.alpha.-Ethyltryptamine,0.0,0.037093304,0.0,True
262,11-10,0.0,0.03602922,0.0,True
1682,"BIS(3,3-DIMETHOXY-4,7-DIOXO-1,5-CYCLOHEPTADIENYL)METHANE",0.0,0.05381983,0.0,True
975,mdmb-fubica,0.0,0.035174496,0.0,True
2865,"2,3-Benzodioxole fentanyl",0.0,0.03648224,0.0,True
2204,Phentermine HFBA Derivative,0.0,0.03559406,0.0,True
914,adb-pinaca-isomer-4,1.0,0.94749683,1.0,True
2032,DIBUTOXYETHYL SEBACATE,0.0,0.03547614,0.0,True
908,5-fluoro-pb-22-7-hydroxyisoquinoline-isomer,0.0,0.036875937,0.0,True
2468,Furanyl fentanyl 3-furancarboxamide isomer,1.0,0.84663886,1.0,True
2208,para-Fluoro Valeryl fentanyl,1.0,0.95862705,1.0,True
2709,4-Methylethcathinone HFBA Derivative,1.0,0.9412646,1.0,True
996,4-fluoro-edmb-butinaca,0.0,0.041043915,0.0,True
1887,"10-ISOPROPYL-3,3-DIMETHYL-11-PHENYL-2,3,4,5,10,11-HEXAHYDRO-1H-DIBENZO(B,E)(1,4)-DIAZEPIN-1-ONE",0.0,0.03596592,0.0,True
2558,.alpha.'-methyl Butyryl fentanyl,0.0,0.036702503,0.0,True
2662,para-Chloroacetyl fentanyl,0.0,0.038391307,0.0,True
2732,Etonitazene,0.0,0.035680987,0.0,True
827,.+/-.-jwh-018-n-3-hydroxypentyl-metabolite,0.0,0.035312276,0.0,True
1298,5-chloro-thj-018,0.0,0.035557058,0.0,True
778,NAPIE,0.0,0.035390817,0.0,True
3216,"5.alpha.-Androstan-3,17-dione",1.0,0.9241516,1.0,True
2688,[2-propen-2-yl]-D9-THC,0.0,0.10352705,0.0,True
1757,DESMOSTEROL,1.0,0.95816225,1.0,True
3153,2-hydroxyethylflurazepam,1.0,0.9454902,1.0,True
1702,"2-ACETOXY-4-BENZOYL-2,6-DIPHENYL-2H-PYRAN",0.0,0.034855604,0.0,True
3276,N-butylbenzylamine,1.0,0.45695573,0.0,False
